Date,close
2008-01-02,5.827591896057129
2008-01-03,5.830282688140869
2008-01-04,5.385228633880615
2008-01-07,5.313148498535156
2008-01-08,5.1220221519470215
2008-01-09,5.365787029266357
2008-01-10,5.324512004852295
2008-01-11,5.165092945098877
2008-01-14,5.347245693206787
2008-01-15,5.055924415588379
2008-01-16,4.774775505065918
2008-01-17,4.812161445617676
2008-01-18,4.826217174530029
2008-01-22,4.655134201049805
2008-01-23,4.159532070159912
2008-01-24,4.055746078491211
2008-01-25,3.8885509967803955
2008-01-28,3.8885509967803955
2008-01-29,3.9343132972717285
2008-01-30,3.9534554481506348
2008-01-31,4.048567295074463
2008-02-01,4.000412464141846
2008-02-04,3.9376041889190674
2008-02-05,3.8691112995147705
2008-02-06,3.648974895477295
2008-02-07,3.62624454498291
2008-02-08,3.7530598640441895
2008-02-11,3.8718018531799316
2008-02-12,3.7345166206359863
2008-02-13,3.8703067302703857
2008-02-14,3.8122801780700684
2008-02-15,3.72763729095459
2008-02-19,3.65435791015625
2008-02-20,3.7034106254577637
2008-02-21,3.6352155208587646
2008-02-22,3.573004722595215
2008-02-25,3.5813801288604736
2008-02-26,3.563732147216797
2008-02-27,3.6776883602142334
2008-02-28,3.8855602741241455
2008-02-29,3.7393016815185547
2008-03-03,3.640899181365967
2008-03-04,3.727339744567871
2008-03-05,3.7234504222869873
2008-03-06,3.6169724464416504
2008-03-07,3.65645170211792
2008-03-10,3.5798826217651367
2008-03-11,3.8089911937713623
2008-03-12,3.769510507583618
2008-03-13,3.8266372680664062
2008-03-14,3.7868592739105225
2008-03-17,3.7904465198516846
2008-03-18,3.9725964069366455
2008-03-19,3.8783810138702393
2008-03-20,3.9860575199127197
2008-03-24,4.173291206359863
2008-03-25,4.216660976409912
2008-03-26,4.33868932723999
2008-03-27,4.194827079772949
2008-03-28,4.2773756980896
2008-03-31,4.292032718658447
2008-04-01,4.472385883331299
2008-04-02,4.411371231079102
2008-04-03,4.534599304199219
2008-04-04,4.57856559753418
2008-04-07,4.662613868713379
2008-04-08,4.571386814117432
2008-04-09,4.529513359069824
2008-04-10,4.622530937194824
2008-04-11,4.40090274810791
2008-04-14,4.420045375823975
2008-04-15,4.437990665435791
2008-04-16,4.597110748291016
2008-04-17,4.620738506317139
2008-04-18,4.816649436950684
2008-04-21,5.029602527618408
2008-04-22,4.791522026062012
2008-04-23,4.871980667114258
2008-04-24,5.052931785583496
2008-04-25,5.076560020446777
2008-04-28,5.151635646820068
2008-04-29,5.23568058013916
2008-04-30,5.202779293060303
2008-05-01,5.383733749389648
2008-05-02,5.4118475914001465
2008-05-05,5.525205135345459
2008-05-06,5.582931995391846
2008-05-07,5.461198806762695
2008-05-08,5.53507661819458
2008-05-09,5.4869208335876465
2008-05-12,5.6277971267700195
2008-05-13,5.681633949279785
2008-05-14,5.570967674255371
2008-05-15,5.6747541427612305
2008-05-16,5.611643314361572
2008-05-19,5.491408348083496
2008-05-20,5.5602006912231445
2008-05-21,5.3295979499816895
2008-05-22,5.295499324798584
2008-05-23,5.418727874755859
2008-05-27,5.576053619384766
2008-05-28,5.593400001525879
2008-05-29,5.583829402923584
2008-05-30,5.645442962646484
2008-06-02,5.566183090209961
2008-06-03,5.544347763061523
2008-06-04,5.538963317871094
2008-06-05,5.6657819747924805
2008-06-06,5.552423477172852
2008-06-09,5.431888103485107
2008-06-10,5.552423477172852
2008-06-11,5.407959461212158
2008-06-12,5.1821417808532715
2008-06-13,5.155522346496582
2008-06-16,5.289217948913574
2008-06-17,5.426504611968994
2008-06-18,5.3463454246521
2008-06-19,5.410650730133057
2008-06-20,5.2422614097595215
2008-06-23,5.179152011871338
2008-06-24,5.181844711303711
2008-06-25,5.305668830871582
2008-06-26,5.032595157623291
2008-06-27,5.087329864501953
2008-06-30,5.0080695152282715
2008-07-01,5.22461462020874
2008-07-02,5.030202388763428
2008-07-03,5.088226795196533
2008-07-07,5.238971710205078
2008-07-08,5.370272636413574
2008-07-09,5.211753845214844
2008-07-10,5.2829389572143555
2008-07-11,5.161803722381592
2008-07-14,5.200686454772949
2008-07-15,5.073869228363037
2008-07-16,5.168683052062988
2008-07-17,5.13877534866333
2008-07-18,4.939575672149658
2008-07-21,4.973671913146973
2008-07-22,4.845959663391113
2008-07-23,4.972775936126709
2008-07-24,4.756529808044434
2008-07-25,4.848949432373047
2008-07-28,4.618046283721924
2008-07-29,4.698202133178711
2008-07-30,4.781952381134033
2008-07-31,4.754136562347412
2008-08-01,4.685642719268799
2008-08-04,4.583052158355713
2008-08-05,4.804684162139893
2008-08-06,4.910863876342773
2008-08-07,4.892317771911621
2008-08-08,5.071178913116455
2008-08-11,5.191115856170654
2008-08-12,5.285931587219238
2008-08-13,5.362794399261475
2008-08-14,5.363394260406494
2008-08-15,5.256319522857666
2008-08-18,5.245850563049316
2008-08-19,5.190217018127441
2008-08-20,5.259309768676758
2008-08-21,5.212950229644775
2008-08-22,5.287724018096924
2008-08-25,5.160906791687012
2008-08-26,5.193509578704834
2008-08-27,5.2243146896362305
2008-08-28,5.196497917175293
2008-08-29,5.070580005645752
2008-09-02,4.970682144165039
2008-09-03,4.993712425231934
2008-09-04,4.822030544281006
2008-09-05,4.790923595428467
2008-09-08,4.723329544067383
2008-09-09,4.536694049835205
2008-09-10,4.534599304199219
2008-09-11,4.565707683563232
2008-09-12,4.45474100112915
2008-09-15,4.198116779327393
2008-09-16,4.183760643005371
2008-09-17,3.823345899581909
2008-09-18,4.010581970214844
2008-09-19,4.214566230773926
2008-09-22,3.9196572303771973
2008-09-23,3.7937371730804443
2008-09-24,3.8496694564819336
2008-09-25,3.9459776878356934
2008-09-26,3.8356106281280518
2008-09-29,3.1482882499694824
2008-09-30,3.399528741836548
2008-10-01,3.2637391090393066
2008-10-02,2.9939541816711426
2008-10-03,2.903326988220215
2008-10-06,2.9353315830230713
2008-10-07,2.666743278503418
2008-10-08,2.6855859756469727
2008-10-09,2.6541805267333984
2008-10-10,2.8952527046203613
2008-10-13,3.2978358268737793
2008-10-14,3.11299467086792
2008-10-15,2.92964768409729
2008-10-16,3.047492742538452
2008-10-17,2.9131977558135986
2008-10-20,2.944304943084717
2008-10-21,2.7364320755004883
2008-10-22,2.897345542907715
2008-10-23,2.938023090362549
2008-10-24,2.8826904296875
2008-10-27,2.754378080368042
2008-10-28,2.9882705211639404
2008-10-29,3.127052068710327
2008-10-30,3.321164846420288
2008-10-31,3.2179770469665527
2008-11-03,3.19913387298584
2008-11-04,3.3196704387664795
2008-11-05,3.0896644592285156
2008-11-06,2.9640450477600098
2008-11-07,2.938321590423584
2008-11-10,2.8677356243133545
2008-11-11,2.834535598754883
2008-11-12,2.69545578956604
2008-11-13,2.884484052658081
2008-11-14,2.699044942855835
2008-11-17,2.636234998703003
2008-11-18,2.6891746520996094
2008-11-19,2.580902099609375
2008-11-20,2.407425880432129
2008-11-21,2.469937562942505
2008-11-24,2.7801003456115723
2008-11-25,2.715794563293457
2008-11-26,2.8414154052734375
2008-11-28,2.77172589302063
2008-12-01,2.659862995147705
2008-12-02,2.7657434940338135
2008-12-03,2.8683342933654785
2008-12-04,2.7340385913848877
2008-12-05,2.8115055561065674
2008-12-08,2.982588529586792
2008-12-09,2.992757797241211
2008-12-10,2.937425136566162
2008-12-11,2.8414154052734375
2008-12-12,2.9392201900482178
2008-12-15,2.833937644958496
2008-12-16,2.854275703430176
2008-12-17,2.666743278503418
2008-12-18,2.6748178005218506
2008-12-19,2.6918671131134033
2008-12-22,2.564452648162842
2008-12-23,2.583594560623169
2008-12-24,2.54351544380188
2008-12-26,2.566544771194458
2008-12-29,2.590472936630249
2008-12-30,2.580902099609375
2008-12-31,2.5527853965759277
2009-01-02,2.714298963546753
2009-01-05,2.828852415084839
2009-01-06,2.782193899154663
2009-01-07,2.7220749855041504
2009-01-08,2.77262282371521
2009-01-09,2.709214210510254
2009-01-12,2.6517879962921143
2009-01-13,2.62337327003479
2009-01-14,2.5521891117095947
2009-01-15,2.4938647747039795
2009-01-16,2.4624593257904053
2009-01-20,2.338932752609253
2009-01-21,2.477414131164551
2009-01-22,2.642815351486206
2009-01-23,2.642815351486206
2009-01-26,2.6811001300811768
2009-01-27,2.713700532913208
2009-01-28,2.817487955093384
2009-01-29,2.781595468521118
2009-01-30,2.6957552433013916
2009-02-02,2.737030267715454
2009-02-03,2.7809977531433105
2009-02-04,2.7980451583862305
2009-02-05,2.885082483291626
2009-02-06,2.982588529586792
2009-02-09,3.0660364627838135
2009-02-10,2.9260592460632324
2009-02-11,2.895850896835327
2009-02-12,2.969129800796509
2009-02-13,2.9658396244049072
2009-02-17,2.8273565769195557
2009-02-18,2.8225724697113037
2009-02-19,2.7110095024108887
2009-02-20,2.7277588844299316
2009-02-23,2.6006429195404053
2009-02-24,2.6993441581726074
2009-02-25,2.726562261581421
2009-02-26,2.667639970779419
2009-02-27,2.671229362487793
2009-03-02,2.6302528381347656
2009-03-03,2.6431140899658203
2009-03-04,2.726860761642456
2009-03-05,2.6571710109710693
2009-03-06,2.5512912273406982
2009-03-09,2.485788583755493
2009-03-10,2.6508901119232178
2009-03-11,2.7720248699188232
2009-03-12,2.8817925453186035
2009-03-13,2.8692307472229004
2009-03-16,2.8539764881134033
2009-03-17,2.9807937145233154
2009-03-18,3.036426544189453
2009-03-19,3.039416790008545
2009-03-20,3.038520336151123
2009-03-23,3.22007155418396
2009-03-24,3.185375690460205
2009-03-25,3.18507719039917
2009-03-26,3.286170482635498
2009-03-27,3.195843458175659
2009-03-30,3.1252567768096924
2009-03-31,3.1441006660461426
2009-04-01,3.250878095626831
2009-04-02,3.371114492416382
2009-04-03,3.4692187309265137
2009-04-06,3.542795181274414
2009-04-07,3.439607620239258
2009-04-08,3.479088544845581
2009-04-09,3.576294183731079
2009-04-13,3.595735549926758
2009-04-14,3.5386078357696533
2009-04-15,3.5185694694519043
2009-04-16,3.6325254440307617
2009-04-17,3.6914477348327637
2009-04-20,3.604109525680542
2009-04-21,3.641794443130493
2009-04-22,3.634320020675659
2009-04-23,3.7506678104400635
2009-04-24,3.7058050632476807
2009-04-27,3.730628252029419
2009-04-28,3.7058050632476807
2009-04-29,3.7428910732269287
2009-04-30,3.7635281085968018
2009-05-01,3.805701494216919
2009-05-04,3.950164318084717
2009-05-05,3.9693078994750977
2009-05-06,3.963027238845825
2009-05-07,3.8601365089416504
2009-05-08,3.864025592803955
2009-05-11,3.875389575958252
2009-05-12,3.7213549613952637
2009-05-13,3.5739023685455322
2009-05-14,3.677387237548828
2009-05-15,3.661536931991577
2009-05-18,3.788055181503296
2009-05-19,3.8119821548461914
2009-05-20,3.7647249698638916
2009-05-21,3.7141780853271484
2009-05-22,3.6639297008514404
2009-05-26,3.91158127784729
2009-05-27,3.9794771671295166
2009-05-28,4.039894104003906
2009-05-29,4.062027454376221
2009-06-01,4.16790771484375
2009-06-02,4.172094345092773
2009-06-03,4.215762615203857
2009-06-04,4.2992095947265625
2009-06-05,4.327025890350342
2009-06-08,4.302498817443848
2009-06-09,4.268702030181885
2009-06-10,4.194827079772949
2009-06-11,4.185851573944092
2009-06-12,4.096721649169922
2009-06-15,4.070401668548584
2009-06-16,4.078178405761719
2009-06-17,4.055148601531982
2009-06-18,4.064119338989258
2009-06-19,4.171793460845947
2009-06-22,4.108686447143555
2009-06-23,4.008190155029297
2009-06-24,4.074289798736572
2009-06-25,4.18316125869751
2009-06-26,4.260327339172363
2009-06-29,4.246269226074219
2009-06-30,4.26002836227417
2009-07-01,4.27199125289917
2009-07-02,4.187945365905762
2009-07-06,4.1457719802856445
2009-07-07,4.0497636795043945
2009-07-08,4.104198455810547
2009-07-09,4.0784783363342285
2009-07-10,4.143082141876221
2009-07-13,4.257336616516113
2009-07-14,4.255244255065918
2009-07-15,4.393126964569092
2009-07-16,4.412268161773682
2009-07-17,4.538785934448242
2009-07-20,4.573481559753418
2009-07-21,4.531607151031494
2009-07-22,4.68803596496582
2009-07-23,4.720338344573975
2009-07-24,4.785242080688477
2009-07-27,4.788532257080078
2009-07-28,4.785541534423828
2009-07-29,4.78643798828125
2009-07-30,4.868988037109375
2009-07-31,4.886934280395508
2009-08-03,4.9778594970703125
2009-08-04,4.951539993286133
2009-08-05,4.938380241394043
2009-08-06,4.902487754821777
2009-08-07,4.950342655181885
2009-08-10,4.926715850830078
2009-08-11,4.870185852050781
2009-08-12,4.944363117218018
2009-08-13,5.037380695343018
2009-08-14,4.988327980041504
2009-08-17,4.77327823638916
2009-08-18,4.905178546905518
2009-08-19,4.923126220703125
2009-08-20,4.9748687744140625
2009-08-21,5.061306953430176
2009-08-24,5.056521892547607
2009-08-25,5.0666913986206055
2009-08-26,5.007171630859375
2009-08-27,5.068188190460205
2009-08-28,5.08613395690918
2009-08-31,5.03109884262085
2009-09-01,4.944062232971191
2009-09-02,4.9404730796813965
2009-09-03,4.981449604034424
2009-09-04,5.093909740447998
2009-09-08,5.172272682189941
2009-09-09,5.118733882904053
2009-09-10,5.161206245422363
2009-09-11,5.149240016937256
2009-09-14,5.195901393890381
2009-09-15,5.238971710205078
2009-09-16,5.439663410186768
2009-09-17,5.5198211669921875
2009-09-18,5.53387975692749
2009-09-21,5.503971576690674
2009-09-22,5.517728328704834
2009-09-23,5.548236846923828
2009-09-24,5.497989177703857
2009-09-25,5.454620361328125
2009-09-28,5.567676067352295
2009-09-29,5.544647216796875
2009-09-30,5.543749809265137
2009-10-01,5.409454822540283
2009-10-02,5.530290126800537
2009-10-05,5.5637898445129395
2009-10-06,5.683130264282227
2009-10-07,5.690307140350342
2009-10-08,5.660995960235596
2009-10-09,5.696885585784912
2009-10-12,5.707057476043701
2009-10-13,5.683431625366211
2009-10-14,5.721414089202881
2009-10-15,5.699577808380127
2009-10-16,5.62450647354126
2009-10-19,5.6786417961120605
2009-10-20,5.944838047027588
2009-10-21,6.129080772399902
2009-10-22,6.137456893920898
2009-10-23,6.099769592285156
2009-10-26,6.056103706359863
2009-10-27,5.90326452255249
2009-10-28,5.754611968994141
2009-10-29,5.872757434844971
2009-10-30,5.637966156005859
2009-11-02,5.662193775177002
2009-11-03,5.645442962646484
2009-11-04,5.707057476043701
2009-11-05,5.803365230560303
2009-11-06,5.812638282775879
2009-11-09,6.025593280792236
2009-11-10,6.071056842803955
2009-11-11,6.079133987426758
2009-11-12,6.041445732116699
2009-11-13,6.115023136138916
2009-11-16,6.180226802825928
2009-11-17,6.191294193267822
2009-11-18,6.160186290740967
2009-11-19,5.997178077697754
2009-11-20,5.9795331954956055
2009-11-23,6.157795429229736
2009-11-24,6.114724159240723
2009-11-25,6.1072468757629395
2009-11-27,5.999574661254883
2009-11-30,5.97923469543457
2009-12-01,5.891300678253174
2009-12-02,5.869166374206543
2009-12-03,5.876644134521484
2009-12-04,5.782127857208252
2009-12-07,5.651423454284668
2009-12-08,5.678939342498779
2009-12-09,5.916126251220703
2009-12-10,5.875147819519043
2009-12-11,5.822507858276367
2009-12-14,5.891599655151367
2009-12-15,5.807553291320801
2009-12-16,5.833273410797119
2009-12-17,5.738461971282959
2009-12-18,5.845237731933594
2009-12-21,5.9289870262146
2009-12-22,5.992692470550537
2009-12-23,6.044737339019775
2009-12-24,6.252308368682861
2009-12-28,6.32917594909668
2009-12-29,6.254103183746338
2009-12-30,6.33007287979126
2009-12-31,6.302857398986816
2010-01-04,6.400959491729736
2010-01-05,6.412026882171631
2010-01-06,6.310036659240723
2010-01-07,6.298372268676758
2010-01-08,6.340244293212891
2010-01-11,6.284312725067139
2010-01-12,6.212827682495117
2010-01-13,6.3004631996154785
2010-01-14,6.263974189758301
2010-01-15,6.159290790557861
2010-01-19,6.431766986846924
2010-01-20,6.332766056060791
2010-01-21,6.223295211791992
2010-01-22,5.914629936218262
2010-01-25,6.073748588562012
2010-01-26,6.159588813781738
2010-01-27,6.217614650726318
2010-01-28,5.960689544677734
2010-01-29,5.744444847106934
2010-02-01,5.824301719665527
2010-02-02,5.858102321624756
2010-02-03,5.958895206451416
2010-02-04,5.744144916534424
2010-02-05,5.846136093139648
2010-02-08,5.806057929992676
2010-02-09,5.867969989776611
2010-02-10,5.835968017578125
2010-02-11,5.942146301269531
2010-02-12,5.993291854858398
2010-02-16,6.083619594573975
2010-02-17,6.058197498321533
2010-02-18,6.069561958312988
2010-02-19,6.0318756103515625
2010-02-22,5.994488716125488
2010-02-23,5.893990993499756
2010-02-24,6.001667499542236
2010-02-25,6.041745185852051
2010-02-26,6.1201090812683105
2010-03-01,6.250812530517578
2010-03-02,6.246627330780029
2010-03-03,6.260982513427734
2010-03-04,6.302258014678955
2010-03-05,6.548712730407715
2010-03-08,6.552600860595703
2010-03-09,6.670445919036865
2010-03-10,6.724881172180176
2010-03-11,6.744621276855469
2010-03-12,6.777522087097168
2010-03-15,6.694972038269043
2010-03-16,6.713216781616211
2010-03-17,6.703345775604248
2010-03-18,6.719197750091553
2010-03-19,6.647416114807129
2010-03-22,6.72219181060791
2010-03-23,6.830163478851318
2010-03-24,6.86037015914917
2010-03-25,6.779017925262451
2010-03-26,6.906133651733398
2010-03-29,6.950698375701904
2010-03-30,7.054184913635254
2010-03-31,7.028763771057129
2010-04-01,7.057775020599365
2010-04-05,7.133147716522217
2010-04-06,7.164553165435791
2010-04-07,7.196259021759033
2010-04-08,7.17681884765625
2010-04-09,7.231853008270264
2010-04-12,7.246805191040039
2010-04-13,7.25098991394043
2010-04-14,7.348499774932861
2010-04-15,7.44510555267334
2010-04-16,7.399643421173096
2010-04-19,7.389771461486816
2010-04-20,7.31559419631958
2010-04-21,7.753178119659424
2010-04-22,7.970019817352295
2010-04-23,8.10042667388916
2010-04-26,8.060646057128906
2010-04-27,7.837519645690918
2010-04-28,7.824359893798828
2010-04-29,8.034923553466797
2010-04-30,7.80910587310791
2010-05-03,7.966431140899658
2010-05-04,7.737023830413818
2010-05-05,7.6565656661987305
2010-05-06,7.365248680114746
2010-05-07,7.054484844207764
2010-05-10,7.596744060516357
2010-05-11,7.67241907119751
2010-05-12,7.839015960693359
2010-05-13,7.72745418548584
2010-05-14,7.591660499572754
2010-05-17,7.603625774383545
2010-05-18,7.5479960441589355
2010-05-19,7.427758693695068
2010-05-20,7.111313819885254
2010-05-21,7.247704982757568
2010-05-24,7.380497932434082
2010-05-25,7.3344407081604
2010-05-26,7.30124044418335
2010-05-27,7.577605247497559
2010-05-28,7.683185577392578
2010-06-01,7.801329612731934
2010-06-02,7.894647121429443
2010-06-03,7.869824409484863
2010-06-04,7.655669689178467
2010-06-07,7.505521774291992
2010-06-08,7.457370281219482
2010-06-09,7.274020671844482
2010-06-10,7.4926652908325195
2010-06-11,7.582391738891602
2010-06-14,7.60542106628418
2010-06-15,7.767231464385986
2010-06-16,7.993347644805908
2010-06-17,8.131531715393066
2010-06-18,8.197331428527832
2010-06-21,8.08068561553955
2010-06-22,8.190752983093262
2010-06-23,8.104610443115234
2010-06-24,8.045692443847656
2010-06-25,7.97689962387085
2010-06-28,8.024757385253906
2010-06-29,7.66195011138916
2010-06-30,7.5231709480285645
2010-07-01,7.431948661804199
2010-07-02,7.385884761810303
2010-07-06,7.436432361602783
2010-07-07,7.736721515655518
2010-07-08,7.719374179840088
2010-07-09,7.765140533447266
2010-07-12,7.695449352264404
2010-07-13,7.531247138977051
2010-07-14,7.559060573577881
2010-07-15,7.520774841308594
2010-07-16,7.474417209625244
2010-07-19,7.345204830169678
2010-07-20,7.533938884735107
2010-07-21,7.6042256355285645
2010-07-22,7.747192859649658
2010-07-23,7.7747087478637695
2010-07-26,7.754968166351318
2010-07-27,7.898533821105957
2010-07-28,7.8052144050598145
2010-07-29,7.719974994659424
2010-07-30,7.694252967834473
2010-08-02,7.831836700439453
2010-08-03,7.834229469299316
2010-08-04,7.865631580352783
2010-08-05,7.827352046966553
2010-08-06,7.779195308685303
2010-08-09,7.828840732574463
2010-08-10,7.758861064910889
2010-08-11,7.483090400695801
2010-08-12,7.530946254730225
2010-08-13,7.450488567352295
2010-08-16,7.406821250915527
2010-08-17,7.536329746246338
2010-08-18,7.569230556488037
2010-08-19,7.473819732666016
2010-08-20,7.466639041900635
2010-08-23,7.3517866134643555
2010-08-24,7.1762189865112305
2010-08-25,7.264747619628906
2010-08-26,7.18668794631958
2010-08-27,7.226766109466553
2010-08-30,7.253082275390625
2010-08-31,7.271031379699707
2010-09-01,7.487278938293457
2010-09-02,7.542311191558838
2010-09-03,7.739714622497559
2010-09-07,7.711001873016357
2010-09-08,7.8638410568237305
2010-09-09,7.868326187133789
2010-09-10,7.878495693206787
2010-09-13,7.987067699432373
2010-09-14,8.01757526397705
2010-09-15,8.08218002319336
2010-09-16,8.272104263305664
2010-09-17,8.236214637756348
2010-09-20,8.47130298614502
2010-09-21,8.48745059967041
2010-09-22,8.606493949890137
2010-09-23,8.641489028930664
2010-09-24,8.743183135986328
2010-09-27,8.708486557006836
2010-09-28,8.579878807067871
2010-09-29,8.595132827758789
2010-09-30,8.486859321594238
2010-10-01,8.45007038116455
2010-10-04,8.334016799926758
2010-10-05,8.64208984375
2010-10-06,8.649565696716309
2010-10-07,8.650463104248047
2010-10-08,8.795524597167969
2010-10-11,8.83410930633545
2010-10-12,8.92922306060791
2010-10-13,8.977076530456543
2010-10-14,9.041980743408203
2010-10-15,9.413755416870117
2010-10-18,9.511262893676758
2010-10-19,9.256735801696777
2010-10-20,9.287839889526367
2010-10-21,9.257630348205566
2010-10-22,9.196311950683594
2010-10-25,9.237290382385254
2010-10-26,9.213658332824707
2010-10-27,9.207084655761719
2010-10-28,9.129617691040039
2010-10-29,9.002199172973633
2010-11-01,9.09791374206543
2010-11-02,9.252840042114258
2010-11-03,9.355731010437012
2010-11-04,9.519336700439453
2010-11-05,9.48523998260498
2010-11-08,9.529804229736328
2010-11-09,9.45383358001709
2010-11-10,9.512160301208496
2010-11-11,9.470890045166016
2010-11-12,9.213062286376953
2010-11-15,9.183453559875488
2010-11-16,9.020444869995117
2010-11-17,8.987842559814453
2010-11-18,9.225027084350586
2010-11-19,9.174179077148438
2010-11-22,9.372481346130371
2010-11-23,9.234001159667969
2010-11-24,9.41555118560791
2010-11-26,9.421528816223145
2010-11-29,9.47746467590332
2010-11-30,9.306380271911621
2010-12-01,9.463403701782227
2010-12-02,9.515748977661133
2010-12-03,9.494514465332031
2010-12-06,9.575568199157715
2010-12-07,9.51754379272461
2010-12-08,9.601290702819824
2010-12-09,9.563904762268066
2010-12-10,9.58782958984375
2010-12-13,9.621027946472168
2010-12-14,9.579755783081055
2010-12-15,9.58184814453125
2010-12-16,9.60846996307373
2010-12-17,9.589327812194824
2010-12-20,9.637185096740723
2010-12-21,9.69670295715332
2010-12-22,9.725414276123047
2010-12-23,9.678755760192871
2010-12-27,9.711057662963867
2010-12-28,9.734687805175781
2010-12-29,9.729305267333984
2010-12-30,9.680550575256348
2010-12-31,9.647651672363281
2011-01-03,9.857316970825195
2011-01-04,9.90876579284668
2011-01-05,9.989816665649414
2011-01-06,9.981740951538086
2011-01-07,10.05322551727295
2011-01-10,10.2425537109375
2011-01-11,10.218324661254883
2011-01-12,10.301475524902344
2011-01-13,10.339158058166504
2011-01-14,10.422911643981934
2011-01-18,10.188718795776367
2011-01-19,10.134578704833984
2011-01-20,9.950338363647461
2011-01-21,9.772073745727539
2011-01-24,10.093005180358887
2011-01-25,10.211142539978027
2011-01-26,10.284424781799316
2011-01-27,10.265284538269043
2011-01-28,10.052627563476562
2011-01-31,10.148935317993164
2011-02-01,10.319719314575195
2011-02-02,10.298480987548828
2011-02-03,10.272162437438965
2011-02-04,10.363689422607422
2011-02-07,10.524603843688965
2011-02-08,10.623902320861816
2011-02-09,10.71243667602539
2011-02-10,10.604162216186523
2011-02-11,10.67325210571289
2011-02-14,10.742941856384277
2011-02-15,10.76447868347168
2011-02-16,10.861087799072266
2011-02-17,10.716620445251465
2011-02-18,10.485122680664062
2011-02-22,10.127696990966797
2011-02-23,10.247637748718262
2011-02-24,10.255417823791504
2011-02-25,10.413339614868164
2011-02-28,10.564379692077637
2011-03-01,10.447733879089355
2011-03-02,10.531774520874023
2011-03-03,10.75430679321289
2011-03-04,10.767468452453613
2011-03-07,10.628684997558594
2011-03-08,10.64064884185791
2011-03-09,10.542247772216797
2011-03-10,10.368772506713867
2011-03-11,10.5278902053833
2011-03-14,10.574849128723145
2011-03-15,10.331685066223145
2011-03-16,9.870477676391602
2011-03-17,10.008956909179688
2011-03-18,9.890217781066895
2011-03-21,10.148336410522461
2011-03-22,10.205163955688477
2011-03-23,10.145045280456543
2011-03-24,10.317926406860352
2011-03-25,10.514429092407227
2011-03-28,10.481528282165527
2011-03-29,10.497084617614746
2011-03-30,10.42739486694336
2011-03-31,10.423806190490723
2011-04-01,10.305660247802734
2011-04-04,10.204867362976074
2011-04-05,10.136075973510742
2011-04-06,10.110649108886719
2011-04-07,10.111848831176758
2011-04-08,10.02152156829834
2011-04-11,9.894107818603516
2011-04-12,9.941964149475098
2011-04-13,10.053524017333984
2011-04-14,9.942561149597168
2011-04-15,9.794205665588379
2011-04-18,9.92551040649414
2011-04-19,10.105270385742188
2011-04-20,10.241357803344727
2011-04-21,10.489306449890137
2011-04-25,10.55839729309082
2011-04-26,10.48093318939209
2011-04-27,10.472856521606445
2011-04-28,10.37116527557373
2011-04-29,10.472257614135742
2011-05-02,10.35710334777832
2011-05-03,10.414531707763672
2011-05-04,10.4555082321167
2011-05-05,10.37116527557373
2011-05-06,10.368474960327148
2011-05-09,10.396585464477539
2011-05-10,10.451919555664062
2011-05-11,10.385522842407227
2011-05-12,10.3657808303833
2011-05-13,10.18422794342041
2011-05-16,9.968880653381348
2011-05-17,10.05382251739502
2011-05-18,10.165386199951172
2011-05-19,10.185124397277832
2011-05-20,10.02630615234375
2011-05-23,10.00178050994873
2011-05-24,9.935677528381348
2011-05-25,10.072966575622559
2011-05-26,10.019726753234863
2011-05-27,10.091808319091797
2011-05-31,10.40346622467041
2011-06-01,10.334073066711426
2011-06-02,10.35172176361084
2011-06-03,10.272162437438965
2011-06-06,10.110649108886719
2011-06-07,9.931194305419922
2011-06-08,9.937173843383789
2011-06-09,9.91474723815918
2011-06-10,9.747547149658203
2011-06-13,9.768486976623535
2011-06-14,9.943155288696289
2011-06-15,9.772972106933594
2011-06-16,9.725414276123047
2011-06-17,9.578859329223633
2011-06-20,9.431105613708496
2011-06-21,9.729598999023438
2011-06-22,9.649145126342773
2011-06-23,9.906970977783203
2011-06-24,9.761008262634277
2011-06-27,9.931194305419922
2011-06-28,10.027501106262207
2011-06-29,9.991012573242188
2011-06-30,10.039763450622559
2011-07-01,10.266780853271484
2011-07-05,10.451319694519043
2011-07-06,10.521012306213379
2011-07-07,10.683720588684082
2011-07-08,10.758794784545898
2011-07-11,10.588010787963867
2011-07-12,10.580533981323242
2011-07-13,10.708246231079102
2011-07-14,10.700769424438477
2011-07-15,10.914623260498047
2011-07-18,11.180218696594238
2011-07-19,11.27144718170166
2011-07-20,11.572038650512695
2011-07-21,11.583698272705078
2011-07-22,11.763456344604492
2011-07-25,11.918988227844238
2011-07-26,12.065842628479004
2011-07-27,11.742220878601074
2011-07-28,11.719191551208496
2011-07-29,11.67911148071289
2011-08-01,11.866646766662598
2011-08-02,11.632155418395996
2011-08-03,11.741623878479004
2011-08-04,11.286998748779297
2011-08-05,11.174835205078125
2011-08-08,10.564379692077637
2011-08-09,11.186502456665039
2011-08-10,10.877829551696777
2011-08-11,11.177227020263672
2011-08-12,11.275630950927734
2011-08-15,11.467653274536133
2011-08-16,11.380017280578613
2011-08-17,11.37881851196289
2011-08-18,10.948419570922852
2011-08-19,10.648725509643555
2011-08-22,10.660987854003906
2011-08-23,11.174238204956055
2011-08-24,11.251404762268066
2011-08-25,11.177827835083008
2011-08-26,11.472735404968262
2011-08-29,11.66385555267334
2011-08-30,11.664454460144043
2011-08-31,11.510124206542969
2011-09-01,11.396464347839355
2011-09-02,11.187697410583496
2011-09-06,11.357879638671875
2011-09-07,11.483205795288086
2011-09-08,11.489484786987305
2011-09-09,11.290290832519531
2011-09-12,11.36386489868164
2011-09-13,11.503841400146484
2011-09-14,11.643816947937012
2011-09-15,11.753288269042969
2011-09-16,11.978809356689453
2011-09-19,12.311698913574219
2011-09-20,12.36613655090332
2011-09-21,12.32695484161377
2011-09-22,12.01828670501709
2011-09-23,12.092461585998535
2011-09-26,12.058666229248047
2011-09-27,11.941720962524414
2011-09-28,11.874425888061523
2011-09-29,11.681807518005371
2011-09-30,11.40514087677002
2011-10-03,11.204146385192871
2011-10-04,11.141338348388672
2011-10-05,11.313318252563477
2011-10-06,11.286998748779297
2011-10-07,11.06058120727539
2011-10-10,11.62916374206543
2011-10-11,11.972527503967285
2011-10-12,12.029354095458984
2011-10-13,12.215991973876953
2011-10-14,12.621861457824707
2011-10-17,12.561741828918457
2011-10-18,12.62904167175293
2011-10-19,11.922579765319824
2011-10-20,11.823576927185059
2011-10-21,11.750595092773438
2011-10-24,12.136432647705078
2011-10-25,11.897153854370117
2011-10-26,11.981796264648438
2011-10-27,12.104127883911133
2011-10-28,12.111902236938477
2011-10-31,12.106822967529297
2011-11-01,11.859468460083008
2011-11-02,11.88638687133789
2011-11-03,12.055675506591797
2011-11-04,11.97103214263916
2011-11-07,11.955774307250977
2011-11-08,12.150187492370605
2011-11-09,11.822676658630371
2011-11-10,11.5217866897583
2011-11-11,11.503841400146484
2011-11-14,11.343527793884277
2011-11-15,11.629762649536133
2011-11-16,11.508329391479492
2011-11-17,11.288192749023438
2011-11-18,11.21431827545166
2011-11-21,11.03695297241211
2011-11-22,11.261276245117188
2011-11-23,10.97653579711914
2011-11-25,10.874244689941406
2011-11-28,11.24960994720459
2011-11-29,11.162275314331055
2011-11-30,11.43145751953125
2011-12-01,11.602842330932617
2011-12-02,11.655782699584961
2011-12-05,11.754781723022461
2011-12-06,11.693166732788086
2011-12-07,11.63753604888916
2011-12-08,11.684496879577637
2011-12-09,11.773028373718262
2011-12-12,11.719791412353516
2011-12-13,11.62916374206543
2011-12-14,11.37134075164795
2011-12-15,11.333953857421875
2011-12-16,11.396166801452637
2011-12-19,11.431763648986816
2011-12-20,11.842716217041016
2011-12-21,11.857671737670898
2011-12-22,11.92048454284668
2011-12-23,12.063450813293457
2011-12-27,12.159164428710938
2011-12-28,12.042813301086426
2011-12-29,12.116989135742188
2011-12-30,12.113405227661133
2012-01-03,12.299737930297852
2012-01-04,12.365839004516602
2012-01-05,12.503122329711914
2012-01-06,12.633829116821289
2012-01-09,12.613788604736328
2012-01-10,12.658950805664062
2012-01-11,12.638315200805664
2012-01-12,12.603620529174805
2012-01-13,12.556360244750977
2012-01-17,12.702618598937988
2012-01-18,12.834525108337402
2012-01-19,12.793844223022461
2012-01-20,12.57101821899414
2012-01-23,12.783675193786621
2012-01-24,12.57430648803711
2012-01-25,13.359435081481934
2012-01-26,13.29871940612793
2012-01-27,13.377981185913086
2012-01-30,13.54936408996582
2012-01-31,13.653148651123047
2012-02-01,13.644472122192383
2012-02-02,13.612468719482422
2012-02-03,13.748856544494629
2012-02-06,13.877168655395508
2012-02-07,14.02253246307373
2012-02-08,14.25732421875
2012-02-09,14.750526428222656
2012-02-10,14.758012771606445
2012-02-13,15.03257942199707
2012-02-14,15.23775863647461
2012-02-15,14.885126113891602
2012-02-16,15.020919799804688
2012-02-17,15.018227577209473
2012-02-21,15.398978233337402
2012-02-22,15.344836235046387
2012-02-23,15.445033073425293
2012-02-24,15.625092506408691
2012-02-27,15.725284576416016
2012-02-28,16.013914108276367
2012-02-29,16.224184036254883
2012-03-01,16.28489875793457
2012-03-02,16.306129455566406
2012-03-05,15.946614265441895
2012-03-06,15.859886169433594
2012-03-07,15.872751235961914
2012-03-08,16.210721969604492
2012-03-09,16.30583953857422
2012-03-12,16.510120391845703
2012-03-13,16.99166488647461
2012-03-14,17.634124755859375
2012-03-15,17.51388168334961
2012-03-16,17.514190673828125
2012-03-19,17.978679656982422
2012-03-20,18.124042510986328
2012-03-21,18.020553588867188
2012-03-22,17.92603874206543
2012-03-23,17.8276309967041
2012-03-26,18.154550552368164
2012-03-27,18.378873825073242
2012-03-28,18.472793579101562
2012-03-29,18.240692138671875
2012-03-30,17.93231773376465
2012-04-02,18.502994537353516
2012-04-03,18.822725296020508
2012-04-04,18.672882080078125
2012-04-05,18.9531307220459
2012-04-09,19.029403686523438
2012-04-10,18.796411514282227
2012-04-11,18.729415893554688
2012-04-12,18.62681770324707
2012-04-13,18.102209091186523
2012-04-16,17.351478576660156
2012-04-17,18.235904693603516
2012-04-18,18.195228576660156
2012-04-19,17.57011604309082
2012-04-20,17.137617111206055
2012-04-23,17.099336624145508
2012-04-24,16.75775909423828
2012-04-25,18.244871139526367
2012-04-26,18.176090240478516
2012-04-27,18.035511016845703
2012-04-30,17.466623306274414
2012-05-01,17.411298751831055
2012-05-02,17.526451110839844
2012-05-03,17.40202522277832
2012-05-04,16.90641975402832
2012-05-07,17.032939910888672
2012-05-08,16.994054794311523
2012-05-09,17.023958206176758
2012-05-10,17.06404685974121
2012-05-11,16.950096130371094
2012-05-14,16.696149826049805
2012-05-15,16.545114517211914
2012-05-16,16.33304786682129
2012-05-17,15.855697631835938
2012-05-18,15.863471984863281
2012-05-21,16.787675857543945
2012-05-22,16.658767700195312
2012-05-23,17.06523895263672
2012-05-24,16.90850830078125
2012-05-25,16.81788444519043
2012-05-29,17.11638832092285
2012-05-30,17.322765350341797
2012-05-31,17.279687881469727
2012-06-01,16.779001235961914
2012-06-04,16.877708435058594
2012-06-05,16.834041595458984
2012-06-06,17.0921573638916
2012-06-07,17.099931716918945
2012-06-08,17.357160568237305
2012-06-11,17.083480834960938
2012-06-12,17.23273277282715
2012-06-13,17.11309814453125
2012-06-14,17.094249725341797
2012-06-15,17.172008514404297
2012-06-18,17.520462036132812
2012-06-19,17.5692195892334
2012-06-20,17.519271850585938
2012-06-21,17.27789878845215
2012-06-22,17.410400390625
2012-06-25,17.0715274810791
2012-06-26,17.109203338623047
2012-06-27,17.18307876586914
2012-06-28,17.02007293701172
2012-06-29,17.46722984313965
2012-07-02,17.72205352783203
2012-07-03,17.928131103515625
2012-07-05,18.243074417114258
2012-07-06,18.121646881103516
2012-07-09,18.361223220825195
2012-07-10,18.191333770751953
2012-07-11,18.078279495239258
2012-07-12,17.912874221801758
2012-07-13,18.09442710876465
2012-07-16,18.152456283569336
2012-07-17,18.15335464477539
2012-07-18,18.133012771606445
2012-07-19,18.374080657958984
2012-07-20,18.074398040771484
2012-07-23,18.060333251953125
2012-07-24,17.97329330444336
2012-07-25,17.197147369384766
2012-07-26,17.194448471069336
2012-07-27,17.501916885375977
2012-07-30,17.797130584716797
2012-07-31,18.267606735229492
2012-08-01,18.149465560913086
2012-08-02,18.178781509399414
2012-08-03,18.415355682373047
2012-08-06,18.620237350463867
2012-08-07,18.571184158325195
2012-08-08,18.53978729248047
2012-08-09,18.6455078125
2012-08-10,18.67465591430664
2012-08-13,18.92397117614746
2012-08-14,18.974735260009766
2012-08-15,18.948898315429688
2012-08-16,19.114408493041992
2012-08-17,19.46796417236328
2012-08-20,19.97981071472168
2012-08-21,19.706764221191406
2012-08-22,20.09154510498047
2012-08-23,19.904109954833984
2012-08-24,19.921829223632812
2012-08-27,20.296112060546875
2012-08-28,20.269672393798828
2012-08-29,20.22972297668457
2012-08-30,19.941360473632812
2012-08-31,19.982511520385742
2012-09-04,20.2747802734375
2012-09-05,20.13239860534668
2012-09-06,20.313825607299805
2012-09-07,20.4390926361084
2012-09-10,19.90742301940918
2012-09-11,19.84283447265625
2012-09-12,20.119184494018555
2012-09-13,20.51538848876953
2012-09-14,20.764699935913086
2012-09-17,21.0200252532959
2012-09-18,21.08400535583496
2012-09-19,21.089706420898438
2012-09-20,20.987579345703125
2012-09-21,21.02933692932129
2012-09-24,20.749982833862305
2012-09-25,20.231830596923828
2012-09-26,19.9807071685791
2012-09-27,20.46552085876465
2012-09-28,20.03838348388672
2012-10-01,19.80678939819336
2012-10-02,19.864456176757812
2012-10-03,20.16904640197754
2012-10-04,20.029367446899414
2012-10-05,19.6025333404541
2012-10-08,19.169387817382812
2012-10-09,19.099693298339844
2012-10-10,19.25168800354004
2012-10-11,18.866899490356445
2012-10-12,18.915254592895508
2012-10-15,19.066951751708984
2012-10-16,19.518423080444336
2012-10-17,19.362825393676758
2012-10-18,19.003280639648438
2012-10-19,18.318405151367188
2012-10-22,19.04502296447754
2012-10-23,18.42413902282715
2012-10-24,18.528371810913086
2012-10-25,18.309385299682617
2012-10-26,18.142974853515625
2012-10-31,17.88224983215332
2012-11-01,17.918893814086914
2012-11-02,17.32594871520996
2012-11-05,17.56084442138672
2012-11-06,17.507680892944336
2012-11-07,16.83778190612793
2012-11-08,16.226736068725586
2012-11-09,16.507671356201172
2012-11-12,16.380027770996094
2012-11-13,16.382150650024414
2012-11-14,16.20048713684082
2012-11-15,15.860713005065918
2012-11-16,15.922872543334961
2012-11-19,17.0710391998291
2012-11-20,16.925596237182617
2012-11-21,16.949434280395508
2012-11-23,17.245149612426758
2012-11-26,17.78921127319336
2012-11-27,17.6458797454834
2012-11-28,17.590362548828125
2012-11-29,17.784086227416992
2012-11-30,17.66097068786621
2012-12-03,17.68842315673828
2012-12-04,17.376413345336914
2012-12-05,16.25812339782715
2012-12-06,16.513107299804688
2012-12-07,16.090938568115234
2012-12-10,15.987449645996094
2012-12-11,16.336576461791992
2012-12-12,16.264453887939453
2012-12-13,15.9835205078125
2012-12-14,15.383036613464355
2012-12-17,15.655821800231934
2012-12-18,16.110563278198242
2012-12-19,15.881534576416016
2012-12-20,15.743332862854004
2012-12-21,15.670904159545898
2012-12-24,15.696255683898926
2012-12-26,15.479896545410156
2012-12-27,15.542057991027832
2012-12-28,15.376996994018555
2012-12-31,16.058359146118164
2013-01-02,16.567108154296875
2013-01-03,16.358003616333008
2013-01-04,15.902359962463379
2013-01-07,15.808808326721191
2013-01-08,15.851356506347656
2013-01-09,15.603620529174805
2013-01-10,15.797037124633789
2013-01-11,15.700183868408203
2013-01-14,15.140425682067871
2013-01-15,14.662757873535156
2013-01-16,15.271384239196777
2013-01-17,15.168493270874023
2013-01-18,15.087620735168457
2013-01-22,15.231554985046387
2013-01-23,15.510376930236816
2013-01-24,13.593953132629395
2013-01-25,13.273490905761719
2013-01-28,13.573731422424316
2013-01-29,13.828408241271973
2013-01-30,13.784955024719238
2013-01-31,13.744519233703613
2013-02-01,13.688095092773438
2013-02-04,13.347113609313965
2013-02-05,13.815434455871582
2013-02-06,13.80064582824707
2013-02-07,14.210989952087402
2013-02-08,14.416171073913574
2013-02-11,14.566407203674316
2013-02-12,14.201282501220703
2013-02-13,14.174273490905762
2013-02-14,14.161527633666992
2013-02-15,13.966364860534668
2013-02-19,13.961201667785645
2013-02-20,13.623098373413086
2013-02-21,13.538412094116211
2013-02-22,13.682583808898926
2013-02-25,13.439470291137695
2013-02-26,13.626736640930176
2013-02-27,13.493189811706543
2013-02-28,13.396978378295898
2013-03-01,13.065240859985352
2013-03-04,12.748982429504395
2013-03-05,13.08557415008545
2013-03-06,12.9192533493042
2013-03-07,13.068581581115723
2013-03-08,13.103178977966309
2013-03-11,13.28984260559082
2013-03-12,13.003324508666992
2013-03-13,13.000894546508789
2013-03-14,13.126852035522461
2013-03-15,13.465572357177734
2013-03-18,13.831605911254883
2013-03-19,13.794276237487793
2013-03-20,13.7211275100708
2013-03-21,13.74085807800293
2013-03-22,14.019479751586914
2013-03-25,14.070168495178223
2013-03-26,13.996110916137695
2013-03-27,13.7211275100708
2013-03-28,13.435219764709473
2013-04-01,13.017892837524414
2013-04-02,13.044600486755371
2013-04-03,13.111376762390137
2013-04-04,12.98177433013916
2013-04-05,12.844588279724121
2013-04-08,12.935943603515625
2013-04-09,12.959314346313477
2013-04-10,13.223674774169922
2013-04-11,13.182395935058594
2013-04-12,13.044907569885254
2013-04-15,12.742913246154785
2013-04-16,12.936859130859375
2013-04-17,12.225425720214844
2013-04-18,11.899147987365723
2013-04-19,11.853018760681152
2013-04-22,12.100075721740723
2013-04-23,12.326494216918945
2013-04-24,12.306160926818848
2013-04-25,12.394784927368164
2013-04-26,12.662480354309082
2013-04-29,13.054619789123535
2013-04-30,13.438862800598145
2013-05-01,13.332939147949219
2013-05-02,13.522027015686035
2013-05-03,13.657392501831055
2013-05-06,13.983059883117676
2013-05-07,13.920838356018066
2013-05-08,14.078056335449219
2013-05-09,13.955238342285156
2013-05-10,13.839139938354492
2013-05-13,13.89321231842041
2013-05-14,13.560812950134277
2013-05-15,13.102225303649902
2013-05-16,13.277291297912598
2013-05-17,13.236963272094727
2013-05-20,13.532402992248535
2013-05-21,13.432493209838867
2013-05-22,13.484128952026367
2013-05-23,13.508264541625977
2013-05-24,13.600223541259766
2013-05-28,13.48687744140625
2013-05-29,13.594115257263184
2013-05-30,13.796673774719238
2013-05-31,13.740155220031738
2013-06-03,13.770398139953613
2013-06-04,13.727322578430176
2013-06-05,13.599002838134766
2013-06-06,13.395831108093262
2013-06-07,13.498183250427246
2013-06-10,13.408967971801758
2013-06-11,13.369556427001953
2013-06-12,13.204273223876953
2013-06-13,13.319449424743652
2013-06-14,13.138888359069824
2013-06-17,13.198465347290039
2013-06-18,13.191441535949707
2013-06-19,12.92349910736084
2013-06-20,12.735299110412598
2013-06-21,12.633255004882812
2013-06-24,12.2984037399292
2013-06-25,12.301156044006348
2013-06-26,12.16183853149414
2013-06-27,12.030766487121582
2013-06-28,12.114787101745605
2013-07-01,12.502492904663086
2013-07-02,12.785709381103516
2013-07-03,12.856284141540527
2013-07-05,12.753018379211426
2013-07-08,12.680609703063965
2013-07-09,12.903642654418945
2013-07-10,12.854144096374512
2013-07-11,13.0545654296875
2013-07-12,13.030738830566406
2013-07-15,13.0591459274292
2013-07-16,13.143471717834473
2013-07-17,13.146833419799805
2013-07-18,13.191133499145508
2013-07-19,12.983074188232422
2013-07-22,13.02462387084961
2013-07-23,12.800985336303711
2013-07-24,13.458466529846191
2013-07-25,13.39705753326416
2013-07-26,13.473128318786621
2013-07-29,13.680880546569824
2013-07-30,13.849837303161621
2013-07-31,13.825698852539062
2013-08-01,13.952488899230957
2013-08-02,14.131521224975586
2013-08-05,14.342639923095703
2013-08-06,14.214319229125977
2013-08-07,14.206069946289062
2013-08-08,14.177775382995605
2013-08-09,13.976034164428711
2013-08-12,14.373064041137695
2013-08-13,15.056102752685547
2013-08-14,15.33073616027832
2013-08-15,15.312589645385742
2013-08-16,15.448521614074707
2013-08-19,15.61490249633789
2013-08-20,15.409774780273438
2013-08-21,15.449445724487305
2013-08-22,15.467899322509766
2013-08-23,15.40823745727539
2013-08-26,15.46820068359375
2013-08-27,15.025961875915527
2013-08-28,15.097003936767578
2013-08-29,15.121606826782227
2013-08-30,14.983833312988281
2013-09-03,15.025657653808594
2013-09-04,15.336576461791992
2013-09-05,15.23139762878418
2013-09-06,15.322123527526855
2013-09-09,15.566617012023926
2013-09-10,15.212026596069336
2013-09-11,14.383827209472656
2013-09-12,14.536979675292969
2013-09-13,14.297409057617188
2013-09-16,13.842869758605957
2013-09-17,14.002788543701172
2013-09-18,14.290645599365234
2013-09-19,14.524988174438477
2013-09-20,14.374600410461426
2013-09-23,15.089009284973145
2013-09-24,15.041646003723145
2013-09-25,14.808845520019531
2013-09-26,14.95307731628418
2013-09-27,14.84636116027832
2013-09-30,14.661846160888672
2013-10-01,15.006590843200684
2013-10-02,15.055797576904297
2013-10-03,14.866662979125977
2013-10-04,14.854969024658203
2013-10-07,15.000134468078613
2013-10-08,14.790700912475586
2013-10-09,14.964459419250488
2013-10-10,15.058259010314941
2013-10-11,15.155746459960938
2013-10-14,15.255078315734863
2013-10-15,15.33627700805664
2013-10-16,15.411005973815918
2013-10-17,15.515256881713867
2013-10-18,15.650267601013184
2013-10-21,16.033767700195312
2013-10-22,15.98793888092041
2013-10-23,16.144472122192383
2013-10-24,16.35821533203125
2013-10-25,16.175230026245117
2013-10-28,16.295791625976562
2013-10-29,15.889837265014648
2013-10-30,16.14263153076172
2013-10-31,16.074974060058594
2013-11-01,15.992859840393066
2013-11-04,16.199527740478516
2013-11-05,16.15955352783203
2013-11-06,16.113773345947266
2013-11-07,15.852996826171875
2013-11-08,16.102636337280273
2013-11-11,16.055925369262695
2013-11-12,16.085622787475586
2013-11-13,16.10479736328125
2013-11-14,16.33772850036621
2013-11-15,16.23965835571289
2013-11-18,16.042922973632812
2013-11-19,16.071386337280273
2013-11-20,15.930639266967773
2013-11-21,16.12057113647461
2013-11-22,16.079126358032227
2013-11-25,16.20099639892578
2013-11-26,16.499814987182617
2013-11-27,16.888336181640625
2013-11-29,17.20107650756836
2013-12-02,17.051353454589844
2013-12-03,17.51813507080078
2013-12-04,17.477310180664062
2013-12-05,17.5670166015625
2013-12-06,17.323259353637695
2013-12-09,17.52153968811035
2013-12-10,17.494319915771484
2013-12-11,17.36471176147461
2013-12-12,17.339344024658203
2013-12-13,17.150341033935547
2013-12-16,17.24530601501465
2013-12-17,17.16766929626465
2013-12-18,17.037128448486328
2013-12-19,16.841934204101562
2013-12-20,16.98299217224121
2013-12-23,17.634754180908203
2013-12-24,17.559898376464844
2013-12-26,17.443283081054688
2013-12-27,17.325428009033203
2013-12-30,17.153125762939453
2013-12-31,17.354188919067383
2014-01-02,17.110130310058594
2014-01-03,16.73429298400879
2014-01-06,16.825546264648438
2014-01-07,16.70521354675293
2014-01-08,16.811004638671875
2014-01-09,16.596330642700195
2014-01-10,16.48558807373047
2014-01-13,16.57189178466797
2014-01-14,16.901636123657227
2014-01-15,17.240985870361328
2014-01-16,17.1447696685791
2014-01-17,16.724700927734375
2014-01-21,16.984539031982422
2014-01-22,17.060016632080078
2014-01-23,17.204479217529297
2014-01-24,16.891738891601562
2014-01-27,17.028776168823242
2014-01-28,15.66771411895752
2014-01-29,15.489840507507324
2014-01-30,15.459834098815918
2014-01-31,15.485201835632324
2014-02-03,15.513970375061035
2014-02-04,15.738547325134277
2014-02-05,15.856087684631348
2014-02-06,15.948511123657227
2014-02-07,16.171640396118164
2014-02-10,16.46135139465332
2014-02-11,16.67824935913086
2014-02-12,16.677001953125
2014-02-13,16.941816329956055
2014-02-14,16.928119659423828
2014-02-18,16.990358352661133
2014-02-19,16.722124099731445
2014-02-20,16.528562545776367
2014-02-21,16.344966888427734
2014-02-24,16.41653060913086
2014-02-25,16.24570083618164
2014-02-26,16.099130630493164
2014-02-27,16.420272827148438
2014-02-28,16.375776290893555
2014-03-03,16.423070907592773
2014-03-04,16.531370162963867
2014-03-05,16.56621551513672
2014-03-06,16.516111373901367
2014-03-07,16.5064697265625
2014-03-10,16.52140998840332
2014-03-11,16.68229103088379
2014-03-12,16.69847297668457
2014-03-13,16.513002395629883
2014-03-14,16.32753562927246
2014-03-17,16.391334533691406
2014-03-18,16.536340713500977
2014-03-19,16.53199005126953
2014-03-20,16.45232391357422
2014-03-21,16.582082748413086
2014-03-24,16.778751373291016
2014-03-25,16.959239959716797
2014-03-26,16.797117233276367
2014-03-27,16.724916458129883
2014-03-28,16.706253051757812
2014-03-31,16.7025146484375
2014-04-01,16.855310440063477
2014-04-02,16.8833065032959
2014-04-03,16.766307830810547
2014-04-04,16.549413681030273
2014-04-07,16.289579391479492
2014-04-08,16.28864097595215
2014-04-09,16.50273323059082
2014-04-10,16.289880752563477
2014-04-11,16.16945457458496
2014-04-14,16.233869552612305
2014-04-15,16.118112564086914
2014-04-16,16.15078353881836
2014-04-17,16.335323333740234
2014-04-21,16.529186248779297
2014-04-22,16.545677185058594
2014-04-23,16.329404830932617
2014-04-24,17.66811752319336
2014-04-25,17.797883987426758
2014-04-28,18.48715591430664
2014-04-29,18.43238639831543
2014-04-30,18.362680435180664
2014-05-01,18.40593719482422
2014-05-02,18.440170288085938
2014-05-05,18.700942993164062
2014-05-06,18.497112274169922
2014-05-07,18.43238639831543
2014-05-08,18.399534225463867
2014-05-09,18.32286262512207
2014-05-12,18.55099105834961
2014-05-13,18.580089569091797
2014-05-14,18.583534240722656
2014-05-15,18.425506591796875
2014-05-16,18.697437286376953
2014-05-19,18.91898536682129
2014-05-20,18.922740936279297
2014-05-21,18.972808837890625
2014-05-22,19.00284194946289
2014-05-23,19.217514038085938
2014-05-27,19.577381134033203
2014-05-28,19.52667808532715
2014-05-29,19.88247299194336
2014-05-30,19.808000564575195
2014-06-02,19.671876907348633
2014-06-03,19.950057983398438
2014-06-04,20.17786979675293
2014-06-05,20.257041931152344
2014-06-06,20.20134162902832
2014-06-09,20.52459144592285
2014-06-10,20.64506721496582
2014-06-11,20.55963706970215
2014-06-12,20.215736389160156
2014-06-13,19.994495391845703
2014-06-16,20.19601821899414
2014-06-17,20.16973876953125
2014-06-18,20.19164276123047
2014-06-19,20.121551513671875
2014-06-20,19.9134521484375
2014-06-23,19.89592742919922
2014-06-24,19.775453567504883
2014-06-25,19.79298210144043
2014-06-26,19.9112606048584
2014-06-27,20.147830963134766
2014-06-30,20.355924606323242
2014-07-01,20.48516082763672
2014-07-02,20.476398468017578
2014-07-03,20.59687614440918
2014-07-07,21.02182388305664
2014-07-08,20.88601303100586
2014-07-09,20.894775390625
2014-07-10,20.8181095123291
2014-07-11,20.857542037963867
2014-07-14,21.12696075439453
2014-07-15,20.879446029663086
2014-07-16,20.76115608215332
2014-07-17,20.390968322753906
2014-07-18,20.684494018554688
2014-07-21,20.577165603637695
2014-07-22,20.748018264770508
2014-07-23,21.289058685302734
2014-07-24,21.25400733947754
2014-07-25,21.394203186035156
2014-07-28,21.68991470336914
2014-07-29,21.549726486206055
2014-07-30,21.499343872070312
2014-07-31,20.940778732299805
2014-08-01,21.056869506835938
2014-08-04,20.93858528137207
2014-08-05,20.835634231567383
2014-08-06,20.80058479309082
2014-08-07,20.798385620117188
2014-08-08,20.855623245239258
2014-08-11,21.13079071044922
2014-08-12,21.126392364501953
2014-08-13,21.405961990356445
2014-08-14,21.463193893432617
2014-08-15,21.568857192993164
2014-08-18,21.828615188598633
2014-08-19,22.13020133972168
2014-08-20,22.139009475708008
2014-08-21,22.141212463378906
2014-08-22,22.304113388061523
2014-08-25,22.352540969848633
2014-08-26,22.20945167541504
2014-08-27,22.482423782348633
2014-08-28,22.508840560913086
2014-08-29,22.563873291015625
2014-09-02,22.73997688293457
2014-09-03,21.78019142150879
2014-09-04,21.59967803955078
2014-09-05,21.786794662475586
2014-09-08,21.65251350402832
2014-09-09,21.571062088012695
2014-09-10,22.233665466308594
2014-09-11,22.328323364257812
2014-09-12,22.378955841064453
2014-09-15,22.37234878540039
2014-09-16,22.202850341796875
2014-09-17,22.361347198486328
2014-09-18,22.407577514648438
2014-09-19,22.22486114501953
2014-09-22,22.246877670288086
2014-09-23,22.594694137573242
2014-09-24,22.398771286010742
2014-09-25,21.54465103149414
2014-09-26,22.17863655090332
2014-09-29,22.03774642944336
2014-09-30,22.17863655090332
2014-10-01,21.833024978637695
2014-10-02,21.991525650024414
2014-10-03,21.92988395690918
2014-10-06,21.92988395690918
2014-10-07,21.738367080688477
2014-10-08,22.189645767211914
2014-10-09,22.238073348999023
2014-10-10,22.174230575561523
2014-10-13,21.97170639038086
2014-10-14,21.738367080688477
2014-10-15,21.471996307373047
2014-10-16,21.190227508544922
2014-10-17,21.50062370300293
2014-10-20,21.96070098876953
2014-10-21,22.557270050048828
2014-10-22,22.67173957824707
2014-10-23,23.0767822265625
2014-10-24,23.162641525268555
2014-10-27,23.138425827026367
2014-10-28,23.49724578857422
2014-10-29,23.62932777404785
2014-10-30,23.550079345703125
2014-10-31,23.77461051940918
2014-11-03,24.082807540893555
2014-11-04,23.906702041625977
2014-11-05,23.963932037353516
2014-11-06,24.032472610473633
2014-11-07,24.10100555419922
2014-11-10,24.061216354370117
2014-11-11,24.253551483154297
2014-11-12,24.59624481201172
2014-11-13,24.943359375
2014-11-14,25.24404525756836
2014-11-17,25.20203399658203
2014-11-18,25.529253005981445
2014-11-19,25.352371215820312
2014-11-20,25.7149658203125
2014-11-21,25.75033950805664
2014-11-24,26.227890014648438
2014-11-25,26.00016212463379
2014-11-26,26.309696197509766
2014-11-28,26.294214248657227
2014-12-01,25.44080924987793
2014-12-02,25.343536376953125
2014-12-03,25.630949020385742
2014-12-04,25.53367042541504
2014-12-05,25.42533302307129
2014-12-08,24.850500106811523
2014-12-09,25.23077964782715
2014-12-10,24.751008987426758
2014-12-11,24.67805290222168
2014-12-12,24.260196685791016
2014-12-15,23.928556442260742
2014-12-16,23.601343154907227
2014-12-17,24.189441680908203
2014-12-18,24.9057674407959
2014-12-19,24.713422775268555
2014-12-22,24.969884872436523
2014-12-23,24.881460189819336
2014-12-24,24.7642822265625
2014-12-26,25.20203399658203
2014-12-29,25.18434715270996
2014-12-30,24.877037048339844
2014-12-31,24.403902053833008
2015-01-02,24.171754837036133
2015-01-05,23.490798950195312
2015-01-06,23.493011474609375
2015-01-07,23.82243537902832
2015-01-08,24.73774528503418
2015-01-09,24.7642822265625
2015-01-12,24.154071807861328
2015-01-13,24.36852264404297
2015-01-14,24.27566909790039
2015-01-15,23.6168212890625
2015-01-16,23.433311462402344
2015-01-20,24.036890029907227
2015-01-21,24.22039794921875
2015-01-22,24.850500106811523
2015-01-23,24.978729248046875
2015-01-26,25.005264282226562
2015-01-27,24.12975311279297
2015-01-28,25.49387550354004
2015-01-29,26.2875919342041
2015-01-30,25.90288734436035
2015-02-02,26.227890014648438
2015-02-03,26.232315063476562
2015-02-04,26.433507919311523
2015-02-05,26.622173309326172
2015-02-06,26.397987365722656
2015-02-09,26.573341369628906
2015-02-10,27.083850860595703
2015-02-11,27.718660354614258
2015-02-12,28.069364547729492
2015-02-13,28.20698356628418
2015-02-17,28.373458862304688
2015-02-18,28.571006774902344
2015-02-19,28.51108169555664
2015-02-20,28.744131088256836
2015-02-23,29.520999908447266
2015-02-24,29.336774826049805
2015-02-25,28.586544036865234
2015-02-26,28.94835090637207
2015-02-27,28.513294219970703
2015-03-02,28.65313148498535
2015-03-03,28.713064193725586
2015-03-04,28.531051635742188
2015-03-05,28.058271408081055
2015-03-06,28.100444793701172
2015-03-09,28.220304489135742
2015-03-10,27.636537551879883
2015-03-11,27.132688522338867
2015-03-12,27.623228073120117
2015-03-13,27.432334899902344
2015-03-16,27.734203338623047
2015-03-17,28.198102951049805
2015-03-18,28.5155086517334
2015-03-19,28.300207138061523
2015-03-20,27.945066452026367
2015-03-23,28.235843658447266
2015-03-24,28.12042236328125
2015-03-25,27.385725021362305
2015-03-26,27.57661247253418
2015-03-27,27.356870651245117
2015-03-30,28.04939079284668
2015-03-31,27.618783950805664
2015-04-01,27.578834533691406
2015-04-02,27.816329956054688
2015-04-06,28.266916275024414
2015-04-07,27.969493865966797
2015-04-08,27.878482818603516
2015-04-09,28.091564178466797
2015-04-10,28.211427688598633
2015-04-13,28.15593147277832
2015-04-14,28.033859252929688
2015-04-15,28.14039421081543
2015-04-16,28.005006790161133
2015-04-17,27.689815521240234
2015-04-20,28.322406768798828
2015-04-21,28.169252395629883
2015-04-22,28.548812866210938
2015-04-23,28.781871795654297
2015-04-24,28.91726303100586
2015-04-27,29.443309783935547
2015-04-28,28.979412078857422
2015-04-29,28.553247451782227
2015-04-30,27.778594970703125
2015-05-01,28.622053146362305
2015-05-04,28.566564559936523
2015-05-05,27.92287254333496
2015-05-06,27.74751853942871
2015-05-07,27.919151306152344
2015-05-08,28.445167541503906
2015-05-11,28.15540885925293
2015-05-12,28.05510902404785
2015-05-13,28.086315155029297
2015-05-14,28.741615295410156
2015-05-15,28.701496124267578
2015-05-18,29.017988204956055
2015-05-19,28.991249084472656
2015-05-20,28.989017486572266
2015-05-21,29.285459518432617
2015-05-22,29.541790008544922
2015-05-26,28.890949249267578
2015-05-27,29.430343627929688
2015-05-28,29.372392654418945
2015-05-29,29.038055419921875
2015-06-01,29.096004486083984
2015-06-02,28.96673583984375
2015-06-03,29.00238800048828
2015-06-04,28.833003997802734
2015-06-05,28.674745559692383
2015-06-08,28.485292434692383
2015-06-09,28.40059471130371
2015-06-10,28.72600746154785
2015-06-11,28.661367416381836
2015-06-12,28.344863891601562
2015-06-15,28.289148330688477
2015-06-16,28.440711975097656
2015-06-17,28.37384796142578
2015-06-18,28.50312042236328
2015-06-19,28.217815399169922
2015-06-22,28.442935943603516
2015-06-23,28.313663482666016
2015-06-24,28.55438995361328
2015-06-25,28.418420791625977
2015-06-26,28.251256942749023
2015-06-29,27.756441116333008
2015-06-30,27.95704460144043
2015-07-01,28.217815399169922
2015-07-02,28.182161331176758
2015-07-06,28.084091186523438
2015-07-07,28.01499366760254
2015-07-08,27.319578170776367
2015-07-09,26.762351989746094
2015-07-10,27.477828979492188
2015-07-13,28.008310317993164
2015-07-14,27.997161865234375
2015-07-15,28.266857147216797
2015-07-16,28.64354133605957
2015-07-17,28.890949249267578
2015-07-20,29.43702507019043
2015-07-21,29.142810821533203
2015-07-22,27.910234451293945
2015-07-23,27.896860122680664
2015-07-24,27.749755859375
2015-07-27,27.364152908325195
2015-07-28,27.5001220703125
2015-07-29,27.41319465637207
2015-07-30,27.274999618530273
2015-07-31,27.036500930786133
2015-08-03,26.3990421295166
2015-08-04,25.552064895629883
2015-08-05,25.72146224975586
2015-08-06,25.777441024780273
2015-08-07,25.86475372314453
2015-08-10,26.805126190185547
2015-08-11,25.410236358642578
2015-08-12,25.802061080932617
2015-08-13,25.78190803527832
2015-08-14,25.963266372680664
2015-08-17,26.231948852539062
2015-08-18,26.084171295166016
2015-08-19,25.750568389892578
2015-08-20,25.222164154052734
2015-08-21,23.679500579833984
2015-08-24,23.08841323852539
2015-08-25,23.227224349975586
2015-08-26,24.55942153930664
2015-08-27,25.282621383666992
2015-08-28,25.36545753479004
2015-08-31,25.246795654296875
2015-09-01,24.118345260620117
2015-09-02,25.152759552001953
2015-09-03,24.711673736572266
2015-09-04,24.46538734436035
2015-09-08,25.14604377746582
2015-09-09,24.662416458129883
2015-09-10,25.204256057739258
2015-09-11,25.571443557739258
2015-09-14,25.817733764648438
2015-09-15,26.0349178314209
2015-09-16,26.064022064208984
2015-09-17,25.50650978088379
2015-09-18,25.401287078857422
2015-09-21,25.79534339904785
2015-09-22,25.390090942382812
2015-09-23,25.596071243286133
2015-09-24,25.748319625854492
2015-09-25,25.683395385742188
2015-09-28,25.175148010253906
2015-09-29,24.418371200561523
2015-09-30,24.696008682250977
2015-10-01,24.534799575805664
2015-10-02,24.71391487121582
2015-10-05,24.803478240966797
2015-10-06,24.922138214111328
2015-10-07,24.803478240966797
2015-10-08,24.516878128051758
2015-10-09,25.103496551513672
2015-10-12,24.987070083618164
2015-10-13,25.029611587524414
2015-10-14,24.675851821899414
2015-10-15,25.045291900634766
2015-10-16,24.861682891845703
2015-10-19,25.016178131103516
2015-10-20,25.472930908203125
2015-10-21,25.470691680908203
2015-10-22,25.860279083251953
2015-10-23,26.661828994750977
2015-10-26,25.811019897460938
2015-10-27,25.647571563720703
2015-10-28,26.704370498657227
2015-10-29,26.986480712890625
2015-10-30,26.755868911743164
2015-11-02,27.13201904296875
2015-11-03,27.4432373046875
2015-11-04,27.315622329711914
2015-11-05,27.189697265625
2015-11-06,27.221172332763672
2015-11-09,27.111000061035156
2015-11-10,26.256534576416016
2015-11-11,26.108131408691406
2015-11-12,26.02044105529785
2015-11-13,25.260421752929688
2015-11-16,25.674158096313477
2015-11-17,25.563982009887695
2015-11-18,26.37346649169922
2015-11-19,26.7085018157959
2015-11-20,26.825429916381836
2015-11-23,26.476900100708008
2015-11-24,26.730987548828125
2015-11-25,26.53985595703125
2015-11-27,26.490386962890625
2015-11-30,26.600570678710938
2015-12-01,26.384708404541016
2015-12-02,26.14635467529297
2015-12-03,25.903512954711914
2015-12-04,26.764713287353516
2015-12-07,26.596073150634766
2015-12-08,26.58483123779297
2015-12-09,25.997955322265625
2015-12-10,26.121618270874023
2015-12-11,25.449298858642578
2015-12-14,25.29190444946289
2015-12-15,24.844440460205078
2015-12-16,25.035564422607422
2015-12-17,24.504899978637695
2015-12-18,23.841577529907227
2015-12-21,24.133886337280273
2015-12-22,24.111400604248047
2015-12-23,24.42170524597168
2015-12-24,24.29128646850586
2015-12-28,24.019214630126953
2015-12-29,24.45093536376953
2015-12-30,24.131643295288086
2015-12-31,23.668439865112305
2016-01-04,23.688678741455078
2016-01-05,23.095054626464844
2016-01-06,22.643091201782227
2016-01-07,21.687448501586914
2016-01-08,21.802122116088867
2016-01-11,22.155149459838867
2016-01-12,22.47669792175293
2016-01-13,21.89881706237793
2016-01-14,22.377750396728516
2016-01-15,21.84033966064453
2016-01-19,21.73467254638672
2016-01-20,21.763898849487305
2016-01-21,21.653715133666992
2016-01-22,22.80497932434082
2016-01-25,22.359773635864258
2016-01-26,22.483440399169922
2016-01-27,21.006132125854492
2016-01-28,21.156784057617188
2016-01-29,21.887569427490234
2016-02-01,21.682952880859375
2016-02-02,21.244476318359375
2016-02-03,21.664962768554688
2016-02-04,21.839038848876953
2016-02-05,21.255765914916992
2016-02-08,21.479576110839844
2016-02-09,21.475059509277344
2016-02-10,21.312278747558594
2016-02-11,21.183414459228516
2016-02-12,21.24897575378418
2016-02-16,21.848081588745117
2016-02-17,22.18267059326172
2016-02-18,21.762178421020508
2016-02-19,21.712438583374023
2016-02-22,21.902339935302734
2016-02-23,21.407241821289062
2016-02-24,21.726001739501953
2016-02-25,21.875211715698242
2016-02-26,21.909128189086914
2016-02-29,21.85938835144043
2016-03-01,22.727521896362305
2016-03-02,22.777257919311523
2016-03-03,22.946823120117188
2016-03-04,23.288188934326172
2016-03-07,23.03046989440918
2016-03-08,22.84056854248047
2016-03-09,22.860910415649414
2016-03-10,22.87221908569336
2016-03-11,23.118637084960938
2016-03-14,23.177413940429688
2016-03-15,23.643123626708984
2016-03-16,23.95737648010254
2016-03-17,23.918949127197266
2016-03-18,23.946077346801758
2016-03-21,23.943819046020508
2016-03-22,24.12693977355957
2016-03-23,23.993560791015625
2016-03-24,23.88955307006836
2016-03-28,23.78104019165039
2016-03-29,24.343975067138672
2016-03-30,24.768993377685547
2016-03-31,24.64013671875
2016-04-01,24.866214752197266
2016-04-04,25.121679306030273
2016-04-05,24.825517654418945
2016-04-06,25.08550262451172
2016-04-07,24.538402557373047
2016-04-08,24.565526962280273
2016-04-11,24.64691925048828
2016-04-12,24.967947006225586
2016-04-13,25.329668045043945
2016-04-14,25.34323501586914
2016-04-15,24.834556579589844
2016-04-18,24.29875373840332
2016-04-19,24.169891357421875
2016-04-20,24.21963119506836
2016-04-21,23.95737648010254
2016-04-22,23.891822814941406
2016-04-25,23.75617218017578
2016-04-26,23.59113883972168
2016-04-27,22.11485481262207
2016-04-28,21.438886642456055
2016-04-29,21.192462921142578
2016-05-02,21.16985321044922
2016-05-03,21.51801109313965
2016-05-04,21.2941951751709
2016-05-05,21.207765579223633
2016-05-06,21.08948516845703
2016-05-09,21.105403900146484
2016-05-10,21.24870491027832
2016-05-11,21.041717529296875
2016-05-12,20.548145294189453
2016-05-13,20.58909034729004
2016-05-16,21.353334426879883
2016-05-17,21.264629364013672
2016-05-18,21.50800132751465
2016-05-19,21.426115036010742
2016-05-20,21.658119201660156
2016-05-23,21.93334197998047
2016-05-24,22.26769256591797
2016-05-25,22.658916473388672
2016-05-26,22.83860969543457
2016-05-27,22.824954986572266
2016-05-31,22.713502883911133
2016-06-01,22.39507293701172
2016-06-02,22.22675323486328
2016-06-03,22.272245407104492
2016-06-06,22.43373680114746
2016-06-07,22.524717330932617
2016-06-08,22.504249572753906
2016-06-09,22.665740966796875
2016-06-10,22.479230880737305
2016-06-13,22.14032745361328
2016-06-14,22.167612075805664
2016-06-15,22.094829559326172
2016-06-16,22.18808364868164
2016-06-17,21.683141708374023
2016-06-20,21.630830764770508
2016-06-21,21.8150634765625
2016-06-22,21.733179092407227
2016-06-23,21.858278274536133
2016-06-24,21.244157791137695
2016-06-27,20.934814453125
2016-06-28,21.28736686706543
2016-06-29,21.47161293029785
2016-06-30,21.744552612304688
2016-07-01,21.810516357421875
2016-07-05,21.605806350708008
2016-07-06,21.728633880615234
2016-07-07,21.821887969970703
2016-07-08,21.990201950073242
2016-07-11,22.05843734741211
2016-07-12,22.15851593017578
2016-07-13,22.033416748046875
2016-07-14,22.470129013061523
2016-07-15,22.467851638793945
2016-07-18,22.706682205200195
2016-07-19,22.715774536132812
2016-07-20,22.736249923706055
2016-07-21,22.61570167541504
2016-07-22,22.4405574798584
2016-07-25,22.14032745361328
2016-07-26,21.98792266845703
2016-07-27,23.416337966918945
2016-07-28,23.732498168945312
2016-07-29,23.702926635742188
2016-08-01,24.121440887451172
2016-08-02,23.76434326171875
2016-08-03,24.062305450439453
2016-08-04,24.21094512939453
2016-08-05,24.579130172729492
2016-08-08,24.78266716003418
2016-08-09,24.883275985717773
2016-08-10,24.698060989379883
2016-08-11,24.682039260864258
2016-08-12,24.739213943481445
2016-08-15,25.0365047454834
2016-08-16,25.01363754272461
2016-08-17,24.977046966552734
2016-08-18,24.94502067565918
2016-08-19,25.009065628051758
2016-08-22,24.814685821533203
2016-08-23,24.892431259155273
2016-08-24,24.704906463623047
2016-08-25,24.599716186523438
2016-08-26,24.455642700195312
2016-08-29,24.428197860717773
2016-08-30,24.240680694580078
2016-08-31,24.263547897338867
2016-09-01,24.407615661621094
2016-09-02,24.636306762695312
2016-09-06,24.62943458557129
2016-09-07,24.780372619628906
2016-09-08,24.130908966064453
2016-09-09,23.584348678588867
2016-09-12,24.11261558532715
2016-09-13,24.686613082885742
2016-09-14,25.56019401550293
2016-09-15,26.429197311401367
2016-09-16,26.280555725097656
2016-09-19,25.97411346435547
2016-09-20,25.971826553344727
2016-09-21,25.967252731323242
2016-09-22,26.211950302124023
2016-09-23,25.775157928466797
2016-09-26,25.814035415649414
2016-09-27,25.862058639526367
2016-09-28,26.058727264404297
2016-09-29,25.653955459594727
2016-09-30,25.8529052734375
2016-10-03,25.73170280456543
2016-10-04,25.84147834777832
2016-10-05,25.8529052734375
2016-10-06,26.04501724243164
2016-10-07,26.08388900756836
2016-10-10,26.538972854614258
2016-10-11,26.596141815185547
2016-10-12,26.83397102355957
2016-10-13,26.75164794921875
2016-10-14,26.90029525756836
2016-10-17,26.881990432739258
2016-10-18,26.863697052001953
2016-10-19,26.78366470336914
2016-10-20,26.769941329956055
2016-10-21,26.664743423461914
2016-10-24,26.904869079589844
2016-10-25,27.042076110839844
2016-10-26,26.433765411376953
2016-10-27,26.1799373626709
2016-10-28,26.006134033203125
2016-10-31,25.964969635009766
2016-11-01,25.496158599853516
2016-11-02,25.51902961730957
2016-11-03,25.245500564575195
2016-11-04,25.017932891845703
2016-11-07,25.378820419311523
2016-11-08,25.528215408325195
2016-11-09,25.486854553222656
2016-11-10,24.77659034729004
2016-11-11,24.923686981201172
2016-11-14,24.298471450805664
2016-11-15,24.62027931213379
2016-11-16,25.282276153564453
2016-11-17,25.27307891845703
2016-11-18,25.298362731933594
2016-11-21,25.68222999572754
2016-11-22,25.69831657409668
2016-11-23,25.567304611206055
2016-11-25,25.696022033691406
2016-11-28,25.64545440673828
2016-11-29,25.620168685913086
2016-11-30,25.40410041809082
2016-12-01,25.167346954345703
2016-12-02,25.261585235595703
2016-12-05,25.079998016357422
2016-12-06,25.27307891845703
2016-12-07,25.52132797241211
2016-12-08,25.771881103515625
2016-12-09,26.192516326904297
2016-12-12,26.04310417175293
2016-12-13,26.47754669189453
2016-12-14,26.47754669189453
2016-12-15,26.622364044189453
2016-12-16,26.656837463378906
2016-12-19,26.810842514038086
2016-12-20,26.882095336914062
2016-12-21,26.907384872436523
2016-12-22,26.730388641357422
2016-12-23,26.783262252807617
2016-12-27,26.95334815979004
2016-12-28,26.838430404663086
2016-12-29,26.831531524658203
2016-12-30,26.622364044189453
2017-01-03,26.698211669921875
2017-01-04,26.668323516845703
2017-01-05,26.80394744873047
2017-01-06,27.102767944335938
2017-01-09,27.35101890563965
2017-01-10,27.378599166870117
2017-01-11,27.52570915222168
2017-01-12,27.410776138305664
2017-01-13,27.362504959106445
2017-01-17,27.583175659179688
2017-01-18,27.58087158203125
2017-01-19,27.532604217529297
2017-01-20,27.583175659179688
2017-01-23,27.601558685302734
2017-01-24,27.576278686523438
2017-01-25,28.015310287475586
2017-01-26,28.029102325439453
2017-01-27,28.031391143798828
2017-01-30,27.957843780517578
2017-01-31,27.89348793029785
2017-02-01,29.594444274902344
2017-02-02,29.54388427734375
2017-02-03,29.670297622680664
2017-02-06,29.94842529296875
2017-02-07,30.23345375061035
2017-02-08,30.350675582885742
2017-02-09,30.569995880126953
2017-02-10,30.5007381439209
2017-02-13,30.770841598510742
2017-02-14,31.17021942138672
2017-02-15,31.283336639404297
2017-02-16,31.24639129638672
2017-02-17,31.33182144165039
2017-02-21,31.55805778503418
2017-02-22,31.652719497680664
2017-02-23,31.518814086914062
2017-02-24,31.548828125
2017-02-27,31.611167907714844
2017-02-28,31.62500762939453
2017-03-01,32.27139663696289
2017-03-02,32.079795837402344
2017-03-03,32.26910400390625
2017-03-06,32.167518615722656
2017-03-07,32.209083557128906
2017-03-08,32.08903884887695
2017-03-09,32.0151481628418
2017-03-10,32.12134552001953
2017-03-13,32.135196685791016
2017-03-14,32.086727142333984
2017-03-15,32.426082611083984
2017-03-16,32.47918701171875
2017-03-17,32.31758117675781
2017-03-20,32.65693283081055
2017-03-21,32.28293991088867
2017-03-22,32.647705078125
2017-03-23,32.53227615356445
2017-03-24,32.46763229370117
2017-03-27,32.523048400878906
2017-03-28,33.1971435546875
2017-03-29,33.271018981933594
2017-03-30,33.22715377807617
2017-03-31,33.164833068847656
2017-04-03,33.1740608215332
2017-04-04,33.421077728271484
2017-04-05,33.247920989990234
2017-04-06,33.164833068847656
2017-04-07,33.090946197509766
2017-04-10,33.051692962646484
2017-04-11,32.69618225097656
2017-04-12,32.73543167114258
2017-04-13,32.562278747558594
2017-04-17,32.74235534667969
2017-04-18,32.5969123840332
2017-04-19,32.476871490478516
2017-04-20,32.883182525634766
2017-04-21,32.843929290771484
2017-04-24,33.16019058227539
2017-04-25,33.365665435791016
2017-04-26,33.169437408447266
2017-04-27,33.1948356628418
2017-04-28,33.162513732910156
2017-05-01,33.83892822265625
2017-05-02,34.053611755371094
2017-05-03,33.94974136352539
2017-05-04,33.82738494873047
2017-05-05,34.38835906982422
2017-05-08,35.32332229614258
2017-05-09,35.54957962036133
2017-05-10,35.381038665771484
2017-05-11,35.68702697753906
2017-05-12,36.185428619384766
2017-05-15,36.09270477294922
2017-05-16,36.039371490478516
2017-05-17,34.8293342590332
2017-05-18,35.360172271728516
2017-05-19,35.48072814941406
2017-05-22,35.69630432128906
2017-05-23,35.65225601196289
2017-05-24,35.545623779296875
2017-05-25,35.668495178222656
2017-05-26,35.608219146728516
2017-05-30,35.62211608886719
2017-05-31,35.41117858886719
2017-06-01,35.50852966308594
2017-06-02,36.03473663330078
2017-06-05,35.68238830566406
2017-06-06,35.80292892456055
2017-06-07,36.01619338989258
2017-06-08,35.92811965942383
2017-06-09,34.53493118286133
2017-06-12,33.70969772338867
2017-06-13,33.980899810791016
2017-06-14,33.6494255065918
2017-06-15,33.447750091552734
2017-06-16,32.979496002197266
2017-06-19,33.9229621887207
2017-06-20,33.61463928222656
2017-06-21,33.81401443481445
2017-06-22,33.75837707519531
2017-06-23,33.909053802490234
2017-06-26,33.80241775512695
2017-06-27,33.31793975830078
2017-06-28,33.80473709106445
2017-06-29,33.30635070800781
2017-06-30,33.385154724121094
2017-07-03,33.26462173461914
2017-07-05,33.401390075683594
2017-07-06,33.08612823486328
2017-07-07,33.42224884033203
2017-07-10,33.62624740600586
2017-07-11,33.735191345214844
2017-07-12,33.783878326416016
2017-07-13,34.25444793701172
2017-07-14,34.54884338378906
2017-07-17,34.66938400268555
2017-07-18,34.7899284362793
2017-07-19,35.00782012939453
2017-07-20,34.850189208984375
2017-07-21,34.83396911621094
2017-07-24,35.25586700439453
2017-07-25,35.40653991699219
2017-07-26,35.57343673706055
2017-07-27,34.901187896728516
2017-07-28,34.655487060546875
2017-07-31,34.47698974609375
2017-08-01,34.7829704284668
2017-08-02,36.42650604248047
2017-08-03,36.06257247924805
2017-08-04,36.25263595581055
2017-08-07,36.813629150390625
2017-08-08,37.108009338378906
2017-08-09,37.3351936340332
2017-08-10,36.14600372314453
2017-08-11,36.64867401123047
2017-08-14,37.20021438598633
2017-08-15,37.60747528076172
2017-08-16,37.456207275390625
2017-08-17,36.73710632324219
2017-08-18,36.6533203125
2017-08-21,36.58583450317383
2017-08-22,37.18393325805664
2017-08-23,37.23046875
2017-08-24,37.06523895263672
2017-08-25,37.20255661010742
2017-08-28,37.57722091674805
2017-08-29,37.9123420715332
2017-08-30,38.014739990234375
2017-08-31,38.1660041809082
2017-09-01,38.177635192871094
2017-09-05,37.719181060791016
2017-09-06,37.67961883544922
2017-09-07,37.52834701538086
2017-09-08,36.91630935668945
2017-09-11,37.58420181274414
2017-09-12,37.43525314331055
2017-09-13,37.1536750793457
2017-09-14,36.83484649658203
2017-09-15,37.20720672607422
2017-09-18,36.92560577392578
2017-09-19,36.93955993652344
2017-09-20,36.32052993774414
2017-09-21,35.69683837890625
2017-09-22,35.34776306152344
2017-09-25,35.03592300415039
2017-09-26,35.638675689697266
2017-09-27,35.89232635498047
2017-09-28,35.67124557495117
2017-09-29,35.866722106933594
2017-10-02,35.79458999633789
2017-10-03,35.95051193237305
2017-10-04,35.717796325683594
2017-10-05,36.16228103637695
2017-10-06,36.1413459777832
2017-10-09,36.267005920410156
2017-10-10,36.280975341796875
2017-10-11,36.4322395324707
2017-10-12,36.30424880981445
2017-10-13,36.534629821777344
2017-10-16,37.20720672607422
2017-10-17,37.344512939453125
2017-10-18,37.17927169799805
2017-10-19,36.299583435058594
2017-10-20,36.3624267578125
2017-10-23,36.343807220458984
2017-10-24,36.56024169921875
2017-10-25,36.39965057373047
2017-10-26,36.63237762451172
2017-10-27,37.94493103027344
2017-10-30,38.799007415771484
2017-10-31,39.33890151977539
2017-11-01,38.83856201171875
2017-11-02,39.12247848510742
2017-11-03,40.14411926269531
2017-11-06,40.55138397216797
2017-11-07,40.68170166015625
2017-11-08,41.01448059082031
2017-11-09,40.93071746826172
2017-11-10,40.79524612426758
2017-11-13,40.63176345825195
2017-11-14,40.01751708984375
2017-11-15,39.489662170410156
2017-11-16,39.961456298828125
2017-11-17,39.73955535888672
2017-11-20,39.69986343383789
2017-11-21,40.43790817260742
2017-11-22,40.86298370361328
2017-11-24,40.86530303955078
2017-11-27,40.65978240966797
2017-11-28,40.421573638916016
2017-11-29,39.58308410644531
2017-11-30,40.136634826660156
2017-12-01,39.94977569580078
2017-12-04,39.657840728759766
2017-12-05,39.6204719543457
2017-12-06,39.47332763671875
2017-12-07,39.545719146728516
2017-12-08,39.55739974975586
2017-12-11,40.328128814697266
2017-12-12,40.10158920288086
2017-12-13,40.234718322753906
2017-12-14,40.22303771972656
2017-12-15,40.63176345825195
2017-12-18,41.2039794921875
2017-12-19,40.76490020751953
2017-12-20,40.72050857543945
2017-12-21,40.87465286254883
2017-12-22,40.87465286254883
2017-12-26,39.837677001953125
2017-12-27,39.84467315673828
2017-12-28,39.95677947998047
2017-12-29,39.524688720703125
2018-01-02,40.23237991333008
2018-01-03,40.225372314453125
2018-01-04,40.412208557128906
2018-01-05,40.87232971191406
2018-01-08,40.72050857543945
2018-01-09,40.71582794189453
2018-01-10,40.70650863647461
2018-01-11,40.93772506713867
2018-01-12,41.36044692993164
2018-01-16,41.150245666503906
2018-01-17,41.82990264892578
2018-01-18,41.86725997924805
2018-01-19,41.68042755126953
2018-01-22,41.339439392089844
2018-01-23,41.34877395629883
2018-01-24,40.69015121459961
2018-01-25,39.96379852294922
2018-01-26,40.057212829589844
2018-01-29,39.22809982299805
2018-01-30,38.99687576293945
2018-01-31,39.10429763793945
2018-02-01,39.1860466003418
2018-02-02,37.48575210571289
2018-02-05,36.54921340942383
2018-02-06,38.076656341552734
2018-02-07,37.26154708862305
2018-02-08,36.2362174987793
2018-02-09,36.679443359375
2018-02-12,38.1568603515625
2018-02-13,38.539100646972656
2018-02-14,39.249664306640625
2018-02-15,40.567596435546875
2018-02-16,40.436283111572266
2018-02-20,40.30027389526367
2018-02-21,40.117347717285156
2018-02-22,40.45268630981445
2018-02-23,41.15622329711914
2018-02-26,41.9699592590332
2018-02-27,41.83395004272461
2018-02-28,41.7706298828125
2018-03-01,41.038978576660156
2018-03-02,41.32272720336914
2018-03-05,41.46577072143555
2018-03-06,41.43059539794922
2018-03-07,41.045997619628906
2018-03-08,41.493896484375
2018-03-09,42.20681381225586
2018-03-12,42.6148567199707
2018-03-13,42.2044792175293
2018-03-14,41.845664978027344
2018-03-15,41.89491653442383
2018-03-16,41.747196197509766
2018-03-19,41.109317779541016
2018-03-20,41.09524917602539
2018-03-21,40.16425323486328
2018-03-22,39.596736907958984
2018-03-23,38.679813385009766
2018-03-26,40.5160026550293
2018-03-27,39.477134704589844
2018-03-28,39.040958404541016
2018-03-29,39.3458137512207
2018-04-02,39.08784866333008
2018-04-03,39.48885726928711
2018-04-04,40.24397659301758
2018-04-05,40.52304458618164
2018-04-06,39.48651885986328
2018-04-09,39.87815856933594
2018-04-10,40.62855529785156
2018-04-11,40.438629150390625
2018-04-12,40.83728790283203
2018-04-13,40.97564697265625
2018-04-16,41.231266021728516
2018-04-17,41.798770904541016
2018-04-18,41.7049560546875
2018-04-19,40.52304458618164
2018-04-20,38.86273193359375
2018-04-23,38.75016403198242
2018-04-24,38.21078872680664
2018-04-25,38.37728500366211
2018-04-26,38.510963439941406
2018-04-27,38.06541442871094
2018-04-30,38.754844665527344
2018-05-01,39.655364990234375
2018-05-02,41.407142639160156
2018-05-03,41.4821891784668
2018-05-04,43.10966491699219
2018-05-07,43.421566009521484
2018-05-08,43.63029479980469
2018-05-09,43.93748092651367
2018-05-10,44.56597900390625
2018-05-11,44.3964729309082
2018-05-14,44.29289245605469
2018-05-15,43.89032745361328
2018-05-16,44.299949645996094
2018-05-17,44.019813537597656
2018-05-18,43.85972595214844
2018-05-21,44.17048645019531
2018-05-22,44.05982208251953
2018-05-23,44.34232711791992
2018-05-24,44.29289245605469
2018-05-25,44.39412307739258
2018-05-29,44.234046936035156
2018-05-30,44.1398811340332
2018-05-31,43.99156188964844
2018-06-01,44.784912109375
2018-06-04,45.15921401977539
2018-06-05,45.50762176513672
2018-06-06,45.66534423828125
2018-06-07,45.54292678833008
2018-06-08,45.12860107421875
2018-06-11,45.017967224121094
2018-06-12,45.265140533447266
2018-06-13,44.89318084716797
2018-06-14,44.91672897338867
2018-06-15,44.455322265625
2018-06-18,44.43178176879883
2018-06-19,43.71376419067383
2018-06-20,43.90446090698242
2018-06-21,43.659629821777344
2018-06-22,43.532508850097656
2018-06-25,42.885128021240234
2018-06-26,43.41716384887695
2018-06-27,43.35359573364258
2018-06-28,43.66904067993164
2018-06-29,43.57723617553711
2018-07-02,44.064537048339844
2018-07-03,43.297096252441406
2018-07-05,43.64549255371094
2018-07-06,44.25051498413086
2018-07-09,44.86493682861328
2018-07-10,44.8108024597168
2018-07-11,44.229331970214844
2018-07-12,44.97087478637695
2018-07-13,45.041507720947266
2018-07-16,44.942630767822266
2018-07-17,45.06975173950195
2018-07-18,44.822574615478516
2018-07-19,45.170989990234375
2018-07-20,45.067405700683594
2018-07-23,45.10741424560547
2018-07-24,45.43463134765625
2018-07-25,45.86309051513672
2018-07-26,45.7194938659668
2018-07-27,44.95911407470703
2018-07-30,44.707210540771484
2018-07-31,44.79667663574219
2018-08-01,47.435646057128906
2018-08-02,48.82222366333008
2018-08-03,48.963478088378906
2018-08-06,49.21773147583008
2018-08-07,48.75631332397461
2018-08-08,48.789268493652344
2018-08-09,49.17300033569336
2018-08-10,49.02652359008789
2018-08-13,49.34309005737305
2018-08-14,49.55097198486328
2018-08-15,49.666744232177734
2018-08-16,50.39434814453125
2018-08-17,51.40072250366211
2018-08-20,50.899906158447266
2018-08-21,50.80067443847656
2018-08-22,50.80303955078125
2018-08-23,50.9069938659668
2018-08-24,51.06527328491211
2018-08-27,51.48576736450195
2018-08-28,51.90153884887695
2018-08-29,52.67641067504883
2018-08-30,53.160701751708984
2018-08-31,53.77491760253906
2018-09-04,53.94737243652344
2018-09-05,53.595375061035156
2018-09-06,52.70474624633789
2018-09-07,52.27952575683594
2018-09-10,51.577903747558594
2018-09-11,52.881927490234375
2018-09-12,52.22519302368164
2018-09-13,53.486717224121094
2018-09-14,52.87957763671875
2018-09-17,51.47159957885742
2018-09-18,51.556640625
2018-09-19,51.58735275268555
2018-09-20,51.97949981689453
2018-09-21,51.41962432861328
2018-09-24,52.1590461730957
2018-09-25,52.489784240722656
2018-09-26,52.0716552734375
2018-09-27,53.14180374145508
2018-09-28,53.32842254638672
2018-10-01,53.68750762939453
2018-10-02,54.164710998535156
2018-10-03,54.82381057739258
2018-10-04,53.859962463378906
2018-10-05,52.985877990722656
2018-10-08,52.863040924072266
2018-10-09,53.595375061035156
2018-10-10,51.11250305175781
2018-10-11,50.66130065917969
2018-10-12,52.47088623046875
2018-10-15,51.348758697509766
2018-10-16,52.48032760620117
2018-10-17,52.253543853759766
2018-10-18,51.032196044921875
2018-10-19,51.809417724609375
2018-10-22,52.12596130371094
2018-10-23,52.617347717285156
2018-10-24,50.81249237060547
2018-10-25,51.925174713134766
2018-10-26,51.09834289550781
2018-10-29,50.13920593261719
2018-10-30,50.389625549316406
2018-10-31,51.70310592651367
2018-11-01,52.49687194824219
2018-11-02,49.01471710205078
2018-11-05,47.62327194213867
2018-11-06,48.13828659057617
2018-11-07,49.59822463989258
2018-11-08,49.4251708984375
2018-11-09,48.47217559814453
2018-11-12,46.030426025390625
2018-11-13,45.57052993774414
2018-11-14,44.283294677734375
2018-11-15,45.376136779785156
2018-11-16,45.87871551513672
2018-11-19,44.06044387817383
2018-11-20,41.95532989501953
2018-11-21,41.90791702270508
2018-11-23,40.8434944152832
2018-11-26,41.3958625793457
2018-11-27,41.305782318115234
2018-11-28,42.89408874511719
2018-11-29,42.56458282470703
2018-11-30,42.334617614746094
2018-12-03,43.81389617919922
2018-12-04,41.88657760620117
2018-12-06,41.41956329345703
2018-12-07,39.94267654418945
2018-12-10,40.205806732177734
2018-12-11,39.975852966308594
2018-12-12,40.0872802734375
2018-12-13,40.525848388671875
2018-12-14,39.229103088378906
2018-12-17,38.8640251159668
2018-12-18,39.368980407714844
2018-12-19,38.1409912109375
2018-12-20,37.17851638793945
2018-12-21,35.73242950439453
2018-12-24,34.807891845703125
2018-12-26,37.25910949707031
2018-12-27,37.01731872558594
2018-12-28,37.036285400390625
2018-12-31,37.39424133300781
2019-01-02,37.43691635131836
2019-01-03,33.70792007446289
2019-01-04,35.14689254760742
2019-01-07,35.06865692138672
2019-01-08,35.73717498779297
2019-01-09,36.34405517578125
2019-01-10,36.4602165222168
2019-01-11,36.10226058959961
2019-01-14,35.559391021728516
2019-01-15,36.28717041015625
2019-01-16,36.73046875
2019-01-17,36.94856643676758
2019-01-18,37.176151275634766
2019-01-22,36.34168243408203
2019-01-23,36.48865509033203
2019-01-24,36.19944763183594
2019-01-25,37.39898681640625
2019-01-28,37.0528678894043
2019-01-29,36.66883087158203
2019-01-30,39.174591064453125
2019-01-31,39.456687927246094
2019-02-01,39.47566604614258
2019-02-04,40.596961975097656
2019-02-05,41.29154968261719
2019-02-06,41.305782318115234
2019-02-07,40.52347946166992
2019-02-08,40.57108688354492
2019-02-11,40.33776092529297
2019-02-12,40.68537139892578
2019-02-13,40.51633071899414
2019-02-14,40.66393280029297
2019-02-15,40.573463439941406
2019-02-19,40.694889068603516
2019-02-20,40.95676803588867
2019-02-21,40.7258415222168
2019-02-22,41.180564880371094
2019-02-25,41.480560302734375
2019-02-26,41.50434875488281
2019-02-27,41.6329231262207
2019-02-28,41.223419189453125
2019-03-01,41.6567268371582
2019-03-04,41.86623764038086
2019-03-05,41.79005813598633
2019-03-06,41.549598693847656
2019-03-07,41.068668365478516
2019-03-08,41.16627883911133
2019-03-11,42.59238815307617
2019-03-12,43.070926666259766
2019-03-13,43.261375427246094
2019-03-14,43.742305755615234
2019-03-15,44.31130599975586
2019-03-18,44.76365661621094
2019-03-19,44.4089241027832
2019-03-20,44.796993255615234
2019-03-21,46.446876525878906
2019-03-22,45.485050201416016
2019-03-25,44.93507766723633
2019-03-26,44.4708251953125
2019-03-27,44.87080001831055
2019-03-28,44.930320739746094
2019-03-29,45.22316360473633
2019-04-01,45.5302734375
2019-04-02,46.1921272277832
2019-04-03,46.5087890625
2019-04-04,46.589725494384766
2019-04-05,46.90161895751953
2019-04-08,47.63966369628906
2019-04-09,47.496803283691406
2019-04-10,47.76346206665039
2019-04-11,47.365867614746094
2019-04-12,47.34682846069336
2019-04-15,47.43253707885742
2019-04-16,47.43730163574219
2019-04-17,48.36103439331055
2019-04-18,48.53483581542969
2019-04-22,48.69434356689453
2019-04-23,49.39667510986328
2019-04-24,49.32051467895508
2019-04-25,48.87290954589844
2019-04-26,48.63959503173828
2019-04-29,48.71338653564453
2019-04-30,47.775367736816406
2019-05-01,50.12044143676758
2019-05-02,49.79428482055664
2019-05-03,50.41328048706055
2019-05-06,49.6347541809082
2019-05-07,48.29674530029297
2019-05-08,48.3062858581543
2019-05-09,47.78727340698242
2019-05-10,47.12523651123047
2019-05-13,44.3863525390625
2019-05-14,45.08900833129883
2019-05-15,45.6291389465332
2019-05-16,45.42837142944336
2019-05-17,45.17026138305664
2019-05-20,43.75779724121094
2019-05-21,44.596675872802734
2019-05-22,43.68369674682617
2019-05-23,42.93803405761719
2019-05-24,42.773136138916016
2019-05-28,42.59627914428711
2019-05-29,42.39311981201172
2019-05-30,42.61301040649414
2019-05-31,41.8410530090332
2019-06-03,41.418025970458984
2019-06-04,42.93326950073242
2019-06-05,43.6263427734375
2019-06-06,44.26686096191406
2019-06-07,45.44510269165039
2019-06-10,46.0258674621582
2019-06-11,46.55883026123047
2019-06-12,46.410648345947266
2019-06-13,46.40108871459961
2019-06-14,46.064109802246094
2019-06-17,46.33894729614258
2019-06-18,47.42876434326172
2019-06-19,47.2901496887207
2019-06-20,47.670169830322266
2019-06-21,47.50764846801758
2019-06-24,47.45985412597656
2019-06-25,46.74045944213867
2019-06-26,47.751426696777344
2019-06-27,47.73707580566406
2019-06-28,47.3021125793457
2019-07-01,48.16966247558594
2019-07-02,48.4516716003418
2019-07-03,48.85319900512695
2019-07-05,48.8101806640625
2019-07-08,47.803993225097656
2019-07-09,48.09557342529297
2019-07-10,48.5711784362793
2019-07-11,48.217464447021484
2019-07-12,48.58791732788086
2019-07-15,49.044395446777344
2019-07-16,48.87470626831055
2019-07-17,48.59986114501953
2019-07-18,49.151939392089844
2019-07-19,48.4182243347168
2019-07-22,49.52477264404297
2019-07-23,49.91194534301758
2019-07-24,49.871307373046875
2019-07-25,49.47697830200195
2019-07-26,49.64905548095703
2019-07-29,50.112709045410156
2019-07-30,49.89760208129883
2019-07-31,50.91571807861328
2019-08-01,49.813968658447266
2019-08-02,48.75999069213867
2019-08-05,46.2075080871582
2019-08-06,47.082237243652344
2019-08-07,47.569786071777344
2019-08-08,48.61897277832031
2019-08-09,48.218345642089844
2019-08-12,48.09598922729492
2019-08-13,50.132774353027344
2019-08-14,48.64058303833008
2019-08-15,48.39826202392578
2019-08-16,49.54020309448242
2019-08-19,50.46384048461914
2019-08-20,50.46624755859375
2019-08-21,51.01321792602539
2019-08-22,50.97004699707031
2019-08-23,48.61418151855469
2019-08-26,49.537803649902344
2019-08-27,48.97883224487305
2019-08-28,49.3075065612793
2019-08-29,50.142372131347656
2019-08-30,50.077598571777344
2019-09-03,49.34828186035156
2019-09-04,50.1855583190918
2019-09-05,51.166744232177734
2019-09-06,51.161956787109375
2019-09-09,51.38027572631836
2019-09-10,51.98723602294922
2019-09-11,53.64016342163086
2019-09-12,53.52021408081055
2019-09-13,52.479034423828125
2019-09-16,52.75492858886719
2019-09-17,52.94684600830078
2019-09-18,53.44345474243164
2019-09-19,53.00921630859375
2019-09-20,52.23432922363281
2019-09-23,52.471832275390625
2019-09-24,52.22233200073242
2019-09-25,53.0260124206543
2019-09-26,52.752532958984375
2019-09-27,52.495826721191406
2019-09-30,53.73133087158203
2019-10-01,53.88008117675781
2019-10-02,52.529415130615234
2019-10-03,52.97563552856445
2019-10-04,54.460636138916016
2019-10-07,54.472633361816406
2019-10-08,53.83449935913086
2019-10-09,54.46544647216797
2019-10-10,55.19955062866211
2019-10-11,56.66777038574219
2019-10-14,56.58618927001953
2019-10-15,56.45424270629883
2019-10-16,56.22633361816406
2019-10-17,56.44464874267578
2019-10-18,56.715736389160156
2019-10-21,57.699344635009766
2019-10-22,57.56739807128906
2019-10-23,58.33987808227539
2019-10-24,58.43585205078125
2019-10-25,59.15556335449219
2019-10-28,59.74813461303711
2019-10-29,58.36628341674805
2019-10-30,58.35908126831055
2019-10-31,59.67855453491211
2019-11-01,61.37228012084961
2019-11-04,61.77531814575195
2019-11-05,61.68655014038086
2019-11-06,61.71295166015625
2019-11-07,62.425193786621094
2019-11-08,62.59602737426758
2019-11-11,63.09172439575195
2019-11-12,63.033966064453125
2019-11-13,63.63794708251953
2019-11-14,63.19759750366211
2019-11-15,63.948333740234375
2019-11-18,64.2707748413086
2019-11-19,64.07589721679688
2019-11-20,63.32993698120117
2019-11-21,63.04600524902344
2019-11-22,62.99067306518555
2019-11-25,64.09512329101562
2019-11-26,63.59463119506836
2019-11-27,64.44884490966797
2019-11-29,64.3068618774414
2019-12-02,63.5633430480957
2019-12-03,62.43000411987305
2019-12-04,62.98102951049805
2019-12-05,63.90504455566406
2019-12-06,65.13941955566406
2019-12-09,64.22745513916016
2019-12-10,64.60285186767578
2019-12-11,65.15386962890625
2019-12-12,65.31990051269531
2019-12-13,66.20782470703125
2019-12-16,67.3411636352539
2019-12-17,67.4735107421875
2019-12-18,67.31227111816406
2019-12-19,67.3796615600586
2019-12-20,67.24007415771484
2019-12-23,68.33731842041016
2019-12-24,68.40228271484375
2019-12-26,69.75940704345703
2019-12-27,69.73294067382812
2019-12-30,70.14679718017578
2019-12-31,70.65935516357422
2020-01-02,72.27155303955078
2020-01-03,71.56891632080078
2020-01-06,72.13919830322266
2020-01-07,71.79991149902344
2020-01-08,72.95490264892578
2020-01-09,74.50456237792969
2020-01-10,74.67295837402344
2020-01-13,76.26830291748047
2020-01-14,75.23844909667969
2020-01-15,74.91600799560547
2020-01-16,75.85445404052734
2020-01-17,76.69424438476562
2020-01-21,76.1744613647461
2020-01-22,76.44638061523438
2020-01-23,76.8145523071289
2020-01-24,76.59315490722656
2020-01-27,74.34092712402344
2020-01-28,76.4439697265625
2020-01-29,78.04410552978516
2020-01-30,77.93101501464844
2020-01-31,74.47566223144531
2020-02-03,74.2711410522461
2020-02-04,76.72307586669922
2020-02-05,77.34872436523438
2020-02-06,78.25348663330078
2020-02-07,77.1897964477539
2020-02-10,77.55641174316406
2020-02-11,77.0885009765625
2020-02-12,78.9191665649414
2020-02-13,78.35717010498047
2020-02-14,78.37646484375
2020-02-18,76.94137573242188
2020-02-19,78.05567169189453
2020-02-20,77.2549057006836
2020-02-21,75.50624084472656
2020-02-24,71.9196548461914
2020-02-25,69.48359680175781
2020-02-26,70.58587646484375
2020-02-27,65.97180938720703
2020-02-28,65.93318176269531
2020-03-02,72.0716323852539
2020-03-03,69.78266143798828
2020-03-04,73.01953125
2020-03-05,70.65098571777344
2020-03-06,69.71271514892578
2020-03-09,64.19901275634766
2020-03-10,68.82270812988281
2020-03-11,66.43246459960938
2020-03-12,59.87195587158203
2020-03-13,67.04510498046875
2020-03-16,58.419960021972656
2020-03-17,60.98869323730469
2020-03-18,59.495697021484375
2020-03-19,59.03983688354492
2020-03-20,55.291656494140625
2020-03-23,54.117034912109375
2020-03-24,59.54634094238281
2020-03-25,59.21831512451172
2020-03-26,62.334556579589844
2020-03-27,59.7537727355957
2020-03-30,61.45902633666992
2020-03-31,61.33359909057617
2020-04-01,58.10639953613281
2020-04-02,59.076011657714844
2020-04-03,58.227012634277344
2020-04-06,63.306583404541016
2020-04-07,62.57334899902344
2020-04-08,64.17488861083984
2020-04-09,64.6379623413086
2020-04-13,65.90668487548828
2020-04-14,69.23516845703125
2020-04-15,68.60323333740234
2020-04-16,69.14835357666016
2020-04-17,68.2100830078125
2020-04-20,66.79425811767578
2020-04-21,64.72962951660156
2020-04-22,66.59407043457031
2020-04-23,66.33599090576172
2020-04-24,68.2510986328125
2020-04-27,68.29930877685547
2020-04-28,67.19224548339844
2020-04-29,69.3991928100586
2020-04-30,70.86322021484375
2020-05-01,69.72236633300781
2020-05-04,70.7088851928711
2020-05-05,71.77015686035156
2020-05-06,72.51058197021484
2020-05-07,73.26072692871094
2020-05-08,75.00445556640625
2020-05-11,76.18468475341797
2020-05-12,75.31400299072266
2020-05-13,74.40465545654297
2020-05-14,74.86174774169922
2020-05-15,74.41915893554688
2020-05-18,76.17257690429688
2020-05-19,75.73240661621094
2020-05-20,77.20525360107422
2020-05-21,76.6296615600586
2020-05-22,77.12305450439453
2020-05-26,76.60065460205078
2020-05-27,76.93440246582031
2020-05-28,76.9682388305664
2020-05-29,76.89329528808594
2020-06-01,77.83890533447266
2020-06-02,78.19925689697266
2020-06-03,78.62976837158203
2020-06-04,77.95259094238281
2020-06-05,80.1727294921875
2020-06-08,80.64677429199219
2020-06-09,83.19343566894531
2020-06-10,85.33378601074219
2020-06-11,81.23688507080078
2020-06-12,81.93822479248047
2020-06-15,82.95159149169922
2020-06-16,85.14998626708984
2020-06-17,85.0314712524414
2020-06-18,85.06531524658203
2020-06-19,84.57923126220703
2020-06-22,86.79212951660156
2020-06-23,88.64469909667969
2020-06-24,87.07991790771484
2020-06-25,88.23596954345703
2020-06-26,85.52484893798828
2020-06-29,87.49591827392578
2020-06-30,88.22630310058594
2020-07-01,88.05944061279297
2020-07-02,88.05944061279297
2020-07-06,90.4150390625
2020-07-07,90.13449096679688
2020-07-08,92.23371887207031
2020-07-09,92.6303482055664
2020-07-10,92.7923812866211
2020-07-13,92.36431884765625
2020-07-14,93.89280700683594
2020-07-15,94.53851318359375
2020-07-16,93.375244140625
2020-07-17,93.18661499023438
2020-07-20,95.15040588378906
2020-07-21,93.83716583251953
2020-07-22,94.10077667236328
2020-07-23,89.81766510009766
2020-07-24,89.59514617919922
2020-07-27,91.71857452392578
2020-07-28,90.2118911743164
2020-07-29,91.94109344482422
2020-07-30,93.05357360839844
2020-07-31,102.79524993896484
2020-08-03,105.38545227050781
2020-08-04,106.08924865722656
2020-08-05,106.4737548828125
2020-08-06,110.18854522705078
2020-08-07,107.68331909179688
2020-08-10,109.24848937988281
2020-08-11,105.99945068359375
2020-08-12,109.52227783203125
2020-08-13,111.46054077148438
2020-08-14,111.3612060546875
2020-08-17,111.0704574584961
2020-08-18,111.99598693847656
2020-08-19,112.13651275634766
2020-08-20,114.6247787475586
2020-08-21,120.53166961669922
2020-08-24,121.9732666015625
2020-08-25,120.97261810302734
2020-08-26,122.61774444580078
2020-08-27,121.15193939208984
2020-08-28,120.95568084716797
2020-08-31,125.05752563476562
2020-09-01,130.03892517089844
2020-09-02,127.34474182128906
2020-09-03,117.14937591552734
2020-09-04,117.22691345214844
2020-09-08,109.33811950683594
2020-09-09,113.6992416381836
2020-09-10,109.9874496459961
2020-09-11,108.54344940185547
2020-09-14,111.79972839355469
2020-09-15,111.97419738769531
2020-09-16,108.66942596435547
2020-09-17,106.93463897705078
2020-09-18,103.54268646240234
2020-09-21,106.68267822265625
2020-09-22,108.35928344726562
2020-09-23,103.81404113769531
2020-09-24,104.88008880615234
2020-09-25,108.81481170654297
2020-09-28,111.41207122802734
2020-09-29,110.56892395019531
2020-09-30,112.23585510253906
2020-10-01,113.18560791015625
2020-10-02,109.53195190429688
2020-10-05,112.9045639038086
2020-10-06,109.66763305664062
2020-10-07,111.52838134765625
2020-10-08,111.4217758178711
2020-10-09,113.36002349853516
2020-10-12,120.56073760986328
2020-10-13,117.36260223388672
2020-10-14,117.4498291015625
2020-10-15,116.98460388183594
2020-10-16,115.3467788696289
2020-10-19,112.4006118774414
2020-10-20,113.88339233398438
2020-10-21,113.26315307617188
2020-10-22,112.17769622802734
2020-10-23,111.48963165283203
2020-10-26,111.49931335449219
2020-10-27,113.00146484375
2020-10-28,107.76811981201172
2020-10-29,111.76097106933594
2020-10-30,105.50033569335938
2020-11-02,105.41312408447266
2020-11-03,107.03157043457031
2020-11-04,111.40237426757812
2020-11-05,115.3564453125
2020-11-06,115.22543334960938
2020-11-09,112.92459869384766
2020-11-10,112.58480834960938
2020-11-11,116.00205993652344
2020-11-12,115.730224609375
2020-11-13,115.77877807617188
2020-11-16,116.78840637207031
2020-11-17,115.90497589111328
2020-11-18,114.58468627929688
2020-11-19,115.17684936523438
2020-11-20,113.9148178100586
2020-11-23,110.52669525146484
2020-11-24,111.80818176269531
2020-11-25,112.64305114746094
2020-11-27,113.18669891357422
2020-11-30,115.57489776611328
2020-12-01,119.13777923583984
2020-12-02,119.48727416992188
2020-12-03,119.35135650634766
2020-12-04,118.68151092529297
2020-12-07,120.1377182006836
2020-12-08,120.74932098388672
2020-12-09,118.22522735595703
2020-12-10,119.642578125
2020-12-11,118.83683776855469
2020-12-14,118.22522735595703
2020-12-15,124.14716339111328
2020-12-16,124.07919311523438
2020-12-17,124.94320678710938
2020-12-18,122.96277618408203
2020-12-21,124.48695373535156
2020-12-22,128.03038024902344
2020-12-23,127.13722229003906
2020-12-24,128.11776733398438
2020-12-28,132.69996643066406
2020-12-29,130.93310546875
2020-12-30,129.81668090820312
2020-12-31,128.8167266845703
2021-01-04,125.63252258300781
2021-01-05,127.185791015625
2021-01-06,122.90452575683594
2021-01-07,127.09843444824219
2021-01-08,128.19541931152344
2021-01-11,125.21501922607422
2021-01-12,125.04029083251953
2021-01-13,127.06932067871094
2021-01-14,125.14712524414062
2021-01-15,123.42876434326172
2021-01-19,124.09862518310547
2021-01-20,128.17599487304688
2021-01-21,132.87472534179688
2021-01-22,135.01048278808594
2021-01-25,138.74813842773438
2021-01-26,138.98114013671875
2021-01-27,137.91323852539062
2021-01-28,133.0883331298828
2021-01-29,128.10804748535156
2021-02-01,130.2244110107422
2021-02-02,131.0496063232422
2021-02-03,130.0302276611328
2021-02-04,133.37953186035156
2021-02-05,132.96633911132812
2021-02-08,133.11215209960938
2021-02-09,132.2371826171875
2021-02-10,131.63438415527344
2021-02-11,131.3815460205078
2021-02-12,131.6148681640625
2021-02-16,129.49539184570312
2021-02-17,127.21054077148438
2021-02-18,126.11192321777344
2021-02-19,126.26747131347656
2021-02-22,122.50483703613281
2021-02-23,122.36871337890625
2021-02-24,121.87284088134766
2021-02-25,117.63380432128906
2021-02-26,117.89630889892578
2021-03-01,124.24518585205078
2021-03-02,121.64924621582031
2021-03-03,118.67410278320312
2021-03-04,116.79766082763672
2021-03-05,118.0518798828125
2021-03-08,113.13223266601562
2021-03-09,117.73101806640625
2021-03-10,116.65180969238281
2021-03-11,118.576904296875
2021-03-12,117.67266845703125
2021-03-15,120.55058288574219
2021-03-16,122.08675384521484
2021-03-17,121.29920196533203
2021-03-18,117.18653106689453
2021-03-19,116.66152954101562
2021-03-22,119.96723175048828
2021-03-23,119.14080047607422
2021-03-24,116.7587661743164
2021-03-25,117.2448959350586
2021-03-26,117.8476791381836
2021-03-29,118.022705078125
2021-03-30,116.57400512695312
2021-03-31,118.7616195678711
2021-04-01,119.58804321289062
2021-04-05,122.4075927734375
2021-04-06,122.70897674560547
2021-04-07,124.35211944580078
2021-04-08,126.743896484375
2021-04-09,129.31068420410156
2021-04-12,127.5994644165039
2021-04-13,130.70095825195312
2021-04-14,128.36753845214844
2021-04-15,130.76901245117188
2021-04-16,130.43846130371094
2021-04-19,131.09962463378906
2021-04-20,129.41757202148438
2021-04-21,129.7967529296875
2021-04-22,128.28005981445312
2021-04-23,130.59400939941406
2021-04-26,130.98297119140625
2021-04-27,130.66207885742188
2021-04-28,129.87457275390625
2021-04-29,129.77731323242188
2021-04-30,127.81336975097656
2021-05-03,128.8634033203125
2021-05-04,124.30350494384766
2021-05-05,124.54656982421875
2021-05-06,126.14107513427734
2021-05-07,126.81307220458984
2021-05-10,123.54072570800781
2021-05-11,122.62523651123047
2021-05-12,119.56717681884766
2021-05-13,121.70976257324219
2021-05-14,124.12507629394531
2021-05-17,122.97584533691406
2021-05-18,121.59290313720703
2021-05-19,121.43709564208984
2021-05-20,123.98873901367188
2021-05-21,122.15776824951172
2021-05-24,123.7842025756836
2021-05-25,123.58944702148438
2021-05-26,123.54072570800781
2021-05-27,122.01168823242188
2021-05-28,121.35918426513672
2021-06-01,121.03777313232422
2021-06-02,121.79742431640625
2021-06-03,120.31709289550781
2021-06-04,122.60579681396484
2021-06-07,122.61552429199219
2021-06-08,123.43359375
2021-06-09,123.81341552734375
2021-06-10,122.8200454711914
2021-06-11,124.02770233154297
2021-06-14,127.07601928710938
2021-06-15,126.2579345703125
2021-06-16,126.75464630126953
2021-06-17,128.3518524169922
2021-06-18,127.05656433105469
2021-06-21,128.84854125976562
2021-06-22,130.48471069335938
2021-06-23,130.21205139160156
2021-06-24,129.92959594726562
2021-06-25,129.6374053955078
2021-06-28,131.2638702392578
2021-06-29,132.7734375
2021-06-30,133.38702392578125
2021-07-01,133.68890380859375
2021-07-02,136.30873107910156
2021-07-06,138.31500244140625
2021-07-07,140.7984619140625
2021-07-08,139.50318908691406
2021-07-09,141.3243865966797
2021-07-12,140.7302703857422
2021-07-13,141.8405303955078
2021-07-14,145.25894165039062
2021-07-15,144.60646057128906
2021-07-16,142.5709686279297
2021-07-19,138.7337646484375
2021-07-20,142.3372039794922
2021-07-21,141.6067657470703
2021-07-22,142.97027587890625
2021-07-23,144.68435668945312
2021-07-26,145.10313415527344
2021-07-27,142.9411163330078
2021-07-28,141.19776916503906
2021-07-29,141.8405303955078
2021-07-30,142.05484008789062
2021-08-02,141.72366333007812
2021-08-03,143.5156707763672
2021-08-04,143.11639404296875
2021-08-05,143.2235107421875
2021-08-06,142.54071044921875
2021-08-09,142.4919891357422
2021-08-10,142.01406860351562
2021-08-11,142.2676544189453
2021-08-12,145.2230224609375
2021-08-13,145.4278106689453
2021-08-16,147.3980712890625
2021-08-17,146.4910125732422
2021-08-18,142.75531005859375
2021-08-19,143.08692932128906
2021-08-20,144.54025268554688
2021-08-23,146.02284240722656
2021-08-24,145.93502807617188
2021-08-25,144.70603942871094
2021-08-26,143.90621948242188
2021-08-27,144.94017028808594
2021-08-30,149.34881591796875
2021-08-31,148.09063720703125
2021-09-01,148.7538299560547
2021-09-02,149.86578369140625
2021-09-03,150.49977111816406
2021-09-07,152.8308868408203
2021-09-08,151.28981018066406
2021-09-09,150.2754669189453
2021-09-10,145.30105590820312
2021-09-13,145.8667755126953
2021-09-14,144.4720001220703
2021-09-15,145.35955810546875
2021-09-16,145.12548828125
2021-09-17,142.4627227783203
2021-09-20,139.41957092285156
2021-09-21,139.89744567871094
2021-09-22,142.2578887939453
2021-09-23,143.2137451171875
2021-09-24,143.30154418945312
2021-09-27,141.78968811035156
2021-09-28,138.4149169921875
2021-09-29,139.3123016357422
2021-09-30,138.0150146484375
2021-10-01,139.13670349121094
2021-10-04,135.71310424804688
2021-10-05,137.63462829589844
2021-10-06,138.5027313232422
2021-10-07,139.7609405517578
2021-10-08,139.3805389404297
2021-10-11,139.29273986816406
2021-10-12,138.0247344970703
2021-10-13,137.43954467773438
2021-10-14,140.21934509277344
2021-10-15,141.27276611328125
2021-10-18,142.940673828125
2021-10-19,145.09620666503906
2021-10-20,145.58389282226562
2021-10-21,145.79847717285156
2021-10-22,145.0279083251953
2021-10-25,144.97915649414062
2021-10-26,145.6424560546875
2021-10-27,145.18402099609375
2021-10-28,148.81239318847656
2021-10-29,146.11061096191406
2021-11-01,145.29127502441406
2021-11-02,146.3251495361328
2021-11-03,147.75897216796875
2021-11-04,147.24203491210938
2021-11-05,147.76950073242188
2021-11-08,146.94898986816406
2021-11-09,147.31040954589844
2021-11-10,144.4874267578125
2021-11-11,144.4386444091797
2021-11-12,146.50941467285156
2021-11-15,146.51922607421875
2021-11-16,147.49600219726562
2021-11-17,149.92820739746094
2021-11-18,154.20657348632812
2021-11-19,156.82440185546875
2021-11-22,157.2834930419922
2021-11-23,157.6644744873047
2021-11-24,158.18214416503906
2021-11-26,153.17115783691406
2021-11-29,156.5215606689453
2021-11-30,161.46417236328125
2021-12-01,160.9464569091797
2021-12-02,159.95986938476562
2021-12-03,158.08444213867188
2021-12-06,161.4837188720703
2021-12-07,167.2076873779297
2021-12-08,171.0171661376953
2021-12-09,170.50927734375
2021-12-10,175.2858123779297
2021-12-13,171.66189575195312
2021-12-14,170.2845916748047
2021-12-15,175.1392822265625
2021-12-16,168.26266479492188
2021-12-17,167.1686248779297
2021-12-20,165.81088256835938
2021-12-21,168.97572326660156
2021-12-22,171.56419372558594
2021-12-23,172.18936157226562
2021-12-27,176.1453857421875
2021-12-28,175.12950134277344
2021-12-29,175.21742248535156
2021-12-30,174.06480407714844
2021-12-31,173.4494171142578
2022-01-03,177.786376953125
2022-01-04,175.53001403808594
2022-01-05,170.8609161376953
2022-01-06,168.00865173339844
2022-01-07,168.17469787597656
2022-01-10,168.1942901611328
2022-01-11,171.0171661376953
2022-01-12,171.45672607421875
2022-01-13,168.1942901611328
2022-01-14,169.0538787841797
2022-01-18,165.85975646972656
2022-01-19,162.37258911132812
2022-01-20,160.69247436523438
2022-01-21,158.64120483398438
2022-01-24,157.86953735351562
2022-01-25,156.072265625
2022-01-26,155.98435974121094
2022-01-27,155.52523803710938
2022-01-28,166.3773956298828
2022-01-31,170.72418212890625
2022-02-01,170.55812072753906
2022-02-02,171.7595672607422
2022-02-03,168.88778686523438
2022-02-04,168.6041717529297
2022-02-07,167.89016723632812
2022-02-08,170.99058532714844
2022-02-09,172.40872192382812
2022-02-10,168.34010314941406
2022-02-11,164.9365234375
2022-02-14,165.17124938964844
2022-02-15,168.99537658691406
2022-02-16,168.7606658935547
2022-02-17,165.17124938964844
2022-02-18,163.62596130371094
2022-02-22,160.71136474609375
2022-02-23,156.55474853515625
2022-02-24,159.1660919189453
2022-02-25,161.22976684570312
2022-02-28,161.49380493164062
2022-03-01,159.61599731445312
2022-03-02,162.90219116210938
2022-03-03,162.5794677734375
2022-03-04,159.58663940429688
2022-03-07,155.8016357421875
2022-03-08,153.98248291015625
2022-03-09,159.3714599609375
2022-03-10,155.03875732421875
2022-03-11,151.33197021484375
2022-03-14,147.31224060058594
2022-03-15,151.68408203125
2022-03-16,156.08526611328125
2022-03-17,157.09262084960938
2022-03-18,160.37884521484375
2022-03-21,161.74815368652344
2022-03-22,165.11257934570312
2022-03-23,166.47203063964844
2022-03-24,170.24728393554688
2022-03-25,170.8829803466797
2022-03-28,171.7436981201172
2022-03-29,175.02989196777344
2022-03-30,173.86599731445312
2022-03-31,170.77540588378906
2022-04-01,170.4820098876953
2022-04-04,174.52133178710938
2022-04-05,171.21554565429688
2022-04-06,168.05645751953125
2022-04-07,168.3596649169922
2022-04-08,166.3546905517578
2022-04-11,162.1099853515625
2022-04-12,163.97802734375
2022-04-13,166.6578369140625
2022-04-14,161.6600799560547
2022-04-18,161.44491577148438
2022-04-19,163.7237548828125
2022-04-20,163.55747985839844
2022-04-21,162.76527404785156
2022-04-22,158.23695373535156
2022-04-25,159.30299377441406
2022-04-26,153.35655212402344
2022-04-27,153.131591796875
2022-04-28,160.04632568359375
2022-04-29,154.18788146972656
2022-05-02,154.49107360839844
2022-05-03,155.97767639160156
2022-05-04,162.3740692138672
2022-05-05,153.3271942138672
2022-05-06,154.052001953125
2022-05-09,148.93914794921875
2022-05-10,151.33883666992188
2022-05-11,143.49325561523438
2022-05-12,139.63412475585938
2022-05-13,144.0907745361328
2022-05-16,142.5529327392578
2022-05-17,146.17698669433594
2022-05-18,137.92984008789062
2022-05-19,134.53103637695312
2022-05-20,134.76609802246094
2022-05-23,140.1728515625
2022-05-24,137.4792938232422
2022-05-25,137.63600158691406
2022-05-26,140.8291015625
2022-05-27,146.56883239746094
2022-05-31,145.78521728515625
2022-06-01,145.6579132080078
2022-06-02,148.10662841796875
2022-06-03,142.396240234375
2022-06-06,143.14065551757812
2022-06-07,145.6579132080078
2022-06-08,144.92333984375
2022-06-09,139.71246337890625
2022-06-10,134.31556701660156
2022-06-13,129.17332458496094
2022-06-14,130.03526306152344
2022-06-15,132.65045166015625
2022-06-16,127.39067840576172
2022-06-17,128.85986328125
2022-06-21,133.0814208984375
2022-06-22,132.57211303710938
2022-06-23,135.43214416503906
2022-06-24,138.7526092529297
2022-06-27,138.7526092529297
2022-06-28,134.6192169189453
2022-06-29,136.37245178222656
2022-06-30,133.91395568847656
2022-07-01,136.07862854003906
2022-07-05,138.65464782714844
2022-07-06,139.98675537109375
2022-07-07,143.34632873535156
2022-07-08,144.0221710205078
2022-07-11,141.8966827392578
2022-07-12,142.86639404296875
2022-07-13,142.50401306152344
2022-07-14,145.4227752685547
2022-07-15,147.0879364013672
2022-07-18,144.0515594482422
2022-07-19,147.90090942382812
2022-07-20,149.8990020751953
2022-07-21,152.16162109375
2022-07-22,150.92747497558594
2022-07-25,149.81085205078125
2022-07-26,148.48854064941406
2022-07-27,153.57208251953125
2022-07-28,154.12059020996094
2022-07-29,159.17471313476562
2022-08-01,158.19515991210938
2022-08-02,156.72598266601562
2022-08-03,162.72036743164062
2022-08-04,162.4069366455078
2022-08-05,162.181396484375
2022-08-08,161.71055603027344
2022-08-09,161.7595672607422
2022-08-10,165.996826171875
2022-08-11,165.26116943359375
2022-08-12,168.802001953125
2022-08-15,169.87110900878906
2022-08-16,169.7141571044922
2022-08-17,171.2050323486328
2022-08-18,170.81271362304688
2022-08-19,168.23309326171875
2022-08-22,164.3588104248047
2022-08-23,164.02528381347656
2022-08-24,164.31954956054688
2022-08-25,166.77166748046875
2022-08-26,160.4844970703125
2022-08-29,158.2874298095703
2022-08-30,155.86474609375
2022-08-31,154.20712280273438
2022-09-01,154.93295288085938
2022-09-02,152.82415771484375
2022-09-06,151.5686798095703
2022-09-07,152.97129821777344
2022-09-08,151.50003051757812
2022-09-09,154.354248046875
2022-09-12,160.2981414794922
2022-09-13,150.89190673828125
2022-09-14,152.33372497558594
2022-09-15,149.45008850097656
2022-09-16,147.81207275390625
2022-09-19,151.51963806152344
2022-09-20,153.8932647705078
2022-09-21,150.77423095703125
2022-09-22,149.81300354003906
2022-09-23,147.54727172851562
2022-09-26,147.8807373046875
2022-09-27,148.85174560546875
2022-09-28,146.9685821533203
2022-09-29,139.7495880126953
2022-09-30,135.55162048339844
2022-10-03,139.72018432617188
2022-10-04,143.3002166748047
2022-10-05,143.59446716308594
2022-10-06,142.64305114746094
2022-10-07,137.4053955078125
2022-10-10,137.72909545898438
2022-10-11,136.31668090820312
2022-10-12,135.6889190673828
2022-10-13,140.24984741210938
2022-10-14,135.7281951904297
2022-10-17,139.6809539794922
2022-10-18,140.99526977539062
2022-10-19,141.10316467285156
2022-10-20,140.6421661376953
2022-10-21,144.4478302001953
2022-10-24,146.58602905273438
2022-10-25,149.42066955566406
2022-10-26,146.4879913330078
2022-10-27,142.02516174316406
2022-10-28,152.75550842285156
2022-10-31,150.40150451660156
2022-11-01,147.76304626464844
2022-11-02,142.25076293945312
2022-11-03,136.21864318847656
2022-11-04,135.95333862304688
2022-11-07,136.48388671875
2022-11-08,137.05369567871094
2022-11-09,132.5048828125
2022-11-10,144.29443359375
2022-11-11,147.07481384277344
2022-11-14,145.67971801757812
2022-11-15,147.40887451171875
2022-11-16,146.18077087402344
2022-11-17,148.07693481445312
2022-11-18,148.6369171142578
2022-11-21,145.41445922851562
2022-11-22,147.54641723632812
2022-11-23,148.4207763671875
2022-11-25,145.51272583007812
2022-11-28,141.69093322753906
2022-11-29,138.69442749023438
2022-11-30,145.43411254882812
2022-12-01,145.7091827392578
2022-12-02,145.21798706054688
2022-12-05,144.0586700439453
2022-12-06,140.40390014648438
2022-12-07,138.4684295654297
2022-12-08,140.14845275878906
2022-12-09,139.6670684814453
2022-12-12,141.9561767578125
2022-12-13,142.91900634765625
2022-12-14,140.69862365722656
2022-12-15,134.10630798339844
2022-12-16,132.1511993408203
2022-12-19,130.04872131347656
2022-12-20,129.97996520996094
2022-12-21,133.07473754882812
2022-12-22,129.91119384765625
2022-12-23,129.54766845703125
2022-12-27,127.74977111816406
2022-12-28,123.82971954345703
2022-12-29,127.3371353149414
2022-12-30,127.65152740478516
2023-01-03,122.8767318725586
2023-01-04,124.14411926269531
2023-01-05,122.82760620117188
2023-01-06,127.34695434570312
2023-01-09,127.86766052246094
2023-01-10,128.43748474121094
2023-01-11,131.14910888671875
2023-01-12,131.0705108642578
2023-01-13,132.39678955078125
2023-01-17,133.5561065673828
2023-01-18,132.83892822265625
2023-01-19,132.8978729248047
2023-01-20,135.4522705078125
2023-01-23,138.63543701171875
2023-01-24,140.03054809570312
2023-01-25,139.37229919433594
2023-01-26,141.4355010986328
2023-01-27,143.37095642089844
2023-01-30,140.49229431152344
2023-01-31,141.7597198486328
2023-02-01,142.8797149658203
2023-02-02,148.1751708984375
2023-02-03,151.79066467285156
2023-02-06,149.0692596435547
2023-02-07,151.93801879882812
2023-02-08,149.25588989257812
2023-02-09,148.22427368164062
2023-02-10,148.58837890625
2023-02-13,151.38282775878906
2023-02-14,150.74322509765625
2023-02-15,152.83908081054688
2023-02-16,151.24508666992188
2023-02-17,150.10366821289062
2023-02-21,146.0989227294922
2023-02-22,146.52203369140625
2023-02-23,147.0041961669922
2023-02-24,144.35736083984375
2023-02-27,145.54791259765625
2023-02-28,145.0460968017578
2023-03-01,142.97979736328125
2023-03-02,143.5701904296875
2023-03-03,148.60806274414062
2023-03-06,151.3631591796875
2023-03-07,149.1688995361328
2023-03-08,150.41851806640625
2023-03-09,148.17510986328125
2023-03-10,146.11865234375
2023-03-13,148.05702209472656
2023-03-14,150.14305114746094
2023-03-15,150.53665161132812
2023-03-16,153.3507537841797
2023-03-17,152.51438903808594
2023-03-20,154.8759307861328
2023-03-21,156.72576904296875
2023-03-22,155.29901123046875
2023-03-23,156.38136291503906
2023-03-24,157.68020629882812
2023-03-27,155.7417755126953
2023-03-28,155.12188720703125
2023-03-29,158.19190979003906
2023-03-30,159.75636291503906
2023-03-31,162.25563049316406
2023-04-03,163.5052490234375
2023-04-04,162.97390747070312
2023-04-05,161.13389587402344
2023-04-06,162.0194854736328
2023-04-10,159.43162536621094
2023-04-11,158.2213897705078
2023-04-12,157.53260803222656
2023-04-13,162.90505981445312
2023-04-14,162.56063842773438
2023-04-17,162.580322265625
2023-04-18,163.80043029785156
2023-04-19,164.94186401367188
2023-04-20,163.97755432128906
2023-04-21,162.3737335205078
2023-04-24,162.67872619628906
2023-04-25,161.1437225341797
2023-04-26,161.13389587402344
2023-04-27,165.70936584472656
2023-04-28,166.95895385742188
2023-05-01,166.8704071044922
2023-05-02,165.83726501464844
2023-05-03,164.76470947265625
2023-05-04,163.13137817382812
2023-05-05,170.78662109375
2023-05-08,170.71771240234375
2023-05-09,169.01544189453125
2023-05-10,170.77676391601562
2023-05-11,170.96371459960938
2023-05-12,170.03749084472656
2023-05-15,169.54483032226562
2023-05-16,169.54483032226562
2023-05-17,170.15576171875
2023-05-18,172.48114013671875
2023-05-19,172.58949279785156
2023-05-22,171.64358520507812
2023-05-23,169.04234313964844
2023-05-24,169.3181915283203
2023-05-25,170.4513702392578
2023-05-26,172.8555145263672
2023-05-30,174.6980743408203
2023-05-31,174.6488494873047
2023-06-01,177.44715881347656
2023-06-02,178.29454040527344
2023-06-05,176.94464111328125
2023-06-06,176.58006286621094
2023-06-07,175.2104949951172
2023-06-08,177.92010498046875
2023-06-09,178.3043670654297
2023-06-12,181.0928497314453
2023-06-13,180.61988830566406
2023-06-14,181.25048828125
2023-06-15,183.2802734375
2023-06-16,182.2062530517578
2023-06-20,182.29493713378906
2023-06-21,181.26034545898438
2023-06-22,184.25572204589844
2023-06-23,183.9404296875
2023-06-26,182.55113220214844
2023-06-27,185.30020141601562
2023-06-28,186.47271728515625
2023-06-29,186.80772399902344
2023-06-30,191.12344360351562
2023-07-03,189.6356201171875
2023-07-05,188.52220153808594
2023-07-06,188.99513244628906
2023-07-07,187.8817138671875
2023-07-10,185.84210205078125
2023-07-11,185.3198699951172
2023-07-12,186.98512268066406
2023-07-13,187.74378967285156
2023-07-14,187.8916473388672
2023-07-17,191.1431884765625
2023-07-18,190.88697814941406
2023-07-19,192.23687744140625
2023-07-20,190.29576110839844
2023-07-21,189.12327575683594
2023-07-24,189.92137145996094
2023-07-25,190.77859497070312
2023-07-26,191.6456756591797
2023-07-27,190.38449096679688
2023-07-28,192.9561767578125
2023-07-31,193.5670623779297
2023-08-01,192.73939514160156
2023-08-02,189.7538604736328
2023-08-03,188.36453247070312
2023-08-04,179.3192596435547
2023-08-07,176.22535705566406
2023-08-08,177.16140747070312
2023-08-09,175.57505798339844
2023-08-10,175.3582305908203
2023-08-11,175.41746520996094
2023-08-14,177.065185546875
2023-08-15,175.08201599121094
2023-08-16,174.21372985839844
2023-08-17,171.6780548095703
2023-08-18,172.16151428222656
2023-08-21,173.49346923828125
2023-08-22,174.86489868164062
2023-08-23,178.70306396484375
2023-08-24,174.02627563476562
2023-08-25,176.22653198242188
2023-08-28,177.78543090820312
2023-08-29,181.66297912597656
2023-08-30,185.1458740234375
2023-08-31,185.36293029785156
2023-09-01,186.93173217773438
2023-09-05,187.16854858398438
2023-09-06,180.46913146972656
2023-09-07,175.19049072265625
2023-09-08,175.80226135253906
2023-09-11,176.96652221679688
2023-09-12,173.9473419189453
2023-09-13,171.88522338867188
2023-09-14,173.39479064941406
2023-09-15,172.67454528808594
2023-09-18,175.59503173828125
2023-09-19,176.68038940429688
2023-09-20,173.1481475830078
2023-09-21,171.60899353027344
2023-09-22,172.45750427246094
2023-09-25,173.73028564453125
2023-09-26,169.665283203125
2023-09-27,168.15565490722656
2023-09-28,168.4122314453125
2023-09-29,168.92527770996094
2023-10-02,171.43138122558594
2023-10-03,170.09939575195312
2023-10-04,171.34259033203125
2023-10-05,172.5758819580078
2023-10-06,175.12144470214844
2023-10-09,176.6014404296875
2023-10-10,176.0094451904297
2023-10-11,177.40065002441406
2023-10-12,178.2985382080078
2023-10-13,176.46331787109375
2023-10-16,176.3350372314453
2023-10-17,174.7859649658203
2023-10-18,173.49346923828125
2023-10-19,173.11856079101562
2023-10-20,170.57298278808594
2023-10-23,170.69137573242188
2023-10-24,171.12551879882812
2023-10-25,168.81675720214844
2023-10-26,164.66290283203125
2023-10-27,165.9751739501953
2023-10-30,168.0175323486328
2023-10-31,168.49114990234375
2023-11-01,171.64842224121094
2023-11-02,175.2003936767578
2023-11-03,174.2926788330078
2023-11-06,176.83822631835938
2023-11-07,179.39366149902344
2023-11-08,180.4494171142578
2023-11-09,179.97579956054688
2023-11-10,184.15489196777344
2023-11-13,182.5741424560547
2023-11-14,185.1823272705078
2023-11-15,185.74546813964844
2023-11-16,187.42498779296875
2023-11-17,187.4052276611328
2023-11-20,189.14404296875
2023-11-21,188.34378051757812
2023-11-22,189.00572204589844
2023-11-24,187.68186950683594
2023-11-27,187.5040283203125
2023-11-28,188.10667419433594
2023-11-29,187.08909606933594
2023-11-30,187.66212463378906
2023-12-01,188.9365692138672
2023-12-04,187.1483612060547
2023-12-05,191.09031677246094
2023-12-06,190.00355529785156
2023-12-07,191.93008422851562
2023-12-08,193.35272216796875
2023-12-11,190.85317993164062
2023-12-12,192.3647918701172
2023-12-13,195.57565307617188
2023-12-14,195.72381591796875
2023-12-15,195.19033813476562
2023-12-18,193.5305633544922
2023-12-19,194.5679168701172
2023-12-20,192.4833221435547
2023-12-21,192.3351287841797
2023-12-22,191.26815795898438
2023-12-26,190.72476196289062
2023-12-27,190.82354736328125
2023-12-28,191.24839782714844
2023-12-29,190.21102905273438
2024-01-02,183.4040069580078
2024-01-03,182.03074645996094
2024-01-04,179.71893310546875
2024-01-05,178.99769592285156
2024-01-08,183.32496643066406
2024-01-09,182.9100341796875
2024-01-10,183.9473876953125
2024-01-11,183.35458374023438
2024-01-12,183.68064880371094
2024-01-16,181.418212890625
2024-01-17,180.4796600341797
2024-01-18,186.35804748535156
2024-01-19,189.252685546875
2024-01-22,191.5546417236328
2024-01-23,192.82908630371094
2024-01-24,192.1573028564453
2024-01-25,191.83126831054688
2024-01-26,190.1023406982422
2024-01-29,189.42066955566406
2024-01-30,185.7751007080078
2024-01-31,182.17892456054688
2024-02-01,184.6093292236328
2024-02-02,183.61148071289062
2024-02-05,185.41944885253906
2024-02-06,187.0199432373047
2024-02-07,187.12860107421875
2024-02-08,186.05174255371094
2024-02-09,186.8134307861328
2024-02-12,185.13174438476562
2024-02-13,183.0445098876953
2024-02-14,182.16409301757812
2024-02-15,181.87722778320312
2024-02-16,180.3439483642578
2024-02-20,179.60205078125
2024-02-21,180.35386657714844
2024-02-22,182.38172912597656
2024-02-23,180.5517120361328
2024-02-26,179.20635986328125
2024-02-27,180.66050720214844
2024-02-28,179.4635467529297
2024-02-29,178.80075073242188
2024-03-01,177.7225341796875
2024-03-04,173.21173095703125
2024-03-05,168.285400390625
2024-03-06,167.29617309570312
2024-03-07,167.177490234375
2024-03-08,168.8888397216797
2024-03-11,170.88705444335938
2024-03-12,171.3618621826172
2024-03-13,169.28453063964844
2024-03-14,171.13436889648438
2024-03-15,170.75843811035156
2024-03-18,171.84658813476562
2024-03-19,174.18115234375
2024-03-20,176.7432098388672
2024-03-21,169.5219268798828
2024-03-22,170.42210388183594
2024-03-25,169.00755310058594
2024-03-26,167.8798370361328
2024-03-27,171.4409942626953
2024-03-28,169.63075256347656
2024-04-01,168.19638061523438
2024-04-02,167.0192108154297
2024-04-03,167.82046508789062
2024-04-04,166.9994354248047
2024-04-05,167.75123596191406
2024-04-08,166.6334228515625
2024-04-09,167.84024047851562
2024-04-10,165.97064208984375
2024-04-11,173.15234375
2024-04-12,174.6460723876953
2024-04-15,170.8276824951172
2024-04-16,167.55340576171875
2024-04-17,166.18829345703125
2024-04-18,165.2386016845703
2024-04-19,163.22064208984375
2024-04-22,164.05157470703125
2024-04-23,165.10012817382812
2024-04-24,167.197265625
2024-04-25,168.05789184570312
2024-04-26,167.4742431640625
2024-04-29,171.62896728515625
2024-04-30,168.49313354492188
2024-05-01,167.4742431640625
2024-05-02,171.1640167236328
2024-05-03,181.4023895263672
2024-05-06,179.75042724609375
2024-05-07,180.43296813964844
2024-05-08,180.76931762695312
2024-05-09,182.57958984375
2024-05-10,181.3215789794922
2024-05-13,184.52108764648438
2024-05-14,185.66024780273438
2024-05-15,187.9285888671875
2024-05-16,188.04747009277344
2024-05-17,188.07716369628906
2024-05-20,189.23611450195312
2024-05-21,190.53375244140625
2024-05-22,189.0974884033203
2024-05-23,185.1154327392578
2024-05-24,188.18614196777344
2024-05-28,188.19606018066406
2024-05-29,188.4932098388672
2024-05-30,189.48377990722656
2024-05-31,190.43470764160156
2024-06-03,192.19790649414062
2024-06-04,192.51487731933594
2024-06-05,194.02052307128906
2024-06-06,192.6436309814453
2024-06-07,195.03091430664062
2024-06-10,191.29647827148438
2024-06-11,205.19398498535156
2024-06-12,211.05813598632812
2024-06-13,212.21710205078125
2024-06-14,210.48361206054688
2024-06-17,214.6240997314453
2024-06-18,212.26658630371094
2024-06-20,207.70013427734375
2024-06-21,205.53082275390625
2024-06-24,206.17466735839844
2024-06-25,207.0959014892578
2024-06-26,211.23643493652344
2024-06-27,212.0784149169922
2024-06-28,208.63125610351562
2024-07-01,214.703369140625
2024-07-02,218.19012451171875
2024-07-03,219.45803833007812
2024-07-05,224.20278930664062
2024-07-08,225.66883850097656
2024-07-09,226.5207061767578
2024-07-10,230.78009033203125
2024-07-11,225.4212188720703
2024-07-12,228.36317443847656
2024-07-15,232.18670654296875
2024-07-16,232.60275268554688
2024-07-17,226.71884155273438
2024-07-18,222.06320190429688
2024-07-19,222.1919708251953
2024-07-22,221.84530639648438
2024-07-23,222.88536071777344
2024-07-24,216.4764404296875
2024-07-25,215.43638610839844
2024-07-26,215.90194702148438
2024-07-29,216.1793212890625
2024-07-30,216.73402404785156
2024-07-31,219.9830322265625
2024-08-01,216.29815673828125
2024-08-02,217.7839813232422
2024-08-05,207.29403686523438
2024-08-06,205.2732696533203
2024-08-07,207.8388214111328
2024-08-08,211.29583740234375
2024-08-09,214.19821166992188
2024-08-12,215.7254180908203
2024-08-13,219.43438720703125
2024-08-14,219.88064575195312
2024-08-15,222.85577392578125
2024-08-16,224.1747283935547
2024-08-19,224.01605224609375
2024-08-20,224.63088989257812
2024-08-21,224.52183532714844
2024-08-22,222.66734313964844
2024-08-23,224.9581756591797
2024-08-26,225.29534912109375
2024-08-27,226.1383056640625
2024-08-28,224.61109924316406
2024-08-29,227.88368225097656
2024-08-30,227.1002655029297
2024-09-03,220.9219512939453
2024-09-04,219.01788330078125
2024-09-05,220.53518676757812
2024-09-06,218.9881134033203
2024-09-09,219.07740783691406
2024-09-10,218.2840118408203
2024-09-11,220.81288146972656
2024-09-12,220.9219512939453
2024-09-13,220.65415954589844
2024-09-16,214.52548217773438
2024-09-17,214.99156188964844
2024-09-18,218.8591766357422
2024-09-19,226.97134399414062
2024-09-20,226.30691528320312
2024-09-23,224.59124755859375
2024-09-24,225.48377990722656
2024-09-25,224.49208068847656
2024-09-26,225.632568359375
2024-09-27,225.90028381347656
2024-09-30,231.06707763671875
2024-10-01,224.33340454101562
2024-10-02,224.89865112304688
2024-10-03,223.79788208007812
2024-10-04,224.91851806640625
2024-10-07,219.85092163085938
2024-10-08,223.89706420898438
2024-10-09,227.6357879638672
2024-10-10,227.13990783691406
2024-10-11,225.6623077392578
2024-10-14,229.38119506835938
2024-10-15,231.9100341796875
2024-10-16,229.857177734375
2024-10-17,230.22415161132812
2024-10-18,233.05047607421875
2024-10-21,234.51820373535156
2024-10-22,233.9033660888672
2024-10-23,228.8456573486328
2024-10-24,228.65724182128906
2024-10-25,229.4902801513672
2024-10-28,231.46376037597656
2024-10-29,231.73150634765625
2024-10-30,228.19113159179688
2024-10-31,224.03591918945312
2024-11-01,221.060791015625
2024-11-04,220.1682586669922
2024-11-05,221.59629821777344
2024-11-06,220.8723602294922
2024-11-07,225.59288024902344
2024-11-08,225.32481384277344
2024-11-11,222.61447143554688
2024-11-12,222.61447143554688
2024-11-13,223.49807739257812
2024-11-14,226.5757598876953
2024-11-15,223.37892150878906
2024-11-18,226.37718200683594
2024-11-19,226.63531494140625
2024-11-20,227.35011291503906
2024-11-21,226.8735809326172
2024-11-22,228.21385192871094
2024-11-25,231.19223022460938
2024-11-26,233.366455078125
2024-11-27,233.23739624023438
2024-11-29,235.6201171875
2024-12-02,237.86380004882812
2024-12-03,240.90176391601562
2024-12-04,241.2591552734375
2024-12-05,241.28895568847656
2024-12-06,241.09039306640625
2024-12-09,244.9722442626953
2024-12-10,245.98489379882812
2024-12-11,244.71409606933594
2024-12-12,246.17352294921875
2024-12-13,246.34230041503906
2024-12-16,249.2313232421875
2024-12-17,251.65371704101562
2024-12-18,246.2628631591797
2024-12-19,247.9903106689453
2024-12-20,252.65647888183594
2024-12-23,253.4308624267578
2024-12-24,256.3397521972656
2024-12-26,257.15380859375
2024-12-27,253.74853515625
2024-12-30,250.3829803466797
2024-12-31,248.6157989501953
2025-01-02,242.0931396484375
2025-01-03,241.60667419433594
2025-01-06,243.2348175048828
2025-01-07,240.4649658203125
2025-01-08,240.95140075683594
2025-01-10,235.14356994628906
2025-01-13,232.7112274169922
2025-01-14,231.59927368164062
2025-01-15,236.1562042236328
2025-01-16,226.61546325683594
2025-01-17,228.32305908203125
2025-01-21,221.0359344482422
2025-01-22,222.21734619140625
2025-01-23,222.04859924316406
2025-01-24,221.17494201660156
2025-01-27,228.20391845703125
2025-01-28,236.54339599609375
2025-01-29,237.63548278808594
2025-01-30,235.87823486328125
2025-01-31,234.29971313476562
2025-02-03,226.36724853515625
2025-02-04,231.12274169921875
2025-02-05,230.7951202392578
2025-02-06,231.53970336914062
2025-02-07,225.98997497558594
2025-02-10,226.25833129882812
2025-02-11,231.1979522705078
2025-02-12,235.42198181152344
2025-02-13,240.05348205566406
2025-02-14,243.10470581054688
2025-02-18,242.97552490234375
2025-02-19,243.373046875
2025-02-20,244.3271942138672
2025-02-21,244.04891967773438
2025-02-24,245.58944702148438
2025-02-25,245.52978515625
2025-02-26,238.89064025878906
2025-02-27,235.84934997558594
2025-02-28,240.36158752441406
2025-03-03,236.5748748779297
2025-03-04,234.48773193359375
2025-03-05,234.2989044189453
2025-03-06,233.89138793945312
2025-03-07,237.60853576660156
2025-03-10,226.08937072753906
2025-03-11,219.48995971679688
2025-03-12,215.653564453125
2025-03-13,208.39817810058594
2025-03-14,212.18490600585938
2025-03-17,212.69178771972656
2025-03-18,211.38978576660156
2025-03-19,213.9241943359375
2025-03-20,212.7911834716797
2025-03-21,216.93568420410156
2025-03-24,219.38064575195312
2025-03-25,222.38218688964844
2025-03-26,220.1757354736328
2025-03-27,222.48158264160156
2025-03-28,216.56793212890625
2025-03-31,220.77207946777344
2025-04-01,221.82559204101562
2025-04-02,222.52130126953125
2025-04-03,201.94786071777344
2025-04-04,187.22842407226562
2025-04-07,180.3507080078125
2025-04-08,171.36598205566406
2025-04-09,197.63438415527344
2025-04-10,189.25595092773438
2025-04-11,196.9386444091797
2025-04-14,201.28196716308594
2025-04-15,200.90428161621094
2025-04-16,193.08238220214844
2025-04-17,195.77581787109375
2025-04-21,191.97918701171875
2025-04-22,198.51895141601562
2025-04-23,203.3492431640625
2025-04-24,207.09620666503906
2025-04-25,208.00062561035156
2025-04-28,208.85537719726562
2025-04-29,209.91885375976562
2025-04-30,211.20094299316406
2025-05-01,212.01597595214844
2025-05-02,204.09466552734375
2025-05-05,197.67416381835938
2025-05-06,197.29647827148438
2025-05-07,195.05030822753906
2025-05-08,196.28273010253906
2025-05-09,197.31634521484375
2025-05-12,209.776123046875
2025-05-13,211.90585327148438
2025-05-14,211.30870056152344
2025-05-15,210.4329376220703
2025-05-16,210.24386596679688
2025-05-19,207.7758026123047
2025-05-20,205.8650360107422
2025-05-21,201.11798095703125
2025-05-22,200.39149475097656
2025-05-23,194.33079528808594
2025-05-27,199.2470245361328
2025-05-28,199.45602416992188
2025-05-29,198.98826599121094
2025-05-30,199.8839569091797
2025-06-02,200.7298583984375
2025-06-03,202.2923126220703
2025-06-04,201.844482421875
2025-06-05,199.6649932861328
2025-06-06,202.93917846679688
2025-06-09,200.48104858398438
2025-06-10,201.69517517089844
2025-06-11,197.8238983154297
2025-06-12,198.24188232421875
2025-06-13,195.50511169433594
2025-06-16,197.46563720703125
2025-06-17,194.69900512695312
2025-06-18,195.6344757080078
2025-06-20,200.0332489013672
2025-06-23,200.5308074951172
2025-06-24,199.3365936279297
2025-06-25,200.59051513671875
2025-06-26,200.0332489013672
2025-06-27,200.11285400390625
2025-06-30,204.18316650390625
2025-07-01,206.8204345703125
2025-07-02,211.418212890625
2025-07-03,212.5228729248047
2025-07-07,208.940185546875
2025-07-08,208.9998779296875
2025-07-09,210.12445068359375
2025-07-10,211.3883514404297
2025-07-11,210.14434814453125
2025-07-14,207.6165771484375
2025-07-15,208.10421752929688
2025-07-16,209.149169921875
2025-07-17,209.0098419189453
2025-07-18,210.16424560546875
2025-07-21,211.45799255371094
2025-07-22,213.36878967285156
2025-07-23,213.11996459960938
2025-07-24,212.73184204101562
2025-07-25,212.8512725830078
2025-07-28,213.0204620361328
2025-07-29,210.2538299560547
2025-07-30,208.04449462890625
2025-07-31,206.57162475585938
2025-08-01,201.40660095214844
2025-08-04,202.37193298339844
2025-08-05,201.9439697265625
2025-08-06,212.2242889404297
2025-08-07,218.97171020507812
2025-08-08,228.24685668945312
2025-08-11,226.34388732910156
2025-08-12,228.80477905273438
2025-08-13,232.4712677001953
2025-08-14,231.9232940673828
2025-08-15,230.73765563964844
2025-08-18,230.04022216796875
2025-08-19,229.71145629882812
2025-08-20,225.17819213867188
2025-08-21,224.072265625
2025-08-22,226.9217529296875
2025-08-25,226.323974609375
2025-08-26,228.46603393554688
2025-08-27,229.6417236328125
2025-08-28,231.70408630371094
2025-08-29,231.28562927246094
2025-09-02,228.87454223632812
2025-09-03,237.59234619140625
2025-09-04,238.89752197265625
2025-09-05,238.80784606933594
2025-09-08,237.0045166015625
2025-09-09,233.48748779296875
2025-09-10,225.95533752441406
2025-09-11,229.18341064453125
2025-09-12,233.2085418701172
2025-09-15,235.82884216308594
2025-09-16,237.27352905273438
2025-09-17,238.1104278564453
2025-09-18,237.0045166015625
2025-09-19,244.59646606445312
2025-09-22,255.13751220703125
2025-09-23,253.4935760498047
2025-09-24,251.38140869140625
2025-09-25,255.9246063232422
2025-09-26,254.51980590820312
2025-09-29,253.4935760498047
2025-09-30,253.69287109375
2025-10-01,254.50985717773438
2025-10-02,256.1836242675781
2025-10-03,257.07037353515625
2025-10-06,255.7452850341797
2025-10-07,255.53607177734375
2025-10-08,257.1102294921875
2025-10-09,253.1050262451172
2025-10-10,244.3673095703125
2025-10-13,246.74851989746094
2025-10-14,246.8581085205078
2025-10-15,248.42233276367188
2025-10-16,246.53929138183594
2025-10-17,251.36146545410156
2025-10-20,261.27484130859375
2025-10-21,261.80291748046875
2025-10-22,257.49884033203125
2025-10-23,258.6246337890625
2025-10-24,261.85272216796875
2025-10-27,267.8207092285156
2025-10-28,268.010009765625
2025-10-29,268.7073974609375
2025-10-30,270.4011535644531
2025-10-31,269.37493896484375
2025-11-03,268.05975341796875
2025-11-04,269.0461730957031
2025-11-05,269.14581298828125
2025-11-06,268.7771301269531
2025-11-07,267.4819030761719
2025-11-10,268.6986083984375
2025-11-11,274.5028076171875
2025-11-12,272.7276306152344
2025-11-13,272.2090759277344
2025-11-14,271.6705017089844
2025-11-17,266.73394775390625
2025-11-18,266.71405029296875
2025-11-19,267.8309631347656
2025-11-20,265.5272521972656
2025-11-21,270.75299072265625
2025-11-24,275.1710205078125
2025-11-25,276.2181701660156
2025-11-26,276.79656982421875
2025-11-28,278.0930480957031
2025-12-01,282.3315124511719
2025-12-02,285.4131164550781
2025-12-03,283.378662109375
2025-12-04,279.9380187988281
2025-12-05,278.02325439453125
2025-12-08,277.1356506347656
2025-12-09,276.4275817871094
2025-12-10,278.02325439453125
2025-12-11,277.2752685546875
2025-12-12,277.5246276855469
2025-12-15,273.3658752441406
2025-12-16,273.8645324707031
2025-12-17,271.10205078125
2025-12-18,271.4511413574219
2025-12-19,272.9271240234375
2025-12-22,270.23443603515625
2025-12-23,271.62066650390625
2025-12-24,273.06671142578125
2025-12-26,272.6578063964844
2025-12-29,273.0168762207031
2025-12-30,272.33868408203125
2025-12-31,271.12200927734375
2026-01-02,270.2743225097656
2026-01-05,266.5345153808594
2026-01-06,261.6477966308594
2026-01-07,259.623291015625
2026-01-08,258.3368225097656
2026-01-09,258.6659240722656
2026-01-12,259.54351806640625
2026-01-13,260.3413391113281
2026-01-14,259.25433349609375
2026-01-15,257.5090637207031
2026-01-16,254.8363494873047
2026-01-20,246.0303192138672
2026-01-21,246.97775268554688
2026-01-22,247.67584228515625
2026-01-23,247.36668395996094
2026-01-26,254.7166748046875
2026-01-27,257.5688781738281
2026-01-28,255.743896484375
2026-01-29,257.5788879394531
2026-01-30,258.775634765625
2026-02-02,269.2770690917969
2026-02-03,268.7485046386719
2026-02-04,275.7394104003906
2026-02-05,275.1610412597656
2026-02-06,277.364990234375
2026-02-09,274.13079833984375
2026-02-10,273.19244384765625
2026-02-11,275.00921630859375
2026-02-12,261.2637634277344
2026-02-13,255.32435607910156
2026-02-17,263.4099426269531
2026-02-18,263.8791198730469
2026-02-19,260.11578369140625
2026-02-20,264.1086730957031
2026-02-23,265.705810546875
2026-02-24,271.6552429199219
2026-02-25,273.74151611328125
2026-02-26,272.4637756347656
2026-02-27,263.70941162109375
2026-03-02,264.2484130859375
2026-03-03,263.2801818847656
2026-03-04,262.0523376464844
2026-03-05,259.8263244628906
2026-03-06,257.0013427734375
2026-03-09,259.41705322265625
2026-03-10,260.3653564453125
2026-03-11,260.34539794921875
2026-03-12,255.3043975830078
2026-03-13,249.6744384765625
2026-03-16,252.36964416503906
2026-03-17,253.77711486816406
2026-03-18,249.49476623535156
2026-03-19,248.5165252685547
2026-03-20,247.54823303222656
2026-03-23,251.04200744628906
2026-03-24,251.1917266845703
2026-03-25,252.16998291015625
2026-03-26,252.43951416015625
2026-03-27,248.35679626464844
2026-03-30,246.19065856933594
2026-03-31,253.33790588378906
2026-04-01,255.1746368408203
2026-04-02,255.464111328125
2026-04-06,258.39886474609375
2026-04-07,253.0484161376953
2026-04-08,258.4388122558594
2026-04-09,260.0259704589844
2026-04-10,260.0159912109375
2026-04-13,258.73828125
2026-04-14,258.3689270019531
2026-04-15,265.95538330078125
2026-04-16,262.9307861328125
2026-04-17,269.7486267089844
2026-04-20,272.5635681152344
2026-04-21,265.69586181640625
2026-04-22,272.68341064453125
2026-04-23,272.9429016113281
2026-04-24,270.5771179199219
2026-04-27,267.1332702636719
2026-04-28,270.2277526855469
2026-04-29,269.688720703125
2026-04-30,270.86663818359375
2026-05-01,279.6409912109375
2026-05-04,276.3368225097656
2026-05-05,283.67376708984375
2026-05-06,286.99786376953125
2026-05-07,286.927978515625
2026-05-08,292.7974853515625
2026-05-11,292.42779541015625
2026-05-12,294.54595947265625
2026-05-13,298.6124572753906
2026-05-14,297.9530334472656
2026-05-15,299.9713134765625
2026-05-18,297.5833435058594
2026-05-19,298.7123718261719
2026-05-20,301.98956298828125
2026-05-21,304.7271728515625
2026-05-22,308.55389404296875
2026-05-26,308.0643005371094
2026-05-27,310.5821533203125
2026-05-28,312.24072265625
2026-05-29,311.7911071777344
2026-06-01,306.0460510253906
2026-06-02,314.92840576171875
2026-06-03,309.9926452636719
2026-06-04,310.9618225097656
2026-06-05,307.0751647949219
2026-06-08,301.2801818847656
2026-06-09,290.29962158203125
2026-06-10,291.3287353515625
2026-06-11,295.375244140625
2026-06-12,290.879150390625
2026-06-15,296.1645812988281
2026-06-16,298.9821472167969
2026-06-17,295.6949768066406
2026-06-18,297.7532043457031
2026-06-22,296.75408935546875
2026-06-23,294.04638671875
2026-06-24,292.8274230957031
2026-06-25,274.91290283203125
2026-06-26,283.53546142578125
2026-06-29,281.4972229003906
2026-06-30,289.11065673828125
2026-07-01,294.1263427734375
2026-07-02,308.3640441894531
2026-07-06,312.3905944824219
2026-07-07,310.3923034667969
2026-07-08,313.1199645996094
2026-07-09,315.947509765625
2026-07-10,315.0483093261719
2026-07-13,317.03656005859375
2026-07-14,314.58868408203125
2026-07-15,327.2178039550781
2026-07-16,332.97283935546875
2026-07-17,333.452392578125
2026-07-20,326.3085632324219
2026-07-21,327.45758056640625
2026-07-22,325.60919189453125
2026-07-23,321.3828430175781
2026-07-24,332.7330322265625
2026-07-27,336.61968994140625
2026-07-28,339.78692626953125
2026-07-29,337.8985900878906
2026-07-30,333.1426696777344
2026-07-31,308.6438293457031
2026-08-03,303.1585693359375
2026-08-04,309.1134033203125
2026-08-05,310.7320251464844
2026-08-06,312.14080810546875
2026-08-07,313.05999755859375
2026-08-10,308.260009765625
2026-08-11,304.9100036621094
2026-08-12,302.25
2026-08-13,305.260009765625
2026-08-14,305.92999267578125
2026-08-17,305.5899963378906
2026-08-18,310.0299987792969
2026-08-19,316.8299865722656
2026-08-20,311.29998779296875
2026-08-21,309.3500061035156
2026-08-24,310.3399963378906
2026-08-25,309.8999938964844
2026-08-26,313.45001220703125
2026-08-27,314.5799865722656
2026-08-28,319.70001220703125
2026-08-31,316.8500061035156
2026-09-01,325.1300048828125
2026-09-02,324.9599914550781
2026-09-03,328.2099914550781
2026-09-04,319.9700012207031
2026-09-08,316.2200012207031
2026-09-09,315.3399963378906
2026-09-10,326.57000732421875
2026-09-11,332.2699890136719
2026-09-14,333.0799865722656
2026-09-15,331.3399963378906
2026-09-16,332.4100036621094
2026-09-17,337.0
2026-09-18,336.1300048828125
2026-09-21,338.9800109863281
2026-09-22,339.75
2026-09-23,337.0199890136719
2026-09-24,335.9200134277344
2026-09-25,341.07000732421875
2026-09-28,338.3999938964844
2026-09-29,329.3999938964844
2026-09-30,333.0199890136719
2026-10-01,330.32000732421875
2026-10-02,333.69000244140625
