Date,close
2008-01-01,73.85987854003906
2008-01-02,73.25343322753906
2008-01-03,72.36090087890625
2008-01-04,72.44630432128906
2008-01-07,70.69535827636719
2008-01-08,73.27267456054688
2008-01-09,74.5047378540039
2008-01-10,73.53958892822266
2008-01-11,75.35671997070312
2008-01-14,76.15103912353516
2008-01-15,76.39874267578125
2008-01-16,71.4790267944336
2008-01-17,70.1914291381836
2008-01-18,67.09098052978516
2008-01-21,64.36207580566406
2008-01-22,60.91570281982422
2008-01-23,65.52368927001953
2008-01-24,64.50299072265625
2008-01-25,68.69031524658203
2008-01-28,67.91094207763672
2008-01-29,65.6539306640625
2008-01-30,65.46601867675781
2008-01-31,67.02906036376953
2008-02-01,67.09098052978516
2008-02-04,66.08311462402344
2008-02-05,64.5820083618164
2008-02-06,64.0631332397461
2008-02-07,63.708675384521484
2008-02-08,61.57979202270508
2008-02-11,60.24736785888672
2008-02-12,60.114967346191406
2008-02-13,62.713623046875
2008-02-14,65.61550903320312
2008-02-15,66.7173080444336
2008-02-18,66.4866943359375
2008-02-19,67.1294174194336
2008-02-20,65.64749908447266
2008-02-21,65.80339813232422
2008-02-22,62.96131896972656
2008-02-25,60.71714401245117
2008-02-26,62.13282012939453
2008-02-27,62.021793365478516
2008-02-28,62.8865852355957
2008-02-29,62.21184539794922
2008-03-03,59.35695266723633
2008-03-04,57.72771453857422
2008-03-05,56.91629409790039
2008-03-07,54.7596549987793
2008-03-10,56.00879669189453
2008-03-11,56.935523986816406
2008-03-12,58.53057861328125
2008-03-13,55.481388092041016
2008-03-14,56.177490234375
2008-03-17,52.35743713378906
2008-03-18,52.56884002685547
2008-03-19,54.347537994384766
2008-03-24,57.30706787109375
2008-03-25,60.38615798950195
2008-03-26,61.46235275268555
2008-03-27,61.206119537353516
2008-03-28,60.087215423583984
2008-03-31,56.85224151611328
2008-04-01,55.925533294677734
2008-04-02,56.713436126708984
2008-04-03,56.84797668457031
2008-04-04,55.25503921508789
2008-04-07,55.66287612915039
2008-04-08,55.882816314697266
2008-04-09,58.927757263183594
2008-04-10,56.65151596069336
2008-04-11,56.80099868774414
2008-04-15,55.65861129760742
2008-04-16,55.87213897705078
2008-04-17,59.839508056640625
2008-04-21,62.38264846801758
2008-04-22,64.41119384765625
2008-04-23,61.72498321533203
2008-04-24,61.6075439453125
2008-04-25,64.07593536376953
2008-04-28,65.05606079101562
2008-04-29,66.47109985351562
2008-04-30,65.45543670654297
2008-05-02,66.15330505371094
2008-05-05,65.6444091796875
2008-05-06,66.25853729248047
2008-05-07,66.21772766113281
2008-05-08,64.77691650390625
2008-05-09,62.378395080566406
2008-05-12,63.04619216918945
2008-05-13,63.57014083862305
2008-05-14,62.90660858154297
2008-05-15,63.49497604370117
2008-05-16,64.43548583984375
2008-05-20,62.752017974853516
2008-05-21,60.55535125732422
2008-05-22,59.4258918762207
2008-05-23,59.32925033569336
2008-05-26,57.8734016418457
2008-05-27,57.233516693115234
2008-05-28,58.03444290161133
2008-05-29,56.66879653930664
2008-05-30,58.77956008911133
2008-06-02,56.28012466430664
2008-06-03,54.386234283447266
2008-06-04,52.1788330078125
2008-06-05,53.60247802734375
2008-06-06,52.928226470947266
2008-06-09,50.83034133911133
2008-06-10,48.62937927246094
2008-06-11,51.377899169921875
2008-06-12,49.88338851928711
2008-06-13,48.19133377075195
2008-06-16,49.35516357421875
2008-06-17,52.120853424072266
2008-06-18,50.17756652832031
2008-06-19,48.22569274902344
2008-06-20,47.164939880371094
2008-06-23,47.04898452758789
2008-06-24,45.50723648071289
2008-06-25,46.13853454589844
2008-06-26,45.54375076293945
2008-06-27,43.8731575012207
2008-06-30,43.263343811035156
2008-07-01,41.45319366455078
2008-07-02,44.13083267211914
2008-07-03,42.27773666381836
2008-07-04,42.95841979980469
2008-07-07,43.17744445800781
2008-07-08,43.02069091796875
2008-07-09,45.447113037109375
2008-07-10,45.273189544677734
2008-07-11,45.85724639892578
2008-07-14,44.30476760864258
2008-07-15,39.43044662475586
2008-07-16,38.80558395385742
2008-07-17,41.169742584228516
2008-07-18,44.42715835571289
2008-07-21,46.54008102416992
2008-07-22,47.29591751098633
2008-07-23,51.73219680786133
2008-07-24,52.13158416748047
2008-07-25,48.375999450683594
2008-07-28,48.40822219848633
2008-07-29,44.20384216308594
2008-07-30,46.984561920166016
2008-07-31,47.16064453125
2008-08-01,47.59654235839844
2008-08-04,47.61586380004883
2008-08-05,50.868988037109375
2008-08-06,52.238948822021484
2008-08-07,53.79572296142578
2008-08-08,55.103416442871094
2008-08-11,56.32307434082031
2008-08-12,54.32825469970703
2008-08-13,52.27975082397461
2008-08-14,50.452423095703125
2008-08-18,51.68710708618164
2008-08-19,51.82882308959961
2008-08-20,53.175167083740234
2008-08-21,50.089534759521484
2008-08-22,51.276973724365234
2008-08-25,51.865325927734375
2008-08-26,53.73775100708008
2008-08-27,52.994789123535156
2008-08-28,52.09722900390625
2008-08-29,54.82856369018555
2008-09-01,55.75619125366211
2008-09-02,57.531986236572266
2008-09-04,55.96018600463867
2008-09-05,53.61750411987305
2008-09-08,55.87644958496094
2008-09-09,55.554351806640625
2008-09-10,54.78561782836914
2008-09-11,53.81075668334961
2008-09-12,53.454315185546875
2008-09-15,51.680660247802734
2008-09-16,52.838050842285156
2008-09-17,50.99138259887695
2008-09-18,52.55460739135742
2008-09-19,55.80987548828125
2008-09-22,55.85926818847656
2008-09-23,52.984066009521484
2008-09-24,54.99605178833008
2008-09-25,55.857112884521484
2008-09-26,53.45002365112305
2008-09-29,51.549678802490234
2008-09-30,52.81012725830078
2008-10-01,55.62520217895508
2008-10-03,54.78776931762695
2008-10-06,51.65275192260742
2008-10-07,48.47907638549805
2008-10-08,47.49991226196289
2008-10-10,44.996185302734375
2008-10-13,50.37726974487305
2008-10-14,49.0008659362793
2008-10-15,48.81834030151367
2008-10-16,46.95235824584961
2008-10-17,44.07716369628906
2008-10-20,46.396217346191406
2008-10-21,46.791316986083984
2008-10-22,45.02839279174805
2008-10-23,46.13424301147461
2008-10-24,41.78173065185547
2008-10-27,40.038124084472656
2008-10-29,40.839054107666016
2008-10-31,43.916107177734375
2008-11-03,45.975345611572266
2008-11-04,47.783348083496094
2008-11-05,47.169227600097656
2008-11-06,45.61890411376953
2008-11-07,46.80204772949219
2008-11-10,47.27015686035156
2008-11-11,43.94832229614258
2008-11-12,43.23112106323242
2008-11-14,43.32990264892578
2008-11-17,40.216346740722656
2008-11-18,39.299461364746094
2008-11-19,37.98747634887695
2008-11-20,35.266876220703125
2008-11-21,36.78070068359375
2008-11-24,35.60615158081055
2008-11-25,35.876708984375
2008-11-26,38.91080856323242
2008-11-27,38.91080856323242
2008-11-28,39.62800216674805
2008-12-01,38.601600646972656
2008-12-02,38.04545974731445
2008-12-03,37.80924606323242
2008-12-04,39.164180755615234
2008-12-05,38.23441696166992
2008-12-08,38.565101623535156
2008-12-10,39.67095184326172
2008-12-11,39.4476203918457
2008-12-12,39.507755279541016
2008-12-15,40.551326751708984
2008-12-16,42.29920959472656
2008-12-17,43.04002380371094
2008-12-18,45.464290618896484
2008-12-19,45.18300247192383
2008-12-22,43.74003601074219
2008-12-23,42.07804489135742
2008-12-24,42.266998291015625
2008-12-26,41.77741241455078
2008-12-29,43.046470642089844
2008-12-30,43.761505126953125
2008-12-31,42.87467956542969
2009-01-02,43.61764144897461
2009-01-05,44.83943557739258
2009-01-06,47.25727081298828
2009-01-07,43.34279251098633
2009-01-09,43.697086334228516
2009-01-12,43.104434967041016
2009-01-13,42.46670150756836
2009-01-14,41.98141098022461
2009-01-15,39.716041564941406
2009-01-16,40.263580322265625
2009-01-19,40.41604232788086
2009-01-20,39.185665130615234
2009-01-21,38.19791030883789
2009-01-22,38.67245864868164
2009-01-23,37.467838287353516
2009-01-27,38.19791030883789
2009-01-28,39.15560531616211
2009-01-29,39.658058166503906
2009-01-30,39.750396728515625
2009-02-02,38.16569900512695
2009-02-03,38.573692321777344
2009-02-04,38.04330825805664
2009-02-05,37.97460174560547
2009-02-06,38.582275390625
2009-02-09,39.48627853393555
2009-02-10,40.66942596435547
2009-02-11,40.13260269165039
2009-02-12,40.10470199584961
2009-02-13,40.547035217285156
2009-02-16,39.25007247924805
2009-02-17,37.804962158203125
2009-02-18,37.637474060058594
2009-02-19,37.98747634887695
2009-02-20,37.212303161621094
2009-02-24,36.696964263916016
2009-02-25,37.11783218383789
2009-02-26,37.568763732910156
2009-02-27,38.20006561279297
2009-03-02,36.31904220581055
2009-03-03,35.7092170715332
2009-03-04,36.031307220458984
2009-03-05,34.41654968261719
2009-03-06,34.4337272644043
2009-03-09,34.3027458190918
2009-03-12,34.29845428466797
2009-03-13,35.82731628417969
2009-03-16,36.28254318237305
2009-03-17,35.565345764160156
2009-03-18,36.20309066772461
2009-03-19,35.74787139892578
2009-03-20,36.044193267822266
2009-03-23,38.00680160522461
2009-03-24,40.44181442260742
2009-03-25,41.74951171875
2009-03-26,42.66209411621094
2009-03-27,43.0078125
2009-03-30,40.605010986328125
2009-03-31,41.803192138671875
2009-04-01,42.945533752441406
2009-04-02,44.515201568603516
2009-04-06,45.70048522949219
2009-04-08,44.95323944091797
2009-04-09,44.85232162475586
2009-04-13,47.169227600097656
2009-04-15,46.49928283691406
2009-04-16,45.78424072265625
2009-04-17,46.033329010009766
2009-04-20,45.82718276977539
2009-04-21,46.686100006103516
2009-04-22,46.782718658447266
2009-04-23,46.917999267578125
2009-04-24,47.68028259277344
2009-04-27,47.901451110839844
2009-04-28,46.03117752075195
2009-04-29,47.255123138427734
2009-04-30,47.255123138427734
2009-05-04,51.50887680053711
2009-05-05,51.2447624206543
2009-05-06,50.33002471923828
2009-05-07,50.51899337768555
2009-05-08,49.1318473815918
2009-05-11,49.25852966308594
2009-05-12,51.332801818847656
2009-05-13,50.00149154663086
2009-05-14,49.97357940673828
2009-05-15,50.8883171081543
2009-05-18,59.18324661254883
2009-05-19,60.63051223754883
2009-05-20,59.29060745239258
2009-05-21,58.878326416015625
2009-05-22,58.82893371582031
2009-05-25,58.56053161621094
2009-05-26,57.375240325927734
2009-05-27,60.51456832885742
2009-05-28,61.83942413330078
2009-05-29,62.03483581542969
2009-06-01,61.568885803222656
2009-06-02,60.029266357421875
2009-06-03,58.867584228515625
2009-06-04,59.642757415771484
2009-06-05,60.922542572021484
2009-06-08,60.12590789794922
2009-06-09,60.993408203125
2009-06-10,64.47199249267578
2009-06-11,66.8447265625
2009-06-12,65.6272201538086
2009-06-15,65.837646484375
2009-06-16,66.40238952636719
2009-06-17,66.34011840820312
2009-06-18,65.48550415039062
2009-06-19,66.94563293457031
2009-06-22,66.69710540771484
2009-06-23,64.20532989501953
2009-06-24,63.005897521972656
2009-06-25,63.2998046875
2009-06-26,64.76075744628906
2009-06-29,65.17137145996094
2009-06-30,64.53813934326172
2009-07-01,64.94227600097656
2009-07-02,64.8558349609375
2009-07-03,65.51497650146484
2009-07-06,61.547119140625
2009-07-07,61.69192123413086
2009-07-08,59.4443359375
2009-07-09,60.50762939453125
2009-07-10,59.597782135009766
2009-07-13,59.3795166015625
2009-07-14,58.893245697021484
2009-07-15,59.72311782836914
2009-07-16,60.099159240722656
2009-07-17,62.09603500366211
2009-07-20,63.69963073730469
2009-07-21,63.14421463012695
2009-07-22,62.46345901489258
2009-07-23,63.06425094604492
2009-07-24,62.6708984375
2009-07-27,61.95558166503906
2009-07-28,61.56874084472656
2009-07-29,61.32020568847656
2009-07-30,63.2933349609375
2009-07-31,64.79530334472656
2009-08-03,64.55110931396484
2009-08-04,63.4964714050293
2009-08-05,62.580142974853516
2009-08-06,61.09976577758789
2009-08-07,60.088348388671875
2009-08-10,59.44648742675781
2009-08-11,59.610740661621094
2009-08-12,60.782073974609375
2009-08-13,61.57307052612305
2009-08-14,61.69192123413086
2009-08-17,60.77991485595703
2009-08-18,62.279762268066406
2009-08-19,62.66227340698242
2009-08-20,63.97191619873047
2009-08-21,63.36248779296875
2009-08-24,64.17073822021484
2009-08-25,64.27017211914062
2009-08-26,63.13124084472656
2009-08-27,62.97563552856445
2009-08-28,63.008052825927734
2009-08-31,63.58075714111328
2009-09-01,62.504512786865234
2009-09-02,62.18681716918945
2009-09-03,62.04202651977539
2009-09-04,62.856773376464844
2009-09-07,63.425148010253906
2009-09-08,62.96915054321289
2009-09-09,63.77309799194336
2009-09-10,64.20963287353516
2009-09-11,64.4560317993164
2009-09-14,64.56623840332031
2009-09-15,65.45014190673828
2009-09-16,65.56035614013672
2009-09-17,66.34270477294922
2009-09-18,65.89102172851562
2009-09-22,66.83758544921875
2009-09-23,67.84251403808594
2009-09-24,70.18519592285156
2009-09-25,69.52605438232422
2009-09-29,69.6470718383789
2009-09-30,71.33926391601562
2009-10-01,71.07125854492188
2009-10-05,70.62824249267578
2009-10-06,71.7347412109375
2009-10-07,72.5149154663086
2009-10-08,72.93202209472656
2009-10-09,72.42632293701172
2009-10-12,73.5760498046875
2009-10-13,73.5760498046875
2009-10-14,73.57386779785156
2009-10-15,74.44265747070312
2009-10-16,74.32810974121094
2009-10-20,73.1027603149414
2009-10-21,71.79740142822266
2009-10-22,72.00920104980469
2009-10-23,73.12869262695312
2009-10-26,73.17190551757812
2009-10-27,72.18640899658203
2009-10-28,70.00150299072266
2009-10-29,69.72704315185547
2009-10-30,70.05121612548828
2009-11-03,69.17811584472656
2009-11-04,70.1916732788086
2009-11-05,70.16575622558594
2009-11-06,70.88542938232422
2009-11-09,73.80078887939453
2009-11-10,73.62789916992188
2009-11-11,75.0283203125
2009-11-12,74.19412994384766
2009-11-13,74.44050598144531
2009-11-16,74.49884796142578
2009-11-17,75.62479400634766
2009-11-18,75.62264251708984
2009-11-19,74.32379913330078
2009-11-20,75.81282806396484
2009-11-23,76.3077163696289
2009-11-24,76.8026351928711
2009-11-25,77.91777801513672
2009-11-26,76.12401580810547
2009-11-27,75.6550521850586
2009-11-30,76.34227752685547
2009-12-01,77.35587310791016
2009-12-02,78.10794067382812
2009-12-03,78.10147094726562
2009-12-04,77.34938049316406
2009-12-07,77.68651580810547
2009-12-08,79.23823547363281
2009-12-09,77.98907470703125
2009-12-10,77.15705108642578
2009-12-11,77.1592025756836
2009-12-14,75.95545959472656
2009-12-15,73.51336669921875
2009-12-16,73.19136047363281
2009-12-17,72.24693298339844
2009-12-18,71.92709350585938
2009-12-21,71.4365005493164
2009-12-22,71.16852569580078
2009-12-23,73.06169128417969
2009-12-24,73.93910217285156
2009-12-29,73.34696960449219
2009-12-30,73.15460968017578
2009-12-31,73.5760498046875
2010-01-04,73.72515869140625
2010-01-05,73.79000091552734
2010-01-06,73.83970642089844
2010-01-07,74.03203582763672
2010-01-08,74.12928009033203
2010-01-11,73.8310546875
2010-01-12,73.27133178710938
2010-01-13,73.01630401611328
2010-01-14,72.77857208251953
2010-01-15,73.2259292602539
2010-01-18,76.35957336425781
2010-01-19,76.90202331542969
2010-01-20,75.90360260009766
2010-01-21,73.98233032226562
2010-01-22,72.48898315429688
2010-01-25,71.60723114013672
2010-01-27,69.03548431396484
2010-01-28,68.8647232055664
2010-01-29,70.4985580444336
2010-02-01,69.14570617675781
2010-02-02,68.25313568115234
2010-02-03,70.13980865478516
2010-02-04,69.8804931640625
2010-02-05,68.00460052490234
2010-02-08,67.74742889404297
2010-02-09,67.9311294555664
2010-02-10,68.8777084350586
2010-02-11,69.07005310058594
2010-02-15,69.75298309326172
2010-02-16,69.43312072753906
2010-02-17,71.57481384277344
2010-02-18,72.77642822265625
2010-02-19,73.21513366699219
2010-02-22,73.33183288574219
2010-02-23,73.52201080322266
2010-02-24,73.50041198730469
2010-02-25,73.09194946289062
2010-02-26,73.68626403808594
2010-03-02,75.42164611816406
2010-03-03,76.79179382324219
2010-03-04,76.9863052368164
2010-03-05,77.1094970703125
2010-03-08,77.1181411743164
2010-03-09,78.28516387939453
2010-03-10,78.42562866210938
2010-03-11,78.96592712402344
2010-03-12,77.85509490966797
2010-03-15,78.343505859375
2010-03-16,77.99989318847656
2010-03-17,78.1338882446289
2010-03-18,77.8399658203125
2010-03-19,78.6590347290039
2010-03-22,79.40462493896484
2010-03-23,81.4317855834961
2010-03-25,83.25362396240234
2010-03-26,84.34716033935547
2010-03-29,84.93498992919922
2010-03-30,82.41942596435547
2010-03-31,83.57131958007812
2010-04-01,83.81985473632812
2010-04-05,84.21964263916016
2010-04-06,83.54536437988281
2010-04-07,83.49568939208984
2010-04-08,82.244384765625
2010-04-09,84.25639343261719
2010-04-12,84.46601867675781
2010-04-13,84.35794830322266
2010-04-15,84.58921813964844
2010-04-16,84.9004135131836
2010-04-19,83.59725952148438
2010-04-20,84.0489273071289
2010-04-21,83.89549255371094
2010-04-22,83.59941101074219
2010-04-23,84.3622817993164
2010-04-26,85.9961166381836
2010-04-27,85.56172180175781
2010-04-28,85.06898498535156
2010-04-29,85.82970428466797
2010-04-30,86.4650650024414
2010-05-03,85.14031219482422
2010-05-04,83.72260284423828
2010-05-05,82.83004760742188
2010-05-06,81.9288558959961
2010-05-07,79.87793731689453
2010-05-10,83.6015625
2010-05-11,84.21101379394531
2010-05-12,85.36073303222656
2010-05-13,84.9479751586914
2010-05-14,84.36014556884766
2010-05-17,83.37033081054688
2010-05-18,81.94181823730469
2010-05-19,80.76399230957031
2010-05-20,80.00325775146484
2010-05-21,78.9486312866211
2010-05-24,78.86219024658203
2010-05-25,77.963134765625
2010-05-26,79.00048828125
2010-05-27,81.97638702392578
2010-05-28,81.98503112792969
2010-05-31,81.6241226196289
2010-06-01,80.18264770507812
2010-06-02,80.09402465820312
2010-06-03,82.36540222167969
2010-06-04,81.50527954101562
2010-06-07,81.11409759521484
2010-06-08,80.51113891601562
2010-06-09,81.29779815673828
2010-06-10,83.35317993164062
2010-06-11,84.66471099853516
2010-06-14,85.83270263671875
2010-06-15,85.43033599853516
2010-06-16,85.95884704589844
2010-06-17,86.8310317993164
2010-06-18,86.63963317871094
2010-06-21,86.95065307617188
2010-06-22,86.4373550415039
2010-06-23,86.9463119506836
2010-06-24,87.0702896118164
2010-06-25,84.72344970703125
2010-06-28,84.85613250732422
2010-06-29,82.84205627441406
2010-06-30,83.4771728515625
2010-07-01,82.9725570678711
2010-07-02,83.20964050292969
2010-07-05,83.31185913085938
2010-07-06,85.43467712402344
2010-07-07,84.27320861816406
2010-07-08,84.63863372802734
2010-07-09,87.12030029296875
2010-07-12,89.15177917480469
2010-07-13,90.15663146972656
2010-07-14,90.75476837158203
2010-07-15,89.72380828857422
2010-07-16,88.69503021240234
2010-07-19,89.08218383789062
2010-07-20,88.9321060180664
2010-07-21,88.43836975097656
2010-07-22,89.49107360839844
2010-07-23,88.6798095703125
2010-07-26,89.25835418701172
2010-07-27,89.906494140625
2010-07-28,90.74607849121094
2010-07-29,91.37682342529297
2010-07-30,92.52088165283203
2010-08-02,92.93194580078125
2010-08-03,92.32730102539062
2010-08-04,91.9945297241211
2010-08-05,91.36157989501953
2010-08-06,90.94615936279297
2010-08-09,90.56770324707031
2010-08-10,91.13972473144531
2010-08-11,90.89395904541016
2010-08-12,90.18272399902344
2010-08-13,90.80912780761719
2010-08-16,90.65472412109375
2010-08-17,92.26640319824219
2010-08-18,95.35057830810547
2010-08-19,97.01228332519531
2010-08-20,97.06232452392578
2010-08-23,95.5528564453125
2010-08-24,96.0770263671875
2010-08-25,95.3636245727539
2010-08-26,94.75898742675781
2010-08-27,93.05374145507812
2010-08-30,92.72967529296875
2010-08-31,92.84060668945312
2010-09-01,93.49312591552734
2010-09-02,95.15482330322266
2010-09-03,95.43758392333984
2010-09-06,95.8877944946289
2010-09-07,95.6615982055664
2010-09-08,94.81333923339844
2010-09-09,97.6517333984375
2010-09-13,99.287353515625
2010-09-14,101.53849029541016
2010-09-15,103.33289337158203
2010-09-16,104.19636535644531
2010-09-17,104.42691802978516
2010-09-20,106.4105453491211
2010-09-21,107.47847747802734
2010-09-22,107.9526138305664
2010-09-23,107.17830657958984
2010-09-24,108.54421997070312
2010-09-27,106.07341003417969
2010-09-28,106.59322357177734
2010-09-29,106.26480865478516
2010-09-30,108.28758239746094
2010-10-01,108.7834701538086
2010-10-04,108.4898452758789
2010-10-05,106.48013305664062
2010-10-06,106.8694839477539
2010-10-07,105.8602523803711
2010-10-08,104.65094757080078
2010-10-11,103.90056610107422
2010-10-12,103.54387664794922
2010-10-13,106.19522094726562
2010-10-14,105.46005249023438
2010-10-15,103.80270385742188
2010-10-18,104.3333969116211
2010-10-19,103.04579162597656
2010-10-20,101.59719848632812
2010-10-21,102.88265228271484
2010-10-22,101.21007537841797
2010-10-25,100.2552261352539
2010-10-26,100.1116943359375
2010-10-27,98.06281280517578
2010-10-28,98.60221862792969
2010-10-29,99.17643737792969
2010-11-01,102.19100189208984
2010-11-02,102.24102020263672
2010-11-03,102.7586898803711
2010-11-04,103.9310073852539
2010-11-08,101.59068298339844
2010-11-09,104.3355712890625
2010-11-10,104.22029876708984
2010-11-11,102.36935424804688
2010-11-12,100.69894409179688
2010-11-15,103.78528594970703
2010-11-16,103.20892333984375
2010-11-18,101.8060302734375
2010-11-19,100.2073745727539
2010-11-22,103.52645874023438
2010-11-23,103.17411041259766
2010-11-24,100.54668426513672
2010-11-25,101.05345916748047
2010-11-26,99.95944213867188
2010-11-29,99.95944213867188
2010-11-30,99.4156723022461
2010-12-01,102.96748352050781
2010-12-02,104.04193878173828
2010-12-03,104.21161651611328
2010-12-06,103.67219543457031
2010-12-07,102.29756164550781
2010-12-08,99.20035552978516
2010-12-09,97.09276580810547
2010-12-10,96.6729965209961
2010-12-13,97.39726257324219
2010-12-14,97.3646469116211
2010-12-15,94.08688354492188
2010-12-16,95.73554229736328
2010-12-20,94.50450134277344
2010-12-21,96.3141098022461
2010-12-22,94.7785415649414
2010-12-23,95.30706787109375
2010-12-24,96.50115966796875
2010-12-27,96.29670715332031
2010-12-28,98.14330291748047
2010-12-29,101.26009368896484
2010-12-30,100.29003143310547
2010-12-31,102.06702423095703
2011-01-03,103.9875717163086
2011-01-04,102.03221130371094
2011-01-05,100.4074935913086
2011-01-06,101.25791931152344
2011-01-07,98.72186279296875
2011-01-10,93.62359619140625
2011-01-11,93.37784576416016
2011-01-12,95.93130493164062
2011-01-13,93.22122192382812
2011-01-14,89.15612030029297
2011-01-17,89.96305847167969
2011-01-18,91.75743865966797
2011-01-19,90.28279113769531
2011-01-20,92.1141586303711
2011-01-21,91.09623718261719
2011-01-24,93.46483612060547
2011-01-25,90.66773986816406
2011-01-27,89.21484375
2011-01-28,89.360595703125
2011-01-31,89.0582504272461
2011-02-01,88.72329711914062
2011-02-02,87.86634063720703
2011-02-03,89.65203094482422
2011-02-04,87.77281951904297
2011-02-07,88.69066619873047
2011-02-08,87.12466430664062
2011-02-09,87.97071838378906
2011-02-10,87.69017028808594
2011-02-11,89.58023834228516
2011-02-14,91.58780670166016
2011-02-15,91.65522766113281
2011-02-16,91.12669372558594
2011-02-17,95.07435607910156
2011-02-18,94.66109466552734
2011-02-21,95.77470397949219
2011-02-22,93.0233154296875
2011-02-23,91.96408081054688
2011-02-24,89.57154846191406
2011-02-25,88.834228515625
2011-02-28,89.2735824584961
2011-03-01,93.04722595214844
2011-03-03,95.40277862548828
2011-03-04,96.49463653564453
2011-03-07,94.53277587890625
2011-03-08,95.98350524902344
2011-03-09,95.96393585205078
2011-03-10,96.06614685058594
2011-03-11,95.1069564819336
2011-03-14,96.34237670898438
2011-03-15,95.03299713134766
2011-03-16,94.99388122558594
2011-03-17,94.89598083496094
2011-03-18,93.49527740478516
2011-03-21,93.71930694580078
2011-03-22,93.59532928466797
2011-03-23,94.14344024658203
2011-03-24,95.3875503540039
2011-03-25,98.53044128417969
2011-03-28,99.90940856933594
2011-03-29,100.27481079101562
2011-03-30,101.85604858398438
2011-03-31,102.04527282714844
2011-04-01,101.5189208984375
2011-04-04,104.43560028076172
2011-04-05,104.2159423828125
2011-04-06,103.35464477539062
2011-04-07,102.43243408203125
2011-04-08,102.3302230834961
2011-04-11,99.87893676757812
2011-04-13,103.05014038085938
2011-04-15,102.79563903808594
2011-04-18,100.56409454345703
2011-04-19,102.1170654296875
2011-04-20,103.1806411743164
2011-04-21,104.86407470703125
2011-04-25,104.00931549072266
2011-04-26,102.65428161621094
2011-04-27,102.3671646118164
2011-04-28,101.69291687011719
2011-04-29,99.85721588134766
2011-05-02,99.6222915649414
2011-05-03,97.25153350830078
2011-05-04,98.37384033203125
2011-05-05,96.59033966064453
2011-05-06,99.93115997314453
2011-05-09,99.1307601928711
2011-05-10,97.71916198730469
2011-05-11,98.35643768310547
2011-05-12,97.44944763183594
2011-05-13,97.92144775390625
2011-05-16,98.00843811035156
2011-05-17,97.98234558105469
2011-05-18,98.6305160522461
2011-05-19,98.91107940673828
2011-05-20,100.7337417602539
2011-05-23,98.51522064208984
2011-05-24,98.10631561279297
2011-05-25,98.08240509033203
2011-05-26,98.49347686767578
2011-05-27,100.2095718383789
2011-05-30,100.38138580322266
2011-05-31,104.3812484741211
2011-06-01,104.32252502441406
2011-06-02,103.38516998291016
2011-06-03,103.22966766357422
2011-06-06,104.30280303955078
2011-06-07,104.09476470947266
2011-06-08,103.1639404296875
2011-06-09,103.49465942382812
2011-06-10,103.47932434082031
2011-06-13,103.9239273071289
2011-06-14,104.35755920410156
2011-06-15,103.93269348144531
2011-06-16,102.62740325927734
2011-06-17,102.90333557128906
2011-06-20,100.70011901855469
2011-06-21,101.86305236816406
2011-06-22,101.73822021484375
2011-06-23,102.22222900390625
2011-06-24,104.38603973388672
2011-06-27,105.83149719238281
2011-06-28,106.13372039794922
2011-06-29,109.02682495117188
2011-06-30,110.18537139892578
2011-07-01,109.55902099609375
2011-07-04,110.91468048095703
2011-07-05,111.30670166015625
2011-07-06,111.48847961425781
2011-07-07,112.38639831542969
2011-07-08,112.09512329101562
2011-07-11,110.57083892822266
2011-07-12,108.61727905273438
2011-07-13,110.36715698242188
2011-07-14,110.807373046875
2011-07-15,111.46439361572266
2011-07-18,112.80033874511719
2011-07-19,111.88050079345703
2011-07-20,110.18318939208984
2011-07-21,108.69393920898438
2011-07-22,109.84373474121094
2011-07-25,110.64310455322266
2011-07-26,109.09907531738281
2011-07-27,109.95323944091797
2011-07-28,106.72285461425781
2011-07-29,106.61334228515625
2011-08-01,106.87615203857422
2011-08-02,105.74826049804688
2011-08-03,105.57306671142578
2011-08-04,104.34661102294922
2011-08-05,103.60196685791016
2011-08-08,101.20384979248047
2011-08-09,101.71852111816406
2011-08-10,105.10218048095703
2011-08-11,105.11314392089844
2011-08-12,102.50694274902344
2011-08-16,99.96644592285156
2011-08-17,102.38648223876953
2011-08-18,101.26954650878906
2011-08-19,100.9300765991211
2011-08-22,99.2218017578125
2011-08-23,100.61251831054688
2011-08-24,99.86788177490234
2011-08-25,97.16313171386719
2011-08-26,96.13379669189453
2011-08-29,99.96644592285156
2011-08-30,103.36105346679688
2011-09-02,103.5472412109375
2011-09-05,102.98876953125
2011-09-06,103.5472412109375
2011-09-07,106.89805603027344
2011-09-08,105.9344253540039
2011-09-09,103.64576721191406
2011-09-12,102.79167175292969
2011-09-13,102.43030548095703
2011-09-14,104.88318634033203
2011-09-15,106.1424789428711
2011-09-16,105.9344253540039
2011-09-19,106.16439056396484
2011-09-20,107.6098403930664
2011-09-21,108.29971313476562
2011-09-22,103.4377212524414
2011-09-23,99.95549774169922
2011-09-26,98.57572174072266
2011-09-27,100.18544006347656
2011-09-28,100.30590057373047
2011-09-29,103.06542205810547
2011-09-30,102.4193344116211
2011-10-03,99.87882995605469
2011-10-04,98.31292724609375
2011-10-05,96.07904815673828
2011-10-07,98.5538330078125
2011-10-10,99.58316802978516
2011-10-11,100.19639587402344
2011-10-12,102.30982971191406
2011-10-13,103.07636260986328
2011-10-14,103.78813934326172
2011-10-17,104.69701385498047
2011-10-18,104.71891784667969
2011-10-19,107.71934509277344
2011-10-20,107.21562194824219
2011-10-21,106.65715026855469
2011-10-24,106.0767822265625
2011-10-25,102.4959945678711
2011-10-28,105.70446014404297
2011-10-31,107.3141860961914
2011-11-01,105.62781524658203
2011-11-02,105.80301666259766
2011-11-03,105.52925872802734
2011-11-04,105.78112030029297
2011-11-08,106.05487060546875
2011-11-09,104.52180480957031
2011-11-11,101.63090515136719
2011-11-14,103.2406234741211
2011-11-15,103.42676544189453
2011-11-16,101.99226379394531
2011-11-17,100.60157012939453
2011-11-18,100.37158966064453
2011-11-21,97.38214111328125
2011-11-22,97.25074005126953
2011-11-23,93.31953430175781
2011-11-24,94.0970230102539
2011-11-25,94.37076568603516
2011-11-28,96.54991912841797
2011-11-29,95.3125
2011-11-30,96.91126251220703
2011-12-01,99.32035064697266
2011-12-02,102.05797576904297
2011-12-05,101.25857543945312
2011-12-07,102.29888153076172
2011-12-08,99.3751220703125
2011-12-09,97.18502807617188
2011-12-12,94.62263488769531
2011-12-13,96.01335144042969
2011-12-14,95.12635040283203
2011-12-15,94.46932220458984
2011-12-16,90.9542465209961
2011-12-19,88.91747283935547
2011-12-20,90.71334075927734
2011-12-21,95.36727142333984
2011-12-22,96.98792266845703
2011-12-23,95.82717895507812
2011-12-26,97.174072265625
2011-12-27,96.29805755615234
2011-12-28,96.31995391845703
2011-12-29,94.08604431152344
2011-12-30,93.4837875366211
2012-01-02,93.4837875366211
2012-01-03,96.17760467529297
2012-01-04,97.08648681640625
2012-01-05,97.16313171386719
2012-01-06,99.27656555175781
2012-01-09,99.80219268798828
2012-01-10,100.67821502685547
2012-01-11,101.32429504394531
2012-01-12,102.20032501220703
2012-01-13,102.84639739990234
2012-01-16,100.85342407226562
2012-01-17,102.58358764648438
2012-01-18,105.54019927978516
2012-01-19,106.61334228515625
2012-01-20,107.43463134765625
2012-01-23,106.00012969970703
2012-01-24,107.05135345458984
2012-01-25,107.35796356201172
2012-01-27,106.04393768310547
2012-01-30,104.9160385131836
2012-01-31,107.77409362792969
2012-02-01,108.88008117675781
2012-02-02,109.04434204101562
2012-02-03,110.8730697631836
2012-02-06,111.19063568115234
2012-02-07,111.54103088378906
2012-02-08,111.35489654541016
2012-02-09,114.44288635253906
2012-02-10,113.33689880371094
2012-02-13,114.3115005493164
2012-02-14,113.42452239990234
2012-02-15,116.74249267578125
2012-02-16,115.29704284667969
2012-02-17,115.70221710205078
2012-02-21,116.52348327636719
2012-02-22,116.39207458496094
2012-02-23,116.764404296875
2012-02-24,114.90281677246094
2012-02-27,112.9207992553711
2012-02-28,116.18402862548828
2012-02-29,113.24931335449219
2012-03-01,112.57037353515625
2012-03-02,113.61067962646484
2012-03-05,111.90240478515625
2012-03-06,111.12492370605469
2012-03-07,112.93175506591797
2012-03-09,114.58526611328125
2012-03-12,113.65447235107422
2012-03-13,114.84808349609375
2012-03-14,115.68030548095703
2012-03-15,111.86956024169922
2012-03-16,111.22348022460938
2012-03-19,109.25240325927734
2012-03-20,110.6869125366211
2012-03-21,112.93175506591797
2012-03-22,110.43506622314453
2012-03-23,112.55944061279297
2012-03-26,112.0556869506836
2012-03-27,113.63255310058594
2012-03-28,112.44991302490234
2012-03-29,111.71625518798828
2012-03-30,113.8515625
2012-04-02,115.71314239501953
2012-04-03,116.11833953857422
2012-04-04,115.31892395019531
2012-04-09,114.26770782470703
2012-04-10,114.94660949707031
2012-04-11,115.29704284667969
2012-04-12,116.1621322631836
2012-04-13,115.93214416503906
2012-04-16,116.01976013183594
2012-04-17,116.12925720214844
2012-04-18,117.74993896484375
2012-04-19,121.34166717529297
2012-04-20,120.69558715820312
2012-04-23,119.43631744384766
2012-04-24,118.66976928710938
2012-04-25,119.72101593017578
2012-04-26,118.37409973144531
2012-04-27,118.51647186279297
2012-04-30,118.81212615966797
2012-05-02,120.43279266357422
2012-05-03,121.34166717529297
2012-05-04,117.71707916259766
2012-05-07,116.56727600097656
2012-05-08,112.86603546142578
2012-05-09,112.27474212646484
2012-05-10,113.33689880371094
2012-05-11,111.81481170654297
2012-05-14,109.62472534179688
2012-05-15,109.30716705322266
2012-05-16,108.45301818847656
2012-05-17,109.02241516113281
2012-05-18,109.62472534179688
2012-05-21,108.9457778930664
2012-05-22,107.14991760253906
2012-05-23,106.70096588134766
2012-05-24,109.43856811523438
2012-05-25,109.5042495727539
2012-05-28,111.42058563232422
2012-05-29,110.58836364746094
2012-05-30,109.64662170410156
2012-05-31,110.86210632324219
2012-06-01,107.40177917480469
2012-06-04,108.55157470703125
2012-06-05,109.83277130126953
2012-06-06,113.862548828125
2012-06-07,117.78276824951172
2012-06-08,118.06747436523438
2012-06-11,118.69168853759766
2012-06-12,120.3670654296875
2012-06-13,118.64785766601562
2012-06-14,117.03816223144531
2012-06-15,119.91812133789062
2012-06-18,117.15859985351562
2012-06-19,117.48714447021484
2012-06-20,116.99436950683594
2012-06-21,118.89971923828125
2012-06-22,119.21727752685547
2012-06-25,117.54188537597656
2012-06-26,119.02018737792969
2012-06-27,120.23564910888672
2012-06-28,121.07447814941406
2012-06-29,124.39656829833984
2012-07-02,126.69224548339844
2012-07-03,127.11164093017578
2012-07-04,127.58623504638672
2012-07-05,128.93272399902344
2012-07-06,128.3588409423828
2012-07-09,127.61933135986328
2012-07-10,129.93710327148438
2012-07-11,129.57286071777344
2012-07-12,128.04978942871094
2012-07-13,129.58389282226562
2012-07-16,128.61270141601562
2012-07-17,128.74513244628906
2012-07-18,129.57286071777344
2012-07-19,130.10264587402344
2012-07-20,128.60162353515625
2012-07-23,126.48255920410156
2012-07-24,126.71432495117188
2012-07-25,127.1557846069336
2012-07-26,124.89323425292969
2012-07-27,129.04310607910156
2012-07-30,129.6280975341797
2012-07-31,129.73843383789062
2012-08-01,129.46249389648438
2012-08-02,128.57957458496094
2012-08-03,129.83775329589844
2012-08-06,132.49761962890625
2012-08-07,132.4645233154297
2012-08-08,132.19964599609375
2012-08-09,133.46888732910156
2012-08-10,132.9170684814453
2012-08-13,134.0869598388672
2012-08-14,134.24147033691406
2012-08-16,132.4534912109375
2012-08-17,131.36085510253906
2012-08-21,131.64781188964844
2012-08-22,131.75816345214844
2012-08-23,131.93475341796875
2012-08-24,131.62571716308594
2012-08-27,131.19529724121094
2012-08-28,130.0915985107422
2012-08-29,129.9149932861328
2012-08-30,131.53746032714844
2012-08-31,131.416015625
2012-09-03,130.33441162109375
2012-09-04,130.25711059570312
2012-09-05,130.69863891601562
2012-09-06,129.8267364501953
2012-09-07,130.32334899902344
2012-09-10,130.4889678955078
2012-09-11,131.20635986328125
2012-09-12,132.26585388183594
2012-09-13,132.26585388183594
2012-09-14,135.25685119628906
2012-09-17,134.27456665039062
2012-09-18,133.64549255371094
2012-09-20,133.96554565429688
2012-09-21,137.99398803710938
2012-09-24,140.1682891845703
2012-09-25,140.58767700195312
2012-09-26,139.23013305664062
2012-09-27,139.24114990234375
2012-09-28,138.876953125
2012-10-01,137.48631286621094
2012-10-03,136.73582458496094
2012-10-04,139.3515625
2012-10-05,137.386962890625
2012-10-08,137.01173400878906
2012-10-09,138.12643432617188
2012-10-10,136.40469360351562
2012-10-11,137.9277801513672
2012-10-12,139.3184356689453
2012-10-15,139.9806365966797
2012-10-16,139.1529083251953
2012-10-17,138.6451873779297
2012-10-18,140.4331512451172
2012-10-19,138.73348999023438
2012-10-22,141.05120849609375
2012-10-23,139.96961975097656
2012-10-25,140.68699645996094
2012-10-29,141.40438842773438
2012-10-30,139.87026977539062
2012-10-31,139.99166870117188
2012-11-01,138.7555389404297
2012-11-02,139.1308135986328
2012-11-05,140.1682891845703
2012-11-06,141.17262268066406
2012-11-07,141.28298950195312
2012-11-08,141.05120849609375
2012-11-09,141.12847900390625
2012-11-12,143.76629638671875
2012-11-15,142.6515655517578
2012-11-16,141.76861572265625
2012-11-19,142.76194763183594
2012-11-20,144.32916259765625
2012-11-21,146.50343322753906
2012-11-22,147.6954345703125
2012-11-23,147.83888244628906
2012-11-26,146.10609436035156
2012-11-27,150.21182250976562
2012-11-29,154.4830780029297
2012-11-30,155.38812255859375
2012-12-03,151.6355743408203
2012-12-04,151.23825073242188
2012-12-05,152.8827362060547
2012-12-06,153.3573455810547
2012-12-07,152.99310302734375
2012-12-10,152.97103881835938
2012-12-11,152.49644470214844
2012-12-12,153.15866088867188
2012-12-13,152.54058837890625
2012-12-14,152.03289794921875
2012-12-17,149.32887268066406
2012-12-18,149.20748901367188
2012-12-19,151.86737060546875
2012-12-20,150.85195922851562
2012-12-21,149.218505859375
2012-12-24,149.24058532714844
2012-12-26,150.16766357421875
2012-12-27,150.12350463867188
2012-12-28,149.58274841308594
2012-12-31,149.79241943359375
2013-01-01,151.0947723388672
2013-01-02,151.723876953125
2013-01-03,150.84092712402344
2013-01-04,149.9579620361328
2013-01-07,147.4967498779297
2013-01-08,147.94924926757812
2013-01-09,147.3422393798828
2013-01-10,149.17434692382812
2013-01-11,147.73956298828125
2013-01-14,147.73956298828125
2013-01-15,147.5188446044922
2013-01-16,145.79705810546875
2013-01-17,147.18771362304688
2013-01-18,146.31582641601562
2013-01-21,145.36663818359375
2013-01-22,144.30709838867188
2013-01-23,144.93621826171875
2013-01-24,145.7529296875
2013-01-25,146.80140686035156
2013-01-28,147.97132873535156
2013-01-29,144.0201416015625
2013-01-30,144.94725036621094
2013-01-31,141.94522094726562
2013-02-01,141.3050537109375
2013-02-04,142.79502868652344
2013-02-05,142.1880340576172
2013-02-06,141.16156005859375
2013-02-07,141.60304260253906
2013-02-08,143.4903564453125
2013-02-11,145.01345825195312
2013-02-12,146.83453369140625
2013-02-13,146.61380004882812
2013-02-14,148.95361328125
2013-02-15,149.38406372070312
2013-02-18,149.218505859375
2013-02-19,148.95361328125
2013-02-20,149.42820739746094
2013-02-21,147.06629943847656
2013-02-22,145.5321807861328
2013-02-25,144.90310668945312
2013-02-26,143.7552490234375
2013-02-27,141.87899780273438
2013-02-28,138.0381622314453
2013-03-01,137.40902709960938
2013-03-04,138.54583740234375
2013-03-05,139.7157440185547
2013-03-06,139.1749267578125
2013-03-07,141.6692657470703
2013-03-08,145.0906982421875
2013-03-11,144.63819885253906
2013-03-12,142.15492248535156
2013-03-13,140.14620971679688
2013-03-14,143.3137969970703
2013-03-15,141.13949584960938
2013-03-18,142.00039672851562
2013-03-19,139.40673828125
2013-03-20,138.07127380371094
2013-03-21,133.9876251220703
2013-03-22,133.6013641357422
2013-03-25,134.51739501953125
2013-03-26,135.64312744140625
2013-03-28,138.0381622314453
2013-04-01,137.70704650878906
2013-04-02,139.04251098632812
2013-04-03,137.6629180908203
2013-04-04,136.0073699951172
2013-04-05,137.06689453125
2013-04-08,137.83949279785156
2013-04-09,136.98965454101562
2013-04-10,139.50608825683594
2013-04-11,141.10638427734375
2013-04-12,142.0886993408203
2013-04-15,141.6140899658203
2013-04-16,146.42617797851562
2013-04-17,145.7087860107422
2013-04-18,148.68870544433594
2013-04-22,154.14093017578125
2013-04-23,152.0880584716797
2013-04-25,152.20948791503906
2013-04-26,152.11013793945312
2013-04-29,153.44566345214844
2013-04-30,150.60914611816406
2013-05-02,152.8606414794922
2013-05-03,150.31114196777344
2013-05-06,149.10813903808594
2013-05-07,151.87838745117188
2013-05-08,153.88710021972656
2013-05-09,152.31985473632812
2013-05-10,155.2556610107422
2013-05-13,152.91583251953125
2013-05-14,152.09912109375
2013-05-15,157.7941436767578
2013-05-16,159.54901123046875
2013-05-17,158.68814086914062
2013-05-20,157.71690368652344
2013-05-21,156.2379913330078
2013-05-22,155.2777557373047
2013-05-23,154.20716857910156
2013-05-24,154.81422424316406
2013-05-27,157.8382568359375
2013-05-28,157.45199584960938
2013-05-29,158.0369873046875
2013-05-30,160.06776428222656
2013-05-31,154.62657165527344
2013-06-03,152.12118530273438
2013-06-04,150.77468872070312
2013-06-05,151.8563232421875
2013-06-06,150.58706665039062
2013-06-07,149.25161743164062
2013-06-10,149.29574584960938
2013-06-11,146.768310546875
2013-06-12,146.55857849121094
2013-06-13,145.8129425048828
2013-06-14,148.02761840820312
2013-06-17,148.5395965576172
2013-06-18,146.33602905273438
2013-06-19,148.06106567382812
2013-06-20,141.6951904296875
2013-06-21,141.39471435546875
2013-06-24,139.19117736816406
2013-06-25,141.11651611328125
2013-06-26,138.63467407226562
2013-06-27,143.8987579345703
2013-06-28,149.0181427001953
2013-07-01,148.8511962890625
2013-07-02,146.13571166992188
2013-07-03,144.82247924804688
2013-07-04,145.8240966796875
2013-07-05,148.6286163330078
2013-07-08,147.00375366210938
2013-07-09,149.19619750976562
2013-07-10,146.74781799316406
2013-07-11,152.07862854003906
2013-07-12,154.8608856201172
2013-07-15,154.7941131591797
2013-07-16,151.0658721923828
2013-07-17,147.54908752441406
2013-07-18,152.267822265625
2013-07-19,151.355224609375
2013-07-22,151.81153869628906
2013-07-23,152.1565399169922
2013-07-24,146.89248657226562
2013-07-25,145.53472900390625
2013-07-26,143.36459350585938
2013-07-29,140.78260803222656
2013-07-30,139.19117736816406
2013-07-31,135.71888732910156
2013-08-01,140.71588134765625
2013-08-02,140.50439453125
2013-08-05,140.82716369628906
2013-08-06,135.4740753173828
2013-08-07,133.8158416748047
2013-08-08,135.88584899902344
2013-08-12,134.0384063720703
2013-08-13,138.1116485595703
2013-08-14,138.30084228515625
2013-08-16,130.85549926757812
2013-08-19,130.1432342529297
2013-08-20,130.1543731689453
2013-08-21,132.06858825683594
2013-08-22,131.03359985351562
2013-08-23,135.22923278808594
2013-08-26,136.0638885498047
2013-08-27,125.06838989257812
2013-08-28,125.07955169677734
2013-08-29,127.32760620117188
2013-08-30,132.21324157714844
2013-09-02,131.211669921875
2013-09-03,125.21305084228516
2013-09-04,125.54691314697266
2013-09-05,135.6632537841797
2013-09-06,137.15457153320312
2013-09-10,142.0068359375
2013-09-11,144.0657196044922
2013-09-12,141.1053924560547
2013-09-13,140.04811096191406
2013-09-16,143.07521057128906
2013-09-17,142.95277404785156
2013-09-18,144.78909301757812
2013-09-19,152.06752014160156
2013-09-20,146.69216918945312
2013-09-23,142.88601684570312
2013-09-24,142.1070098876953
2013-09-25,138.13389587402344
2013-09-26,138.25633239746094
2013-09-27,135.5297393798828
2013-09-30,132.00180053710938
2013-10-01,136.14183044433594
2013-10-03,141.606201171875
2013-10-04,142.55215454101562
2013-10-07,141.1832733154297
2013-10-08,140.8160400390625
2013-10-09,144.48861694335938
2013-10-10,142.6857147216797
2013-10-11,147.1929931640625
2013-10-14,148.57296752929688
2013-10-15,145.22311401367188
2013-10-17,145.61265563964844
2013-10-18,150.59844970703125
2013-10-21,149.40765380859375
2013-10-22,148.90682983398438
2013-10-23,146.94813537597656
2013-10-24,148.9735870361328
2013-10-25,149.69700622558594
2013-10-28,148.66200256347656
2013-10-29,152.80203247070312
2013-10-30,151.21055603027344
2013-10-31,151.5332794189453
2013-11-01,152.2010498046875
2013-11-05,150.5205535888672
2013-11-06,148.88461303710938
2013-11-07,148.10560607910156
2013-11-08,145.23428344726562
2013-11-11,145.62379455566406
2013-11-12,143.77635192871094
2013-11-13,141.0497589111328
2013-11-14,142.94166564941406
2013-11-18,148.86231994628906
2013-11-19,146.9147491455078
2013-11-20,144.57765197753906
2013-11-21,141.92892456054688
2013-11-22,142.93055725097656
2013-11-25,146.8479766845703
2013-11-26,145.33445739746094
2013-11-27,145.46795654296875
2013-11-28,145.43458557128906
2013-11-29,147.1929931640625
2013-12-02,147.1929931640625
2013-12-03,145.9576416015625
2013-12-04,146.36944580078125
2013-12-05,153.15814208984375
2013-12-06,151.9562225341797
2013-12-09,155.06121826171875
2013-12-10,155.0723419189453
2013-12-11,154.81639099121094
2013-12-12,154.7384796142578
2013-12-13,153.5699005126953
2013-12-16,152.32347106933594
2013-12-17,146.36944580078125
2013-12-18,148.2947540283203
2013-12-19,145.245361328125
2013-12-20,147.92747497558594
2013-12-23,147.89413452148438
2013-12-24,146.30262756347656
2013-12-26,148.91798400878906
2013-12-27,149.05152893066406
2013-12-30,149.0181427001953
2013-12-31,148.2056884765625
2014-01-01,148.0499267578125
2014-01-02,146.23587036132812
2014-01-03,147.59359741210938
2014-01-06,147.28201293945312
2014-01-07,147.8829803466797
2014-01-08,147.94973754882812
2014-01-09,147.56024169921875
2014-01-10,147.35989379882812
2014-01-13,149.7637481689453
2014-01-14,149.64137268066406
2014-01-15,151.47763061523438
2014-01-16,149.80831909179688
2014-01-17,148.01651000976562
2014-01-20,149.1405487060547
2014-01-21,150.48716735839844
2014-01-22,150.7097625732422
2014-01-23,151.24395751953125
2014-01-24,149.88621520996094
2014-01-27,144.49974060058594
2014-01-28,143.44247436523438
2014-01-29,143.66505432128906
2014-01-30,140.62680053710938
2014-01-31,139.89230346679688
2014-02-03,139.4471435546875
2014-02-04,140.35972595214844
2014-02-05,141.8843994140625
2014-02-06,144.01004028320312
2014-02-07,144.177001953125
2014-02-10,143.320068359375
2014-02-11,143.52037048339844
2014-02-12,143.66505432128906
2014-02-13,140.78260803222656
2014-02-14,142.8526153564453
2014-02-17,144.766845703125
2014-02-18,146.99266052246094
2014-02-19,149.1405487060547
2014-02-20,147.5157012939453
2014-02-21,147.8829803466797
2014-02-24,149.3520050048828
2014-02-25,149.374267578125
2014-02-26,150.77651977539062
2014-02-28,149.0403594970703
2014-03-03,148.28363037109375
2014-03-04,149.5078125
2014-03-05,149.07376098632812
2014-03-06,150.37586975097656
2014-03-07,158.3553924560547
2014-03-10,163.4748077392578
2014-03-11,161.40476989746094
2014-03-12,161.49380493164062
2014-03-13,165.233154296875
2014-03-14,162.96287536621094
2014-03-18,163.37460327148438
2014-03-19,164.36509704589844
2014-03-20,162.52879333496094
2014-03-21,163.34124755859375
2014-03-24,167.0806121826172
2014-03-25,166.96929931640625
2014-03-26,166.0567169189453
2014-03-27,166.21253967285156
2014-03-28,165.81187438964844
2014-03-31,166.6688232421875
2014-04-01,164.2871856689453
2014-04-02,162.90719604492188
2014-04-03,162.21719360351562
2014-04-04,161.4715576171875
2014-04-07,161.4492950439453
2014-04-09,165.12188720703125
2014-04-10,164.57655334472656
2014-04-11,164.29837036132812
2014-04-15,161.1376953125
2014-04-16,161.58285522460938
2014-04-17,159.96914672851562
2014-04-21,159.46832275390625
2014-04-22,161.93898010253906
2014-04-23,163.15203857421875
2014-04-24,163.15203857421875
2014-04-25,161.68301391601562
2014-04-28,161.4158935546875
2014-04-29,159.32363891601562
2014-04-30,160.5478515625
2014-05-02,159.61302185058594
2014-05-05,159.5239715576172
2014-05-06,160.30300903320312
2014-05-07,159.27911376953125
2014-05-08,159.88006591796875
2014-05-09,168.44947814941406
2014-05-12,176.31771850585938
2014-05-13,175.4274139404297
2014-05-14,172.60061645507812
2014-05-15,175.471923828125
2014-05-16,179.1111297607422
2014-05-19,180.71371459960938
2014-05-20,181.6374053955078
2014-05-21,180.17950439453125
2014-05-22,178.6436767578125
2014-05-23,175.7612762451172
2014-05-26,177.43063354492188
2014-05-27,179.15565490722656
2014-05-28,183.2845001220703
2014-05-29,180.34645080566406
2014-05-30,176.45127868652344
2014-06-02,182.38307189941406
2014-06-03,183.4848175048828
2014-06-04,181.78208923339844
2014-06-05,180.7944793701172
2014-06-06,182.9941864013672
2014-06-09,183.93695068359375
2014-06-10,183.3084716796875
2014-06-11,184.1726531982422
2014-06-12,188.5159912109375
2014-06-13,187.51715087890625
2014-06-16,188.3251953125
2014-06-17,190.01988220214844
2014-06-18,187.39369201660156
2014-06-19,185.35105895996094
2014-06-20,184.49810791015625
2014-06-23,184.3858642578125
2014-06-24,186.08058166503906
2014-06-25,184.980712890625
2014-06-26,182.35447692871094
2014-06-27,183.20745849609375
2014-06-30,184.40829467773438
2014-07-01,184.80113220214844
2014-07-02,188.52720642089844
2014-07-03,187.83139038085938
2014-07-04,192.28700256347656
2014-07-07,188.6506805419922
2014-07-08,186.13668823242188
2014-07-09,186.37237548828125
2014-07-10,184.81236267089844
2014-07-11,182.21975708007812
2014-07-14,183.488037109375
2014-07-15,185.5867462158203
2014-07-16,187.595703125
2014-07-17,186.7090606689453
2014-07-18,186.85494995117188
2014-07-21,185.73265075683594
2014-07-22,188.5159912109375
2014-07-23,187.71914672851562
2014-07-24,189.0546875
2014-07-25,187.5395965576172
2014-07-28,186.20404052734375
2014-07-30,188.2803192138672
2014-07-31,187.202880859375
2014-08-01,183.03912353515625
2014-08-04,182.48916625976562
2014-08-05,184.1053009033203
2014-08-06,181.81576538085938
2014-08-07,182.15245056152344
2014-08-08,178.70693969726562
2014-08-11,177.9886474609375
2014-08-12,181.187255859375
2014-08-13,182.35447692871094
2014-08-14,185.5643310546875
2014-08-18,186.83253479003906
2014-08-19,184.924560546875
2014-08-20,184.183837890625
2014-08-21,186.86618041992188
2014-08-22,190.0648193359375
2014-08-25,189.32408142089844
2014-08-26,189.11083984375
2014-08-27,187.78646850585938
2014-08-28,189.34657287597656
2014-09-01,188.8190460205078
2014-09-02,192.85940551757812
2014-09-03,192.28700256347656
2014-09-04,191.20956420898438
2014-09-05,190.4464111328125
2014-09-08,194.10516357421875
2014-09-09,194.2959747314453
2014-09-10,192.4329071044922
2014-09-11,191.7707061767578
2014-09-12,192.07374572753906
2014-09-15,193.1175079345703
2014-09-16,191.018798828125
2014-09-17,189.98623657226562
2014-09-18,192.62371826171875
2014-09-19,193.0950469970703
2014-09-22,192.33189392089844
2014-09-23,190.53616333007812
2014-09-24,192.0176544189453
2014-09-25,190.7830810546875
2014-09-26,195.6539764404297
2014-09-29,194.1837158203125
2014-09-30,195.87841796875
2014-10-01,194.83468627929688
2014-10-07,193.58888244628906
2014-10-08,194.744873046875
2014-10-09,199.234130859375
2014-10-10,194.6775360107422
2014-10-13,196.80995178222656
2014-10-14,194.91322326660156
2014-10-15,194.91322326660156
2014-10-16,192.7808074951172
2014-10-17,198.7066192626953
2014-10-20,200.62582397460938
2014-10-21,201.01861572265625
2014-10-22,200.5921630859375
2014-10-27,201.4002227783203
2014-10-28,200.96253967285156
2014-10-29,200.12078857421875
2014-10-30,201.26553344726562
2014-10-31,204.6773681640625
2014-11-03,204.4192657470703
2014-11-05,204.89065551757812
2014-11-07,201.89405822753906
2014-11-10,203.06126403808594
2014-11-11,203.790771484375
2014-11-12,204.6549530029297
2014-11-13,205.5977020263672
2014-11-14,208.7738800048828
2014-11-17,206.27108764648438
2014-11-18,209.24525451660156
2014-11-19,207.9770050048828
2014-11-20,206.10275268554688
2014-11-21,209.39114379882812
2014-11-24,212.1632843017578
2014-11-25,214.0375518798828
2014-11-26,213.53250122070312
2014-11-27,212.82545471191406
2014-11-28,214.84561157226562
2014-12-01,213.24073791503906
2014-12-02,211.73681640625
2014-12-03,209.447265625
2014-12-04,211.31033325195312
2014-12-05,211.6133270263672
2014-12-08,208.11170959472656
2014-12-09,208.0219268798828
2014-12-10,209.06568908691406
2014-12-11,209.5594940185547
2014-12-12,209.08811950683594
2014-12-15,211.33273315429688
2014-12-16,207.79747009277344
2014-12-17,206.92202758789062
2014-12-18,209.66049194335938
2014-12-19,211.32154846191406
2014-12-22,216.31582641601562
2014-12-23,215.42921447753906
2014-12-24,212.1745147705078
2014-12-26,212.93768310546875
2014-12-29,213.62232971191406
2014-12-30,214.6885223388672
2014-12-31,213.59982299804688
2015-01-01,213.70086669921875
2015-01-02,216.67498779296875
2015-01-05,214.84561157226562
2015-01-06,211.50111389160156
2015-01-07,212.118408203125
2015-01-08,216.573974609375
2015-01-09,218.9982147216797
2015-01-12,217.0678253173828
2015-01-13,216.23728942871094
2015-01-14,216.3607635498047
2015-01-15,222.9263153076172
2015-01-16,224.7669219970703
2015-01-19,225.48524475097656
2015-01-20,229.16639709472656
2015-01-21,228.94195556640625
2015-01-22,229.23374938964844
2015-01-23,234.0709686279297
2015-01-27,241.08543395996094
2015-01-28,237.5613555908203
2015-01-29,245.78797912597656
2015-01-30,241.82615661621094
2015-02-02,242.7801513671875
2015-02-03,238.85202026367188
2015-02-04,239.6600799560547
2015-02-05,241.63539123535156
2015-02-06,236.4727325439453
2015-02-09,233.46487426757812
2015-02-10,236.68594360351562
2015-02-11,237.5725860595703
2015-02-12,241.52317810058594
2015-02-13,239.23361206054688
2015-02-16,239.62644958496094
2015-02-18,241.2537841796875
2015-02-19,242.3760986328125
2015-02-20,240.86099243164062
2015-02-23,239.615234375
2015-02-24,239.64891052246094
2015-02-25,236.23699951171875
2015-02-26,233.02719116210938
2015-02-27,236.58494567871094
2015-03-02,242.99342346191406
2015-03-03,243.17294311523438
2015-03-04,239.12142944335938
2015-03-05,243.5657501220703
2015-03-09,237.70729064941406
2015-03-10,236.259521484375
2015-03-11,237.13485717773438
2015-03-12,236.71963500976562
2015-03-13,234.0372772216797
2015-03-16,236.03500366210938
2015-03-17,237.4940185546875
2015-03-18,238.72862243652344
2015-03-19,236.18089294433594
2015-03-20,237.01141357421875
2015-03-23,235.1820831298828
2015-03-24,232.9822998046875
2015-03-25,232.15179443359375
2015-03-26,226.02392578125
2015-03-27,227.7522735595703
2015-03-30,232.74661254882812
2015-03-31,229.5592498779297
2015-04-01,231.92730712890625
2015-04-06,231.635498046875
2015-04-07,231.81512451171875
2015-04-08,232.443603515625
2015-04-09,237.05633544921875
2015-04-10,234.0372772216797
2015-04-13,233.173095703125
2015-04-15,231.56817626953125
2015-04-16,231.11927795410156
2015-04-17,228.5603485107422
2015-04-20,225.60865783691406
2015-04-21,225.1373291015625
2015-04-22,227.4043731689453
2015-04-23,227.49415588378906
2015-04-24,225.9116668701172
2015-04-27,225.68722534179688
2015-04-28,225.48524475097656
2015-04-29,222.9263153076172
2015-04-30,221.94989013671875
2015-05-04,224.67710876464844
2015-05-05,221.69178771972656
2015-05-06,217.86463928222656
2015-05-07,213.53250122070312
2015-05-08,220.4235382080078
2015-05-11,222.28659057617188
2015-05-12,218.1676788330078
2015-05-13,222.27536010742188
2015-05-14,222.45494079589844
2015-05-15,222.24169921875
2015-05-18,226.67483520507812
2015-05-19,226.1585693359375
2015-05-20,229.8622589111328
2015-05-21,230.00816345214844
2015-05-22,229.9183807373047
2015-05-25,229.75001525878906
2015-05-26,230.6142120361328
2015-05-27,233.02719116210938
2015-05-28,231.06314086914062
2015-05-29,235.81056213378906
2015-06-01,232.58949279785156
2015-06-02,226.43917846679688
2015-06-03,225.7096710205078
2015-06-04,227.81964111328125
2015-06-05,227.10133361816406
2015-06-08,225.23829650878906
2015-06-09,224.879150390625
2015-06-10,227.9654998779297
2015-06-11,224.5087890625
2015-06-12,226.5177459716797
2015-06-15,225.63111877441406
2015-06-16,226.34939575195312
2015-06-17,225.5188751220703
2015-06-18,228.8634033203125
2015-06-19,231.31005859375
2015-06-22,235.04733276367188
2015-06-23,236.15847778320312
2015-06-24,234.74435424804688
2015-06-25,239.05401611328125
2015-06-26,238.57144165039062
2015-06-29,237.1798095703125
2015-06-30,239.5366668701172
2015-07-01,240.70387268066406
2015-07-02,239.31300354003906
2015-07-03,242.9427947998047
2015-07-06,245.03463745117188
2015-07-07,245.79226684570312
2015-07-08,241.72152709960938
2015-07-09,242.8975067138672
2015-07-10,246.67422485351562
2015-07-13,247.8954315185547
2015-07-14,246.9230194091797
2015-07-15,248.01980590820312
2015-07-16,252.0905303955078
2015-07-17,251.15203857421875
2015-07-20,252.21499633789062
2015-07-21,248.32510375976562
2015-07-22,252.02268981933594
2015-07-23,250.552734375
2015-07-24,250.54144287109375
2015-07-27,247.82760620117188
2015-07-28,250.6884307861328
2015-07-29,250.6544647216797
2015-07-30,251.15203857421875
2015-07-31,251.40078735351562
2015-08-03,247.72586059570312
2015-08-04,245.70179748535156
2015-08-05,247.002197265625
2015-08-06,247.85023498535156
2015-08-07,247.10394287109375
2015-08-10,247.55624389648438
2015-08-11,247.56756591796875
2015-08-12,242.08335876464844
2015-08-13,243.6890411376953
2015-08-14,249.17324829101562
2015-08-17,246.84384155273438
2015-08-18,245.67919921875
2015-08-19,244.66148376464844
2015-08-20,243.0445098876953
2015-08-21,240.01406860351562
2015-08-24,230.4591827392578
2015-08-25,230.32351684570312
2015-08-26,229.20407104492188
2015-08-27,231.1489715576172
2015-08-28,232.47198486328125
2015-08-31,232.35887145996094
2015-09-01,226.17364501953125
2015-09-02,225.05418395996094
2015-09-03,228.4803924560547
2015-09-04,225.25775146484375
2015-09-07,222.63436889648438
2015-09-08,227.06695556640625
2015-09-09,229.83729553222656
2015-09-10,228.6387176513672
2015-09-11,228.52561950683594
2015-09-14,230.60621643066406
2015-09-15,229.12490844726562
2015-09-16,231.43167114257812
2015-09-18,237.4020233154297
2015-09-21,238.12574768066406
2015-09-22,233.08258056640625
2015-09-23,237.27764892578125
2015-09-24,237.77520751953125
2015-09-28,236.64443969726562
2015-09-29,240.8056182861328
2015-09-30,241.71022033691406
2015-10-01,241.45018005371094
2015-10-05,248.39303588867188
2015-10-06,245.58872985839844
2015-10-07,245.99578857421875
2015-10-08,244.9441680908203
2015-10-09,245.6339111328125
2015-10-12,244.3674774169922
2015-10-13,243.41763305664062
2015-10-14,245.31732177734375
2015-10-15,245.18167114257812
2015-10-16,248.77745056152344
2015-10-19,248.26861572265625
2015-10-20,247.61276245117188
2015-10-21,247.63540649414062
2015-10-23,250.6884307861328
2015-10-26,249.10537719726562
2015-10-27,251.23123168945312
2015-10-28,251.3668975830078
2015-10-29,249.56898498535156
2015-10-30,248.6757049560547
2015-11-02,244.9441680908203
2015-11-03,245.35128784179688
2015-11-04,244.62757873535156
2015-11-05,244.20921325683594
2015-11-06,244.4466552734375
2015-11-09,240.8056182861328
2015-11-10,238.4989013671875
2015-11-13,237.92221069335938
2015-11-16,239.9349365234375
2015-11-17,239.9010467529297
2015-11-18,237.14198303222656
2015-11-19,241.73280334472656
2015-11-20,242.17384338378906
2015-11-23,241.0883331298828
2015-11-24,240.703857421875
2015-11-26,240.61338806152344
2015-11-27,244.10745239257812
2015-11-30,243.73426818847656
2015-12-01,244.92161560058594
2015-12-02,243.74562072753906
2015-12-03,243.50814819335938
2015-12-04,239.4713592529297
2015-12-07,240.16107177734375
2015-12-08,237.2889862060547
2015-12-09,236.8819122314453
2015-12-10,239.8557586669922
2015-12-11,236.6331329345703
2015-12-14,238.6006622314453
2015-12-15,239.595703125
2015-12-16,241.37103271484375
2015-12-17,244.29966735839844
2015-12-18,242.66009521484375
2015-12-21,243.2028350830078
2015-12-22,241.1787872314453
2015-12-23,242.9088592529297
2015-12-24,242.88619995117188
2015-12-28,243.62120056152344
2015-12-29,243.77951049804688
2015-12-30,242.9540557861328
2015-12-31,244.72933959960938
2016-01-01,246.2219696044922
2016-01-04,242.09469604492188
2016-01-05,240.2628631591797
2016-01-06,241.32579040527344
2016-01-07,238.8607177734375
2016-01-08,240.25157165527344
2016-01-11,239.4034881591797
2016-01-12,236.76881408691406
2016-01-13,239.7540283203125
2016-01-14,237.4020233154297
2016-01-15,235.68333435058594
2016-01-18,231.9969940185547
2016-01-19,234.24725341796875
2016-01-20,230.28958129882812
2016-01-21,231.3525390625
2016-01-22,233.00341796875
2016-01-25,235.4571533203125
2016-01-27,234.21331787109375
2016-01-28,233.32003784179688
2016-01-29,237.42465209960938
2016-02-01,239.6635284423828
2016-02-02,238.3179473876953
2016-02-03,236.06776428222656
2016-02-04,237.27764892578125
2016-02-05,238.64588928222656
2016-02-08,234.25852966308594
2016-02-09,232.04229736328125
2016-02-10,229.0796661376953
2016-02-11,220.5651092529297
2016-02-12,219.68313598632812
2016-02-15,220.18063354492188
2016-02-16,220.14674377441406
2016-02-17,220.47467041015625
2016-02-18,223.76515197753906
2016-02-19,223.7312469482422
2016-02-22,223.60684204101562
2016-02-23,219.37782287597656
2016-02-24,214.75303649902344
2016-02-25,213.1813201904297
2016-02-26,217.3311309814453
2016-02-29,219.7848663330078
2016-03-01,222.56655883789062
2016-03-02,227.779296875
2016-03-03,229.7355194091797
2016-03-04,230.79844665527344
2016-03-08,229.35107421875
2016-03-09,231.75958251953125
2016-03-10,230.9567413330078
2016-03-11,232.6416015625
2016-03-14,232.38150024414062
2016-03-15,232.1892852783203
2016-03-16,233.03732299804688
2016-03-17,230.3122100830078
2016-03-18,232.57373046875
2016-03-21,236.46351623535156
2016-03-22,238.3292694091797
2016-03-23,237.31158447265625
2016-03-28,236.89317321777344
2016-03-29,238.3179473876953
2016-03-30,240.83956909179688
2016-03-31,242.24168395996094
2016-04-01,240.7264404296875
2016-04-04,241.7667999267578
2016-04-05,239.1433868408203
2016-04-06,240.059326171875
2016-04-07,238.70240783691406
2016-04-08,239.57308959960938
2016-04-11,242.1964569091797
2016-04-12,240.39857482910156
2016-04-13,244.63888549804688
2016-04-18,246.00711059570312
2016-04-20,248.27989196777344
2016-04-21,246.7646942138672
2016-04-22,246.99087524414062
2016-04-25,247.2395782470703
2016-04-26,251.8983154296875
2016-04-27,254.23898315429688
2016-04-28,251.9209442138672
2016-04-29,256.0821533203125
2016-05-02,252.75770568847656
2016-05-03,252.83688354492188
2016-05-04,254.95135498046875
2016-05-05,256.0708312988281
2016-05-06,253.21002197265625
2016-05-09,258.1288146972656
2016-05-10,258.9203186035156
2016-05-11,257.54083251953125
2016-05-12,259.8701171875
2016-05-13,258.0157470703125
2016-05-16,262.96844482421875
2016-05-17,260.85394287109375
2016-05-18,257.9591979980469
2016-05-19,257.6539001464844
2016-05-20,258.0157470703125
2016-05-23,257.0771179199219
2016-05-24,257.80084228515625
2016-05-25,265.3430480957031
2016-05-26,267.59320068359375
2016-05-27,268.39605712890625
2016-05-30,266.80169677734375
2016-05-31,267.2879333496094
2016-06-01,265.7614440917969
2016-06-02,265.71612548828125
2016-06-03,264.9924621582031
2016-06-06,264.8454895019531
2016-06-07,265.4334716796875
2016-06-08,262.9232177734375
2016-06-09,262.19952392578125
2016-06-10,262.6404724121094
2016-06-13,260.7295227050781
2016-06-14,260.4920654296875
2016-06-15,264.4949951171875
2016-06-16,262.8214416503906
2016-06-17,264.5967102050781
2016-06-20,265.0603332519531
2016-06-21,263.8390808105469
2016-06-22,264.9359436035156
2016-06-23,269.1423645019531
2016-06-24,262.7648620605469
2016-06-27,262.32391357421875
2016-06-28,263.90692138671875
2016-06-29,266.38079833984375
2016-06-30,268.23907470703125
2016-07-01,267.79449462890625
2016-07-04,267.4068908691406
2016-07-05,265.76519775390625
2016-07-07,270.3367614746094
2016-07-08,267.874267578125
2016-07-11,273.5516662597656
2016-07-12,274.0989074707031
2016-07-13,273.095703125
2016-07-14,273.68841552734375
2016-07-15,279.0124206542969
2016-07-18,279.8674011230469
2016-07-19,277.7926330566406
2016-07-20,280.9504699707031
2016-07-21,280.12969970703125
2016-07-22,280.6313171386719
2016-07-25,284.3135681152344
2016-07-26,282.45538330078125
2016-07-27,282.03350830078125
2016-07-28,284.65557861328125
2016-07-29,284.142578125
2016-08-01,283.25335693359375
2016-08-02,283.4814147949219
2016-08-03,282.83154296875
2016-08-04,282.9569091796875
2016-08-05,284.8380432128906
2016-08-08,284.9178161621094
2016-08-09,284.3705749511719
2016-08-10,279.7420654296875
2016-08-11,280.0498962402344
2016-08-12,280.1524353027344
2016-08-16,279.8332824707031
2016-08-17,281.5661315917969
2016-08-18,285.5790710449219
2016-08-19,284.3478088378906
2016-08-22,285.07745361328125
2016-08-23,285.3395690917969
2016-08-24,287.6995544433594
2016-08-25,286.9584655761719
2016-08-26,286.6278381347656
2016-08-29,282.29571533203125
2016-08-30,289.2613525390625
2016-08-31,294.4029235839844
2016-09-01,292.6929016113281
2016-09-02,293.0120849609375
2016-09-06,296.5005798339844
2016-09-07,293.3883056640625
2016-09-08,293.99249267578125
2016-09-09,294.22052001953125
2016-09-12,291.826416015625
2016-09-14,289.4437255859375
2016-09-15,291.75799560546875
2016-09-16,295.91912841796875
2016-09-19,294.16351318359375
2016-09-20,293.7759094238281
2016-09-21,294.8133239746094
2016-09-22,297.9825744628906
2016-09-23,299.3050842285156
2016-09-26,295.5315856933594
2016-09-27,295.96478271484375
2016-09-28,295.32635498046875
2016-09-29,291.2792053222656
2016-09-30,290.218994140625
2016-10-03,293.4908752441406
2016-10-04,294.0267333984375
2016-10-05,293.2401123046875
2016-10-06,292.2937927246094
2016-10-07,291.9860534667969
2016-10-10,292.841064453125
2016-10-13,287.9161682128906
2016-10-14,287.6995544433594
2016-10-17,282.2044982910156
2016-10-18,286.7988586425781
2016-10-19,286.91290283203125
2016-10-20,286.2630615234375
2016-10-21,289.728759765625
2016-10-24,288.0985412597656
2016-10-25,285.07745361328125
2016-10-26,282.5693664550781
2016-10-27,285.48779296875
2016-10-28,287.072509765625
2016-11-01,287.24346923828125
2016-11-02,284.1311950683594
2016-11-03,286.1376647949219
2016-11-04,283.57257080078125
2016-11-07,284.88360595703125
2016-11-08,285.98944091796875
2016-11-09,285.29400634765625
2016-11-10,291.51861572265625
2016-11-11,290.8916015625
2016-11-15,286.0920715332031
2016-11-16,283.72076416015625
2016-11-17,280.49444580078125
2016-11-18,276.2079772949219
2016-11-21,273.31219482421875
2016-11-22,273.1640319824219
2016-11-23,270.1315002441406
2016-11-24,265.7424011230469
2016-11-25,271.16900634765625
2016-11-28,270.0630798339844
2016-11-29,268.76348876953125
2016-11-30,273.5174255371094
2016-12-01,272.9816589355469
2016-12-02,271.12335205078125
2016-12-05,272.7764587402344
2016-12-06,272.3432312011719
2016-12-07,269.413330078125
2016-12-08,273.49468994140625
2016-12-09,273.2210388183594
2016-12-12,270.0630798339844
2016-12-13,270.4735412597656
2016-12-14,268.068115234375
2016-12-15,268.2732849121094
2016-12-16,269.57293701171875
2016-12-19,268.30743408203125
2016-12-20,269.48175048828125
2016-12-21,269.0484924316406
2016-12-22,267.4752502441406
2016-12-23,270.4735412597656
2016-12-26,267.9084777832031
2016-12-27,270.234130859375
2016-12-28,270.58758544921875
2016-12-29,274.79425048828125
2016-12-30,275.0223388671875
2017-01-02,272.94744873046875
2017-01-03,271.3058166503906
2017-01-04,270.30255126953125
2017-01-05,270.462158203125
2017-01-06,272.16082763671875
2017-01-09,272.51422119140625
2017-01-10,276.88055419921875
2017-01-11,281.3609313964844
2017-01-12,281.5888977050781
2017-01-13,281.0189208984375
2017-01-16,284.4732360839844
2017-01-17,282.386962890625
2017-01-18,283.3217468261719
2017-01-19,281.8853759765625
2017-01-20,281.8966979980469
2017-01-23,283.7891540527344
2017-01-24,289.0105895996094
2017-01-25,294.2660827636719
2017-01-27,294.5625305175781
2017-01-30,292.977783203125
2017-01-31,293.3655090332031
2017-02-01,297.7090148925781
2017-02-02,296.11297607421875
2017-02-03,298.9288635253906
2017-02-06,299.624267578125
2017-02-07,298.0396728515625
2017-02-08,297.6976013183594
2017-02-09,295.8735656738281
2017-02-10,297.2301940917969
2017-02-13,298.73504638671875
2017-02-14,298.94024658203125
2017-02-15,301.4710998535156
2017-02-16,302.7707824707031
2017-02-17,313.97735595703125
2017-02-20,321.2849426269531
2017-02-21,322.755615234375
2017-02-22,319.0163269042969
2017-02-23,317.9104309082031
2017-02-27,317.75079345703125
2017-02-28,316.95281982421875
2017-03-01,317.3063049316406
2017-03-02,314.6727600097656
2017-03-03,313.9659118652344
2017-03-06,314.8209228515625
2017-03-07,316.0635681152344
2017-03-08,317.4316101074219
2017-03-09,317.8876647949219
2017-03-10,319.23291015625
2017-03-14,321.6497802734375
2017-03-15,322.9949951171875
2017-03-16,323.1659851074219
2017-03-17,325.1040954589844
2017-03-20,327.441162109375
2017-03-21,328.5469665527344
2017-03-22,326.2555847167969
2017-03-23,326.2555847167969
2017-03-24,324.7620849609375
2017-03-27,321.45599365234375
2017-03-28,323.81585693359375
2017-03-29,325.7310791015625
2017-03-30,334.3041687011719
2017-03-31,328.91180419921875
2017-04-03,326.7799072265625
2017-04-05,326.586181640625
2017-04-06,327.9883728027344
2017-04-07,328.06817626953125
2017-04-10,326.9965515136719
2017-04-11,328.2164001464844
2017-04-12,329.17401123046875
2017-04-13,328.3987731933594
2017-04-17,327.60076904296875
2017-04-18,329.9948425292969
2017-04-19,330.3824768066406
2017-04-20,333.3807678222656
2017-04-21,341.235595703125
2017-04-24,349.5465087890625
2017-04-25,350.4585266113281
2017-04-26,353.5593566894531
2017-04-27,357.652099609375
2017-04-28,352.6131591796875
2017-05-02,351.2679138183594
2017-05-03,352.111572265625
2017-05-04,349.9454345703125
2017-05-05,349.3526916503906
2017-05-08,349.9454345703125
2017-05-09,350.1620788574219
2017-05-10,353.8216247558594
2017-05-11,352.59039306640625
2017-05-12,353.7873840332031
2017-05-15,354.1864318847656
2017-05-16,355.6114501953125
2017-05-17,355.0413818359375
2017-05-18,355.030029296875
2017-05-19,355.9762878417969
2017-05-22,359.3393859863281
2017-05-23,357.7660827636719
2017-05-24,357.2303161621094
2017-05-25,368.7218933105469
2017-05-26,370.73974609375
2017-05-29,372.0849609375
2017-05-30,371.4351806640625
2017-05-31,373.0653991699219
2017-06-01,371.3325500488281
2017-06-02,372.62078857421875
2017-06-05,372.9172058105469
2017-06-06,373.6923522949219
2017-06-07,374.1142272949219
2017-06-08,375.014892578125
2017-06-09,380.04241943359375
2017-06-12,380.4870300292969
2017-06-13,382.2996826171875
2017-06-14,381.0456237792969
2017-06-15,379.4837646484375
2017-06-16,380.60107421875
2017-06-19,385.9933776855469
2017-06-20,384.54559326171875
2017-06-21,387.31585693359375
2017-06-22,387.1562805175781
2017-06-23,382.74432373046875
2017-06-27,380.2362060546875
2017-06-28,379.96258544921875
2017-06-29,381.7070007324219
2017-06-30,379.1822814941406
2017-07-03,380.68560791015625
2017-07-04,379.4806213378906
2017-07-05,378.4248352050781
2017-07-06,380.5823669433594
2017-07-07,382.65948486328125
2017-07-10,384.7596130371094
2017-07-11,385.6891784667969
2017-07-12,385.8843078613281
2017-07-13,386.4122009277344
2017-07-14,385.5859375
2017-07-17,386.1368103027344
2017-07-18,386.4122009277344
2017-07-19,388.4205627441406
2017-07-20,392.68963623046875
2017-07-21,390.88787841796875
2017-07-24,398.2440490722656
2017-07-25,399.28839111328125
2017-07-26,401.1016540527344
2017-07-27,410.7645568847656
2017-07-28,408.2052917480469
2017-07-31,409.5595397949219
2017-08-01,412.4974060058594
2017-08-02,411.2235412597656
2017-08-03,408.5380859375
2017-08-04,410.9022216796875
2017-08-07,410.5120849609375
2017-08-08,408.0675964355469
2017-08-09,404.9805603027344
2017-08-10,404.06243896484375
2017-08-11,401.4459228515625
2017-08-14,403.3164978027344
2017-08-16,408.8365173339844
2017-08-17,405.1986083984375
2017-08-18,402.15740966796875
2017-08-21,400.10321044921875
2017-08-22,400.97540283203125
2017-08-23,406.81671142578125
2017-08-24,404.5329895019531
2017-08-28,404.4756164550781
2017-08-29,400.7803039550781
2017-08-30,405.9216003417969
2017-08-31,407.7347717285156
2017-09-01,405.7035217285156
2017-09-04,401.8705139160156
2017-09-05,402.891845703125
2017-09-06,403.9362487792969
2017-09-07,405.46258544921875
2017-09-08,410.3054504394531
2017-09-11,418.4994201660156
2017-09-12,421.21923828125
2017-09-13,422.74560546875
2017-09-14,422.1832275390625
2017-09-15,424.37518310546875
2017-09-18,427.0146789550781
2017-09-19,424.5473327636719
2017-09-20,424.3522644042969
2017-09-21,422.1143798828125
2017-09-22,418.6716003417969
2017-09-25,413.0826416015625
2017-09-26,411.3727722167969
2017-09-27,407.746337890625
2017-09-28,412.0613708496094
2017-09-29,414.4483642578125
2017-10-03,415.1713562011719
2017-10-04,412.45147705078125
2017-10-05,412.8187561035156
2017-10-06,413.1629943847656
2017-10-09,412.107177734375
2017-10-10,413.7597961425781
2017-10-11,410.87933349609375
2017-10-12,417.455078125
2017-10-13,424.7997741699219
2017-10-16,426.2572326660156
2017-10-17,424.9031066894531
2017-10-18,428.8623352050781
2017-10-19,424.24896240234375
2017-10-23,427.6688537597656
2017-10-24,428.5409851074219
2017-10-25,412.0154113769531
2017-10-26,412.0727844238281
2017-10-27,411.0858459472656
2017-10-30,416.5828857421875
2017-10-31,415.09100341796875
2017-11-01,418.0059509277344
2017-11-02,418.2124938964844
2017-11-03,420.1864013671875
2017-11-06,419.7043762207031
2017-11-07,418.5797119140625
2017-11-08,419.0961608886719
2017-11-09,419.53228759765625
2017-11-10,418.1895446777344
2017-11-13,416.2500915527344
2017-11-14,413.6794738769531
2017-11-15,413.1973876953125
2017-11-16,414.9073486328125
2017-11-17,419.00439453125
2017-11-20,421.8963317871094
2017-11-21,423.7554626464844
2017-11-22,425.82122802734375
2017-11-23,422.9750671386719
2017-11-24,424.9375305175781
2017-11-27,426.34906005859375
2017-11-28,428.1393127441406
2017-11-29,429.96405029296875
2017-11-30,425.4654235839844
2017-12-01,424.2030029296875
2017-12-04,420.96673583984375
2017-12-05,417.83380126953125
2017-12-06,413.8974609375
2017-12-07,415.3549499511719
2017-12-08,422.4128112792969
2017-12-11,423.78985595703125
2017-12-12,417.70758056640625
2017-12-13,418.0403747558594
2017-12-14,421.8733825683594
2017-12-15,429.99847412109375
2017-12-18,431.2608337402344
2017-12-19,432.5346984863281
2017-12-20,428.7820129394531
2017-12-21,428.8164367675781
2017-12-22,430.73297119140625
2017-12-26,428.827880859375
2017-12-27,426.16546630859375
2017-12-28,431.0542907714844
2017-12-29,429.75750732421875
2018-01-01,425.6490478515625
2018-01-02,429.7460021972656
2018-01-03,425.22442626953125
2018-01-04,426.88848876953125
2018-01-05,427.7376403808594
2018-01-08,427.0491027832031
2018-01-09,427.7605895996094
2018-01-10,427.8753967285156
2018-01-11,429.7919921875
2018-01-12,428.1279602050781
2018-01-15,435.5758361816406
2018-01-16,436.126708984375
2018-01-17,433.911865234375
2018-01-18,443.9649353027344
2018-01-19,448.07330322265625
2018-01-22,450.6325378417969
2018-01-23,447.8668212890625
2018-01-24,449.32427978515625
2018-01-25,453.29498291015625
2018-01-29,458.9641418457031
2018-01-30,458.01165771484375
2018-01-31,460.3528137207031
2018-02-01,457.01324462890625
2018-02-02,447.1094055175781
2018-02-05,439.2712097167969
2018-02-06,435.3578186035156
2018-02-07,429.84930419921875
2018-02-08,431.71990966796875
2018-02-09,424.50140380859375
2018-02-12,430.73297119140625
2018-02-14,432.2248229980469
2018-02-15,431.9379577636719
2018-02-16,431.1805114746094
2018-02-19,431.08868408203125
2018-02-20,427.6459045410156
2018-02-21,426.314697265625
2018-02-22,425.35064697265625
2018-02-23,431.6280822753906
2018-02-26,438.74334716796875
2018-02-27,436.67755126953125
2018-02-28,432.4658508300781
2018-03-01,430.2050476074219
2018-03-05,429.1951904296875
2018-03-06,423.7554626464844
2018-03-07,420.62249755859375
2018-03-08,425.27032470703125
2018-03-09,424.8571472167969
2018-03-12,428.5754089355469
2018-03-13,426.96875
2018-03-14,427.94427490234375
2018-03-15,431.68548583984375
2018-03-16,425.30474853515625
2018-03-19,423.9849548339844
2018-03-20,422.2062072753906
2018-03-21,426.658935546875
2018-03-22,428.6902160644531
2018-03-23,422.67669677734375
2018-03-26,434.58892822265625
2018-03-27,434.393798828125
2018-03-28,432.9018859863281
2018-04-02,443.25335693359375
2018-04-03,439.7417297363281
2018-04-04,432.24786376953125
2018-04-05,438.13507080078125
2018-04-06,441.4631042480469
2018-04-09,445.0550842285156
2018-04-10,440.8778381347656
2018-04-11,440.41876220703125
2018-04-12,442.7025146484375
2018-04-13,441.830322265625
2018-04-16,445.7552185058594
2018-04-17,447.22412109375
2018-04-18,443.5747375488281
2018-04-19,445.04364013671875
2018-04-20,448.9225769042969
2018-04-23,444.29766845703125
2018-04-24,444.12554931640625
2018-04-25,440.8548889160156
2018-04-26,443.0353698730469
2018-04-27,441.4631042480469
2018-04-30,446.2601623535156
2018-05-02,452.0440673828125
2018-05-03,451.6768798828125
2018-05-04,456.405029296875
2018-05-07,453.8572998046875
2018-05-08,451.4817199707031
2018-05-09,454.08685302734375
2018-05-10,457.36895751953125
2018-05-11,461.7414245605469
2018-05-14,464.0365905761719
2018-05-15,467.7204895019531
2018-05-16,464.4039001464844
2018-05-17,465.4137878417969
2018-05-18,461.83319091796875
2018-05-21,457.4493713378906
2018-05-22,456.7263488769531
2018-05-23,451.5850524902344
2018-05-24,455.8312072753906
2018-05-25,461.04132080078125
2018-05-28,468.7303161621094
2018-05-29,466.52691650390625
2018-05-30,470.1419677734375
2018-05-31,494.1877136230469
2018-06-01,487.5238342285156
2018-06-04,472.64813232421875
2018-06-05,476.6673583984375
2018-06-06,475.2236328125
2018-06-07,476.3439636230469
2018-06-08,473.37579345703125
2018-06-11,471.7473449707031
2018-06-12,472.1053466796875
2018-06-13,469.2410888671875
2018-06-14,470.615478515625
2018-06-15,468.8137512207031
2018-06-18,466.3998718261719
2018-06-19,467.40472412109375
2018-06-20,474.9464416503906
2018-06-21,475.28143310546875
2018-06-22,481.22943115234375
2018-06-25,483.9087829589844
2018-06-26,483.62005615234375
2018-06-27,487.9857482910156
2018-06-28,492.2013244628906
2018-06-29,487.0270690917969
2018-07-02,478.8963623046875
2018-07-03,478.1918640136719
2018-07-04,485.89532470703125
2018-07-05,490.5612487792969
2018-07-06,488.57476806640625
2018-07-09,491.0001220703125
2018-07-10,495.79315185546875
2018-07-11,496.2204895019531
2018-07-12,500.30902099609375
2018-07-13,503.7622985839844
2018-07-16,500.9788818359375
2018-07-17,502.80364990234375
2018-07-18,502.6766052246094
2018-07-19,504.9635009765625
2018-07-20,505.64483642578125
2018-07-23,498.11456298828125
2018-07-24,498.8768005371094
2018-07-25,501.32537841796875
2018-07-26,506.46484375
2018-07-27,508.6707458496094
2018-07-30,501.2214050292969
2018-07-31,503.4388732910156
2018-08-01,498.63433837890625
2018-08-02,492.0511474609375
2018-08-03,490.076171875
2018-08-06,488.3783874511719
2018-08-07,492.21282958984375
2018-08-08,493.4718017578125
2018-08-09,489.3486022949219
2018-08-10,488.4130554199219
2018-08-13,483.146484375
2018-08-14,482.55755615234375
2018-08-16,479.46234130859375
2018-08-17,479.84344482421875
2018-08-20,484.197509765625
2018-08-21,484.1628723144531
2018-08-23,480.4324035644531
2018-08-24,478.1110534667969
2018-08-27,480.55950927734375
2018-08-28,483.8857727050781
2018-08-29,480.10906982421875
2018-08-30,477.24481201171875
2018-08-31,476.1130065917969
2018-09-03,479.3121643066406
2018-09-04,473.9417419433594
2018-09-05,472.56732177734375
2018-09-06,474.0340576171875
2018-09-07,475.1313171386719
2018-09-10,471.481689453125
2018-09-11,462.0688781738281
2018-09-12,464.7136535644531
2018-09-14,468.8137512207031
2018-09-17,460.17474365234375
2018-09-18,459.4818420410156
2018-09-19,453.0487976074219
2018-09-21,455.1045837402344
2018-09-24,444.81402587890625
2018-09-25,450.9814453125
2018-09-26,454.6310729980469
2018-09-27,456.46746826171875
2018-09-28,463.3739929199219
2018-10-01,470.1650390625
2018-10-03,469.17181396484375
2018-10-04,452.2172546386719
2018-10-05,453.961181640625
2018-10-08,449.2721252441406
2018-10-09,448.25579833984375
2018-10-10,454.38848876953125
2018-10-11,447.5513000488281
2018-10-12,457.7840270996094
2018-10-15,463.8359680175781
2018-10-16,460.3017883300781
2018-10-17,456.109375
2018-10-19,454.527099609375
2018-10-22,461.722412109375
2018-10-23,458.47698974609375
2018-10-24,460.18634033203125
2018-10-25,454.7696533203125
2018-10-26,453.0141296386719
2018-10-29,444.9526672363281
2018-10-30,441.8227844238281
2018-10-31,441.591796875
2018-11-01,441.6957092285156
2018-11-02,450.3000183105469
2018-11-05,451.81298828125
2018-11-06,449.630126953125
2018-11-07,452.263427734375
2018-11-09,449.36456298828125
2018-11-12,443.739990234375
2018-11-13,445.2875671386719
2018-11-14,452.2172546386719
2018-11-15,456.2364196777344
2018-11-16,462.9696960449219
2018-11-19,465.187255859375
2018-11-20,464.8522644042969
2018-11-21,466.3074951171875
2018-11-22,463.2469482421875
2018-11-26,473.47967529296875
2018-11-27,476.75970458984375
2018-11-28,482.5921630859375
2018-11-29,492.2475280761719
2018-11-30,491.6468811035156
2018-12-03,488.1474914550781
2018-12-04,481.737548828125
2018-12-05,484.8905334472656
2018-12-06,484.3938903808594
2018-12-07,486.8307800292969
2018-12-10,482.4767150878906
2018-12-11,475.73187255859375
2018-12-12,481.6798095703125
2018-12-13,485.3756408691406
2018-12-14,484.0820617675781
2018-12-17,492.0511474609375
2018-12-18,493.2638244628906
2018-12-19,490.491943359375
2018-12-20,493.725830078125
2018-12-21,487.65081787109375
2018-12-24,480.6056213378906
2018-12-26,490.2379455566406
2018-12-27,486.2418212890625
2018-12-28,490.3649597167969
2018-12-31,490.0877685546875
2019-01-01,496.1859130859375
2019-01-02,491.6584777832031
2019-01-03,487.80096435546875
2019-01-04,489.1060485839844
2019-01-07,489.84521484375
2019-01-08,485.76824951171875
2019-01-09,488.95587158203125
2019-01-10,487.0387268066406
2019-01-11,487.8240966796875
2019-01-14,485.4564514160156
2019-01-15,490.1339111328125
2019-01-16,489.74127197265625
2019-01-17,492.53631591796875
2019-01-18,492.0627136230469
2019-01-21,496.1973876953125
2019-01-22,493.35626220703125
2019-01-23,486.3226318359375
2019-01-24,485.5950622558594
2019-01-25,484.1513366699219
2019-01-28,481.4140930175781
2019-01-29,475.28143310546875
2019-01-30,469.9918212890625
2019-01-31,480.44403076171875
2019-02-01,482.8693542480469
2019-02-04,486.20709228515625
2019-02-05,488.3207092285156
2019-02-06,490.30712890625
2019-02-07,489.0599060058594
2019-02-08,490.30712890625
2019-02-11,494.2340087890625
2019-02-12,491.93560791015625
2019-02-14,487.431396484375
2019-02-15,485.2254333496094
2019-02-18,482.74237060546875
2019-02-19,481.3910827636719
2019-02-20,487.00408935546875
2019-02-21,488.748046875
2019-02-22,483.100341796875
2019-02-25,490.9424133300781
2019-02-26,487.5353088378906
2019-02-27,483.2850646972656
2019-02-28,479.8896484375
2019-03-01,481.22943115234375
2019-03-05,486.7153625488281
2019-03-06,486.0570068359375
2019-03-07,491.1965637207031
2019-03-08,491.5892028808594
2019-03-11,491.6468811035156
2019-03-12,501.4754943847656
2019-03-13,514.3068237304688
2019-03-14,513.8911743164062
2019-03-15,520.4166259765625
2019-03-18,522.3683471679688
2019-03-19,523.8236694335938
2019-03-20,531.0419311523438
2019-03-22,525.7637939453125
2019-03-25,526.9534912109375
2019-03-26,533.8947143554688
2019-03-27,531.1459350585938
2019-03-28,531.9197387695312
2019-04-01,533.9985961914062
2019-04-02,530.0834350585938
2019-04-03,529.5982666015625
2019-04-04,527.5656127929688
2019-04-05,532.5665283203125
2019-04-08,528.8245239257812
2019-04-09,528.3277587890625
2019-04-10,516.801513671875
2019-04-11,521.4559326171875
2019-04-12,523.24609375
2019-04-15,528.6858520507812
2019-04-16,532.439453125
2019-04-18,529.8062133789062
2019-04-22,524.0430908203125
2019-04-23,518.6380615234375
2019-04-24,526.595458984375
2019-04-25,522.830322265625
2019-04-26,526.8726806640625
2019-04-30,535.3037109375
2019-05-02,544.1620483398438
2019-05-03,546.9686279296875
2019-05-06,537.8445434570312
2019-05-07,536.4354858398438
2019-05-08,532.9475708007812
2019-05-09,529.1710205078125
2019-05-10,530.4645385742188
2019-05-13,528.3162841796875
2019-05-14,528.47802734375
2019-05-15,528.2007446289062
2019-05-16,533.73291015625
2019-05-17,545.6173095703125
2019-05-20,561.84423828125
2019-05-21,555.2265014648438
2019-05-22,555.699951171875
2019-05-23,538.687744140625
2019-05-24,548.2160034179688
2019-05-27,556.300537109375
2019-05-28,558.11376953125
2019-05-29,558.2754516601562
2019-05-30,563.5073852539062
2019-05-31,560.2274169921875
2019-06-03,567.5611572265625
2019-06-04,566.4524536132812
2019-06-06,559.7653198242188
2019-06-07,565.3782958984375
2019-06-10,563.6575927734375
2019-06-11,565.5516357421875
2019-06-12,560.6199951171875
2019-06-13,564.6968994140625
2019-06-14,562.4795532226562
2019-06-17,559.4535522460938
2019-06-18,558.3563842773438
2019-06-19,560.9202270507812
2019-06-20,563.9418334960938
2019-06-21,561.117919921875
2019-06-24,561.9894409179688
2019-06-25,564.488037109375
2019-06-26,573.5989990234375
2019-06-27,572.2974853515625
2019-06-28,567.9859619140625
2019-07-01,577.7013549804688
2019-07-02,579.897705078125
2019-07-03,578.6541748046875
2019-07-04,577.2944946289062
2019-07-05,574.6448974609375
2019-07-08,560.0487670898438
2019-07-09,552.9713745117188
2019-07-10,555.20263671875
2019-07-11,559.479248046875
2019-07-12,556.3995971679688
2019-07-15,556.5972290039062
2019-07-16,555.7721557617188
2019-07-17,557.2247314453125
2019-07-18,560.5833129882812
2019-07-19,552.1578369140625
2019-07-22,533.9358520507812
2019-07-23,526.091552734375
2019-07-24,530.1356811523438
2019-07-25,531.3327026367188
2019-07-26,529.2990112304688
2019-07-29,521.6290283203125
2019-07-30,523.476806640625
2019-07-31,523.3372802734375
2019-08-01,517.5487670898438
2019-08-02,515.8133544921875
2019-08-05,507.6370849609375
2019-08-06,509.9316101074219
2019-08-07,508.7435302734375
2019-08-08,520.192626953125
2019-08-09,531.57177734375
2019-08-13,517.2109375
2019-08-14,519.3307495117188
2019-08-16,518.9230346679688
2019-08-19,514.0662841796875
2019-08-20,517.2692260742188
2019-08-21,518.4921264648438
2019-08-22,506.43743896484375
2019-08-23,503.7818908691406
2019-08-26,525.5502319335938
2019-08-27,526.4353637695312
2019-08-28,523.5353393554688
2019-08-29,518.7484130859375
2019-08-30,518.9813232421875
2019-09-03,515.0213012695312
2019-09-04,523.5935668945312
2019-09-05,520.6585083007812
2019-09-06,523.1626586914062
2019-09-09,524.0244750976562
2019-09-11,524.4204711914062
2019-09-12,528.9745483398438
2019-09-13,525.85302734375
2019-09-16,522.7548828125
2019-09-17,515.114501953125
2019-09-18,509.6170959472656
2019-09-19,512.9597778320312
2019-09-20,558.8724365234375
2019-09-23,585.730712890625
2019-09-24,584.123291015625
2019-09-25,577.554443359375
2019-09-26,578.85888671875
2019-09-27,579.6507568359375
2019-09-30,571.8472900390625
2019-10-01,581.7940063476562
2019-10-03,570.0303955078125
2019-10-04,554.26025390625
2019-10-07,552.9558715820312
2019-10-09,572.1734008789062
2019-10-10,559.315185546875
2019-10-11,558.4998779296875
2019-10-14,561.1087036132812
2019-10-15,569.7974243164062
2019-10-16,568.888916015625
2019-10-17,568.37646484375
2019-10-18,572.5694580078125
2019-10-22,577.3680419921875
2019-10-23,578.4395751953125
2019-10-24,575.8771362304688
2019-10-25,572.5694580078125
2019-10-27,576.6226196289062
2019-10-29,578.85888671875
2019-10-30,581.5842895507812
2019-10-31,573.1983032226562
2019-11-01,577.7174682617188
2019-11-04,576.2266235351562
2019-11-05,577.4612426757812
2019-11-06,585.4511108398438
2019-11-07,588.7355346679688
2019-11-08,584.9619750976562
2019-11-11,589.2247314453125
2019-11-13,585.8704833984375
2019-11-14,593.487548828125
2019-11-15,595.3510131835938
2019-11-18,587.9669189453125
2019-11-19,592.5557861328125
2019-11-20,593.2313232421875
2019-11-21,597.89013671875
2019-11-22,589.2247314453125
2019-11-25,592.1829833984375
2019-11-26,594.0232543945312
2019-11-27,595.5841064453125
2019-11-28,589.4810180664062
2019-11-29,593.9766845703125
2019-12-02,589.6906127929688
2019-12-03,584.8688354492188
2019-12-04,583.1217041015625
2019-12-05,580.3031616210938
2019-12-06,580.5127563476562
2019-12-09,579.0684204101562
2019-12-10,582.1199951171875
2019-12-11,581.7705688476562
2019-12-12,588.68896484375
2019-12-13,588.805419921875
2019-12-16,585.7772216796875
2019-12-17,592.1829833984375
2019-12-18,602.0830688476562
2019-12-19,600.4291381835938
2019-12-20,604.1096801757812
2019-12-23,606.7651977539062
2019-12-24,600.59228515625
2019-12-26,591.8803100585938
2019-12-27,594.0000610351562
2019-12-30,597.3311157226562
2019-12-31,592.64892578125
2020-01-01,595.67724609375
2020-01-02,599.4741821289062
2020-01-03,590.9252319335938
2020-01-06,578.1367797851562
2020-01-07,587.291259765625
2020-01-08,585.75390625
2020-01-09,592.3229370117188
2020-01-10,597.5873413085938
2020-01-13,599.1246948242188
2020-01-14,600.75537109375
2020-01-15,598.3094482421875
2020-01-16,599.8934326171875
2020-01-17,595.467529296875
2020-01-20,584.6358032226562
2020-01-21,579.7208251953125
2020-01-22,578.090087890625
2020-01-23,579.95361328125
2020-01-24,579.81396484375
2020-01-27,565.20849609375
2020-01-28,569.8672485351562
2020-01-29,575.7608032226562
2020-01-30,571.1951293945312
2020-01-31,571.3115844726562
2020-02-03,555.7045288085938
2020-02-04,572.942138671875
2020-02-05,579.8605346679688
2020-02-06,577.6009521484375
2020-02-07,578.7190551757812
2020-02-10,577.833984375
2020-02-11,577.9736328125
2020-02-12,581.8870239257812
2020-02-13,578.346435546875
2020-02-14,568.0736083984375
2020-02-17,567.0487060546875
2020-02-18,565.2318115234375
2020-02-19,571.7308349609375
2020-02-20,567.0254516601562
2020-02-24,563.6943359375
2020-02-25,559.1986694335938
2020-02-26,558.70947265625
2020-02-27,558.8025512695312
2020-02-28,548.6463623046875
2020-03-02,549.5548095703125
2020-03-03,550.579833984375
2020-03-04,535.22900390625
2020-03-05,536.3936767578125
2020-03-06,528.7299194335938
2020-03-09,515.87158203125
2020-03-11,518.8997802734375
2020-03-12,475.8056640625
2020-03-13,498.4009704589844
2020-03-16,465.6494445800781
2020-03-17,454.28192138671875
2020-03-18,408.53228759765625
2020-03-19,417.2209777832031
2020-03-20,411.30426025390625
2020-03-23,359.4515686035156
2020-03-24,357.6579284667969
2020-03-25,399.1447448730469
2020-03-26,419.8065490722656
2020-03-27,421.36737060546875
2020-03-30,387.45111083984375
2020-03-31,401.5440368652344
2020-04-01,386.51934814453125
2020-04-03,379.1583557128906
2020-04-07,417.4771728515625
2020-04-08,414.1228942871094
2020-04-09,430.9644470214844
2020-04-13,417.1277770996094
2020-04-15,402.19622802734375
2020-04-16,409.8600158691406
2020-04-17,424.0927429199219
2020-04-20,440.1889343261719
2020-04-21,429.3805236816406
2020-04-22,432.61834716796875
2020-04-23,444.8943786621094
2020-04-24,437.0209655761719
2020-04-27,433.130859375
2020-04-28,433.92291259765625
2020-04-29,455.2136535644531
2020-04-30,466.7209777832031
2020-05-04,430.0094299316406
2020-05-05,424.6285400390625
2020-05-06,440.91107177734375
2020-05-07,430.941162109375
2020-05-08,432.8280029296875
2020-05-11,426.6550598144531
2020-05-12,420.0162658691406
2020-05-13,432.1758117675781
2020-05-14,416.3591003417969
2020-05-15,413.7734680175781
2020-05-18,389.78057861328125
2020-05-19,386.9851989746094
2020-05-20,399.30780029296875
2020-05-21,400.44921875
2020-05-22,390.805419921875
2020-05-26,397.1181945800781
2020-05-27,420.9945983886719
2020-05-28,440.3753356933594
2020-05-29,443.35699462890625
2020-06-01,460.12872314453125
2020-06-02,466.3482666015625
2020-06-03,476.2483215332031
2020-06-04,466.6743469238281
2020-06-05,481.4195251464844
2020-06-08,473.2899169921875
2020-06-09,459.96563720703125
2020-06-10,462.0854187011719
2020-06-11,451.253662109375
2020-06-12,457.8458557128906
2020-06-15,442.5184020996094
2020-06-16,461.409912109375
2020-06-17,456.21533203125
2020-06-18,475.1767272949219
2020-06-19,481.4195251464844
2020-06-22,479.27655029296875
2020-06-23,485.58917236328125
2020-06-24,481.0235290527344
2020-06-25,479.27655029296875
2020-06-26,492.1814270019531
2020-06-29,501.3127746582031
2020-06-30,496.56072998046875
2020-07-01,505.2959899902344
2020-07-02,507.5322570800781
2020-07-03,500.3343811035156
2020-07-06,513.8682861328125
2020-07-07,514.8699340820312
2020-07-08,517.29248046875
2020-07-09,524.0944213867188
2020-07-10,514.8466186523438
2020-07-13,503.2694396972656
2020-07-14,493.299560546875
2020-07-15,490.64404296875
2020-07-16,495.0234375
2020-07-17,511.74847412109375
2020-07-20,527.8681030273438
2020-07-21,530.4302978515625
2020-07-22,524.74658203125
2020-07-23,526.6334228515625
2020-07-24,521.3689575195312
2020-07-27,502.91998291015625
2020-07-28,506.2510986328125
2020-07-29,495.9783935546875
2020-07-30,489.4793701171875
2020-07-31,481.1633605957031
2020-08-03,466.81414794921875
2020-08-04,485.2864074707031
2020-08-05,478.7174377441406
2020-08-06,484.8437805175781
2020-08-07,486.3113098144531
2020-08-10,489.4793701171875
2020-08-11,496.9334411621094
2020-08-12,495.55902099609375
2020-08-13,493.3927307128906
2020-08-14,481.9320373535156
2020-08-17,481.14007568359375
2020-08-18,492.2047424316406
2020-08-19,496.91015625
2020-08-20,493.3694763183594
2020-08-21,505.7852478027344
2020-08-24,520.4139404296875
2020-08-25,521.6484375
2020-08-26,521.0661010742188
2020-08-27,518.1077880859375
2020-08-28,519.2258911132812
2020-08-31,519.8547973632812
2020-09-01,525.1892700195312
2020-09-02,528.3805541992188
2020-09-03,526.866455078125
2020-09-04,521.462158203125
2020-09-07,517.3624267578125
2020-09-08,518.2708740234375
2020-09-09,510.84002685546875
2020-09-10,508.0680236816406
2020-09-11,502.5240173339844
2020-09-14,492.8802490234375
2020-09-15,498.72711181640625
2020-09-16,509.5122375488281
2020-09-17,504.8301086425781
2020-09-18,492.57745361328125
2020-09-21,488.85040283203125
2020-09-22,482.3746032714844
2020-09-23,487.89532470703125
2020-09-24,480.0452880859375
2020-09-25,486.3811950683594
2020-09-28,491.1332092285156
2020-09-29,495.0234375
2020-09-30,502.50079345703125
2020-10-01,515.7083740234375
2020-10-05,519.156005859375
2020-10-06,533.0160522460938
2020-10-07,541.4718017578125
2020-10-08,555.2387084960938
2020-10-09,574.6892700195312
2020-10-12,565.418212890625
2020-10-13,558.3367309570312
2020-10-14,564.41650390625
2020-10-15,544.73291015625
2020-10-16,558.7560424804688
2020-10-19,560.7127685546875
2020-10-20,570.2167358398438
2020-10-21,580.8156127929688
2020-10-22,574.57275390625
2020-10-23,575.7373657226562
2020-10-26,564.1370239257812
2020-10-27,574.4795532226562
2020-10-28,563.5313110351562
2020-10-29,553.0955200195312
2020-10-30,551.3950805664062
2020-11-02,566.16357421875
2020-11-03,581.3978881835938
2020-11-04,585.800537109375
2020-11-05,591.2979736328125
2020-11-06,609.2111206054688
2020-11-09,624.5386352539062
2020-11-10,649.2770385742188
2020-11-11,647.55322265625
2020-11-12,639.0509033203125
2020-11-13,633.0410766601562
2020-11-14,638.1190795898438
2020-11-17,656.1720581054688
2020-11-18,656.2885131835938
2020-11-19,640.285400390625
2020-11-20,653.9357299804688
2020-11-23,649.7196044921875
2020-11-24,670.0319213867188
2020-11-25,653.5398559570312
2020-11-26,664.651123046875
2020-11-27,671.2666625976562
2020-12-01,667.7492065429688
2020-12-02,655.4732666015625
2020-12-03,641.6132202148438
2020-12-04,645.5266723632812
2020-12-07,639.30712890625
2020-12-08,641.1939697265625
2020-12-09,655.5896606445312
2020-12-10,645.6431274414062
2020-12-11,644.2222290039062
2020-12-14,639.2604370117188
2020-12-15,648.18212890625
2020-12-16,657.2202758789062
2020-12-17,671.7091674804688
2020-12-18,657.5231323242188
2020-12-21,639.4935302734375
2020-12-22,639.7030639648438
2020-12-23,640.8910522460938
2020-12-24,650.8842163085938
2020-12-28,658.221923828125
2020-12-29,664.9073486328125
2020-12-30,667.3766479492188
2020-12-31,669.1467895507812
2021-01-01,663.9056396484375
2021-01-04,659.6893920898438
2021-01-05,664.6743774414062
2021-01-06,661.8092651367188
2021-01-07,659.8058471679688
2021-01-08,666.9805908203125
2021-01-11,676.205078125
2021-01-12,689.9717407226562
2021-01-13,685.1499633789062
2021-01-14,684.2647705078125
2021-01-15,683.2864379882812
2021-01-18,690.9500732421875
2021-01-19,700.6171875
2021-01-20,695.096435546875
2021-01-21,687.0833740234375
2021-01-22,672.5244750976562
2021-01-25,681.5159912109375
2021-01-27,656.7078247070312
2021-01-28,638.9343872070312
2021-01-29,647.8094482421875
2021-02-01,687.9918212890625
2021-02-02,727.0327758789062
2021-02-03,733.671630859375
2021-02-04,735.6748046875
2021-02-05,744.293701171875
2021-02-08,747.8577270507812
2021-02-09,750.9324951171875
2021-02-10,736.9094848632812
2021-02-11,732.5301513671875
2021-02-12,737.002685546875
2021-02-15,753.1453857421875
2021-02-16,757.82763671875
2021-02-17,739.1223754882812
2021-02-18,724.1209716796875
2021-02-19,717.03955078125
2021-02-22,721.1858520507812
2021-02-23,712.404052734375
2021-02-24,748.416748046875
2021-02-25,748.3933715820312
2021-02-26,714.8499145507812
2021-03-01,726.2640991210938
2021-03-02,730.5968017578125
2021-03-03,739.2855224609375
2021-03-04,723.0728149414062
2021-03-05,712.8001098632812
2021-03-08,707.9082641601562
2021-03-09,727.9412231445312
2021-03-10,724.7965698242188
2021-03-12,723.0261840820312
2021-03-15,712.1710815429688
2021-03-16,704.4840698242188
2021-03-17,696.6571655273438
2021-03-18,694.6305541992188
2021-03-19,697.6588745117188
2021-03-22,684.4510498046875
2021-03-23,698.8934936523438
2021-03-24,688.9468994140625
2021-03-25,681.7489624023438
2021-03-26,694.7704467773438
2021-03-30,723.8414306640625
2021-03-31,695.8651733398438
2021-04-01,692.650634765625
2021-04-05,675.3431396484375
2021-04-06,670.987060546875
2021-04-07,674.2249755859375
2021-04-08,667.5162353515625
2021-04-09,662.3682861328125
2021-04-12,636.8845825195312
2021-04-13,652.3983764648438
2021-04-15,666.25830078125
2021-04-16,665.5828857421875
2021-04-19,658.01220703125
2021-04-20,648.2286987304688
2021-04-22,662.7177124023438
2021-04-23,658.8275146484375
2021-04-26,654.4715576171875
2021-04-27,670.2650146484375
2021-04-28,688.01513671875
2021-04-29,686.01171875
2021-04-30,657.9656372070312
2021-05-03,658.9673461914062
2021-05-04,646.8077392578125
2021-05-05,653.4466552734375
2021-05-06,652.6546630859375
2021-05-07,659.1071166992188
2021-05-10,661.483154296875
2021-05-11,653.8892822265625
2021-05-12,652.0023803710938
2021-05-14,646.1089477539062
2021-05-17,670.987060546875
2021-05-18,687.9684448242188
2021-05-19,679.349609375
2021-05-20,667.5162353515625
2021-05-21,697.565673828125
2021-05-24,703.458984375
2021-05-25,689.0167236328125
2021-05-26,688.1315307617188
2021-05-27,690.7405395507812
2021-05-28,700.4309692382812
2021-05-31,706.2077026367188
2021-06-01,704.2744140625
2021-06-02,700.6871337890625
2021-06-03,708.3974609375
2021-06-04,699.2661743164062
2021-06-07,698.753662109375
2021-06-08,690.9269409179688
2021-06-09,689.645751953125
2021-06-10,689.9951171875
2021-06-11,692.4642944335938
2021-06-14,689.2496948242188
2021-06-15,694.28125
2021-06-16,691.6489868164062
2021-06-17,683.0301513671875
2021-06-18,689.4127197265625
2021-06-21,693.5591430664062
2021-06-22,691.2763671875
2021-06-23,692.068359375
2021-06-24,701.7353515625
2021-06-25,705.8584594726562
2021-06-28,702.7136840820312
2021-06-29,702.8072509765625
2021-06-30,700.8655395507812
2021-07-01,695.6484375
2021-07-02,692.6773071289062
2021-07-05,699.71923828125
2021-07-06,718.0841064453125
2021-07-07,720.3301391601562
2021-07-08,711.4165649414062
2021-07-09,702.7838745117188
2021-07-12,695.765380859375
2021-07-13,702.7136840820312
2021-07-14,701.4502563476562
2021-07-15,711.5335693359375
2021-07-16,712.3056030273438
2021-07-19,688.2789916992188
2021-07-20,675.248046875
2021-07-22,677.8449096679688
2021-07-23,675.0608520507812
2021-07-26,671.2241821289062
2021-07-27,673.6572875976562
2021-07-28,663.1528930664062
2021-07-29,663.5973510742188
2021-07-30,667.43408203125
2021-08-02,665.6561889648438
2021-08-03,671.2943725585938
2021-08-04,685.6119995117188
2021-08-05,694.7593383789062
2021-08-06,698.4089965820312
2021-08-09,703.6728515625
2021-08-10,705.427490234375
2021-08-11,699.4852294921875
2021-08-12,702.5031127929688
2021-08-13,714.1069946289062
2021-08-16,716.1658325195312
2021-08-17,708.7027587890625
2021-08-18,707.9307250976562
2021-08-20,708.7495727539062
2021-08-23,713.3583984375
2021-08-24,729.3838500976562
2021-08-25,728.7054443359375
2021-08-26,727.489013671875
2021-08-27,724.517822265625
2021-08-30,733.7821655273438
2021-08-31,739.9351196289062
2021-09-01,738.8588256835938
2021-09-02,743.4910888671875
2021-09-03,737.4318237304688
2021-09-06,732.5889892578125
2021-09-07,734.2500610351562
2021-09-08,737.5955810546875
2021-09-09,733.9459228515625
2021-09-13,727.83984375
2021-09-14,724.5646362304688
2021-09-15,723.7457275390625
2021-09-16,729.8985595703125
2021-09-17,740.2860107421875
2021-09-20,729.851806640625
2021-09-21,726.1553955078125
2021-09-22,717.6162109375
2021-09-23,734.6010131835938
2021-09-24,749.36328125
2021-09-27,760.3822631835938
2021-09-28,755.6798095703125
2021-09-29,745.7603149414062
2021-09-30,746.2750854492188
2021-10-01,740.5432739257812
2021-10-04,741.9703369140625
2021-10-05,746.5089111328125
2021-10-06,755.609619140625
2021-10-07,753.5509033203125
2021-10-08,749.8779296875
2021-10-11,764.4529418945312
2021-10-12,762.48779296875
2021-10-13,767.0731811523438
2021-10-14,789.5322875976562
2021-10-18,781.5313110351562
2021-10-19,790.1405029296875
2021-10-20,783.1922607421875
2021-10-21,784.3387451171875
2021-10-22,786.4208374023438
2021-10-25,775.3081665039062
2021-10-26,773.319580078125
2021-10-27,768.6640625
2021-10-28,745.6433715820312
2021-10-29,740.6134643554688
2021-11-01,751.1177978515625
2021-11-02,751.7963256835938
2021-11-03,739.9583740234375
2021-11-04,745.8071899414062
2021-11-08,748.7549438476562
2021-11-09,735.6537475585938
2021-11-10,727.699462890625
2021-11-11,724.4475708007812
2021-11-12,726.646728515625
2021-11-15,728.6353149414062
2021-11-16,724.3071899414062
2021-11-17,716.2593994140625
2021-11-18,720.2833251953125
2021-11-22,709.0302734375
2021-11-23,709.1239624023438
2021-11-24,710.2936401367188
2021-11-25,713.9901123046875
2021-11-26,697.122314453125
2021-11-29,702.4329223632812
2021-11-30,698.8301391601562
2021-12-01,704.0238037109375
2021-12-02,713.896484375
2021-12-03,708.1881713867188
2021-12-06,703.626220703125
2021-12-07,713.8731079101562
2021-12-08,727.0210571289062
2021-12-09,714.4111328125
2021-12-10,712.399169921875
2021-12-13,707.0651245117188
2021-12-14,702.9944458007812
2021-12-15,701.84814453125
2021-12-16,701.8948974609375
2021-12-17,689.2382202148438
2021-12-20,667.059814453125
2021-12-21,674.6163940429688
2021-12-22,676.2072143554688
2021-12-23,675.6925659179688
2021-12-24,673.259521484375
2021-12-27,678.8275146484375
2021-12-28,683.5064697265625
2021-12-29,680.2545776367188
2021-12-30,683.8340454101562
2021-12-31,692.2093505859375
2022-01-03,711.042236328125
2022-01-04,715.2066040039062
2022-01-05,732.1912231445312
2022-01-06,720.447021484375
2022-01-07,725.5003662109375
2022-01-10,729.5243530273438
2022-01-11,732.6825561523438
2022-01-12,728.3544921875
2022-01-13,714.94921875
2022-01-14,722.9736938476562
2022-01-17,711.9078979492188
2022-01-18,715.5340576171875
2022-01-19,710.4808349609375
2022-01-20,706.05908203125
2022-01-21,711.9547119140625
2022-01-24,695.6016235351562
2022-01-25,696.2567749023438
2022-01-27,690.127197265625
2022-01-28,684.6527099609375
2022-01-31,695.1571044921875
2022-02-01,700.4443359375
2022-02-02,716.4465942382812
2022-02-03,709.0302734375
2022-02-04,713.0775756835938
2022-02-07,686.9454956054688
2022-02-08,683.9977416992188
2022-02-09,700.72509765625
2022-02-10,713.59228515625
2022-02-11,710.66796875
2022-02-14,689.5423583984375
2022-02-15,710.1767578125
2022-02-16,709.217529296875
2022-02-17,704.8894653320312
2022-02-18,707.6266479492188
2022-02-21,712.1886596679688
2022-02-22,706.8546142578125
2022-02-23,702.2692260742188
2022-02-24,664.135498046875
2022-02-25,681.307373046875
2022-02-28,667.3405151367188
2022-03-02,643.0098266601562
2022-03-03,641.4891357421875
2022-03-04,639.3836059570312
2022-03-07,619.8722534179688
2022-03-08,621.27587890625
2022-03-09,641.5592651367188
2022-03-10,651.6425170898438
2022-03-11,653.5609741210938
2022-03-14,674.96728515625
2022-03-15,666.287841796875
2022-03-16,677.5875854492188
2022-03-17,692.5136108398438
2022-03-21,695.5313720703125
2022-03-22,699.1109008789062
2022-03-23,692.13916015625
2022-03-24,675.0140991210938
2022-03-25,669.5162963867188
2022-03-28,670.4052734375
2022-03-29,679.2953491210938
2022-03-30,691.06298828125
2022-03-31,687.9749145507812
2022-04-01,704.655517578125
2022-04-04,775.214599609375
2022-04-05,752.4981689453125
2022-04-06,725.640625
2022-04-07,709.6853637695312
2022-04-08,708.7027587890625
2022-04-11,700.0467529296875
2022-04-12,698.8067016601562
2022-04-13,685.4482421875
2022-04-18,652.9292602539062
2022-04-19,628.0137329101562
2022-04-20,633.6752319335938
2022-04-21,643.056640625
2022-04-22,634.2835083007812
2022-04-25,639.0326538085938
2022-04-26,641.9804077148438
2022-04-27,642.21435546875
2022-04-28,641.65283203125
2022-04-29,647.8525390625
2022-05-02,656.7894287109375
2022-05-04,634.470703125
2022-05-05,633.0435180664062
2022-05-06,616.5033569335938
2022-05-09,617.55615234375
2022-05-10,627.4755859375
2022-05-11,631.0082397460938
2022-05-12,616.7843627929688
2022-05-13,611.2462158203125
2022-05-16,617.7547607421875
2022-05-17,621.9674072265625
2022-05-18,621.9201049804688
2022-05-19,609.2108764648438
2022-05-20,625.2571411132812
2022-05-23,617.2340087890625
2022-05-24,624.3104858398438
2022-05-25,628.972900390625
2022-05-26,646.912353515625
2022-05-27,658.9115600585938
2022-05-30,663.4082641601562
2022-05-31,657.4442138671875
2022-06-01,660.2368774414062
2022-06-02,655.6218872070312
2022-06-03,653.349853515625
2022-06-06,652.47412109375
2022-06-07,644.9717407226562
2022-06-08,647.2437744140625
2022-06-09,652.1190795898438
2022-06-10,639.5282592773438
2022-06-13,627.9315185546875
2022-06-14,621.0208129882812
2022-06-15,618.8670043945312
2022-06-16,606.4892578125
2022-06-17,610.489013671875
2022-06-20,625.8251953125
2022-06-21,632.6412353515625
2022-06-22,629.6591186523438
2022-06-23,631.978515625
2022-06-24,640.806396484375
2022-06-27,641.966064453125
2022-06-28,637.0669555664062
2022-06-29,636.1438598632812
2022-06-30,638.0609741210938
2022-07-01,640.7826538085938
2022-07-04,641.6820068359375
2022-07-05,640.2383422851562
2022-07-06,649.0660400390625
2022-07-07,660.6865844726562
2022-07-08,661.3018798828125
2022-07-11,665.5856323242188
2022-07-12,658.793212890625
2022-07-13,642.7233276367188
2022-07-14,639.504638671875
2022-07-15,644.71142578125
2022-07-18,637.8479614257812
2022-07-19,638.0846557617188
2022-07-20,646.1314086914062
2022-07-21,644.0960693359375
2022-07-22,659.12451171875
2022-07-25,661.065185546875
2022-07-26,659.7162475585938
2022-07-27,664.7572021484375
2022-07-28,670.6503295898438
2022-07-29,678.8627319335938
2022-08-01,684.519287109375
2022-08-02,676.9931030273438
2022-08-03,678.5787353515625
2022-08-04,677.7741088867188
2022-08-05,675.4783935546875
2022-08-08,692.0452880859375
2022-08-10,694.0570068359375
2022-08-11,703.2396240234375
2022-08-12,702.9793701171875
2022-08-16,711.026123046875
2022-08-17,714.694580078125
2022-08-18,715.5465698242188
2022-08-19,706.7188110351562
2022-08-22,695.9739990234375
2022-08-23,693.8203125
2022-08-24,697.1572875976562
2022-08-25,693.37060546875
2022-08-26,693.4889526367188
2022-08-29,681.3241577148438
2022-08-30,703.4291381835938
2022-09-01,696.8260498046875
2022-09-02,703.1450805664062
2022-09-05,707.6654663085938
2022-09-06,704.9674682617188
2022-09-07,701.63037109375
2022-09-08,708.8724365234375
2022-09-09,709.3457641601562
2022-09-12,706.9555053710938
2022-09-13,716.2092895507812
2022-09-14,723.5696411132812
2022-09-15,719.806640625
2022-09-16,706.5767211914062
2022-09-19,711.2391357421875
2022-09-20,719.806640625
2022-09-21,718.6942138671875
2022-09-22,703.3817749023438
2022-09-23,684.519287109375
2022-09-26,675.2891235351562
2022-09-27,669.2302856445312
2022-09-28,657.728271484375
2022-09-29,654.3201293945312
2022-09-30,672.7803344726562
2022-10-03,668.922607421875
2022-10-04,687.7615966796875
2022-10-06,680.1880493164062
2022-10-07,677.25341796875
2022-10-10,669.774658203125
2022-10-11,662.9822387695312
2022-10-12,667.3132934570312
2022-10-13,659.645263671875
2022-10-14,681.1348266601562
2022-10-17,684.70849609375
2022-10-18,683.4305419921875
2022-10-19,690.4358520507812
2022-10-20,685.7735595703125
2022-10-21,680.9454956054688
2022-10-24,691.5719604492188
2022-10-25,686.7675170898438
2022-10-27,688.4241943359375
2022-10-28,690.4595947265625
2022-10-31,708.4464721679688
2022-11-01,716.2802124023438
2022-11-02,716.7297973632812
2022-11-03,713.5822143554688
2022-11-04,708.6594848632812
2022-11-07,714.1738891601562
2022-11-09,713.9608154296875
2022-11-10,721.7236328125
2022-11-11,762.6201171875
2022-11-14,764.4661254882812
2022-11-15,766.3358764648438
2022-11-16,772.915283203125
2022-11-17,765.9334716796875
2022-11-18,763.9218139648438
2022-11-21,756.0880737304688
2022-11-22,754.9757080078125
2022-11-23,756.9401245117188
2022-11-24,769.246826171875
2022-11-25,765.6968383789062
2022-11-28,757.4607543945312
2022-11-29,756.3246459960938
2022-11-30,761.3419799804688
2022-12-01,766.572509765625
2022-12-02,760.703125
2022-12-05,763.4721069335938
2022-12-06,762.6201171875
2022-12-07,762.2887573242188
2022-12-08,766.572509765625
2022-12-09,772.03955078125
2022-12-12,778.0509643554688
2022-12-13,780.2047119140625
2022-12-14,786.8076782226562
2022-12-15,772.3945922851562
2022-12-16,776.1102905273438
2022-12-19,778.5242919921875
2022-12-20,773.1519165039062
2022-12-21,765.6732177734375
2022-12-22,763.0460815429688
2022-12-23,756.2301025390625
2022-12-26,771.2821655273438
2022-12-27,772.0631713867188
2022-12-28,771.4478149414062
2022-12-29,776.891357421875
2022-12-30,770.6668090820312
2023-01-02,770.92724609375
2023-01-03,775.96826171875
2023-01-04,762.0994873046875
2023-01-05,757.2003173828125
2023-01-06,754.6917114257812
2023-01-09,756.1591186523438
2023-01-10,742.3375854492188
2023-01-11,753.0349731445312
2023-01-12,757.058349609375
2023-01-13,757.6500854492188
2023-01-16,750.38427734375
2023-01-17,761.5551147460938
2023-01-18,774.9979858398438
2023-01-19,778.216552734375
2023-01-20,786.1924438476562
2023-01-23,791.9434814453125
2023-01-24,802.5462646484375
2023-01-25,780.370361328125
2023-01-27,764.8211669921875
2023-01-30,764.0400390625
2023-01-31,758.9991455078125
2023-02-01,770.3829345703125
2023-02-02,758.9281005859375
2023-02-03,785.1747436523438
2023-02-06,781.8377075195312
2023-02-07,782.997314453125
2023-02-08,782.9026489257812
2023-02-09,781.2697143554688
2023-02-10,784.3701171875
2023-02-13,784.961669921875
2023-02-14,792.2274169921875
2023-02-15,790.6181640625
2023-02-16,787.75439453125
2023-02-17,783.8021240234375
2023-02-20,776.4415893554688
2023-02-21,779.3526611328125
2023-02-22,764.0638427734375
2023-02-23,758.8807373046875
2023-02-24,752.1119384765625
2023-02-27,753.9817504882812
2023-02-28,757.1530151367188
2023-03-01,756.4193725585938
2023-03-02,749.9819946289062
2023-03-03,764.8684692382812
2023-03-06,770.2646484375
2023-03-08,771.8029174804688
2023-03-09,771.8739624023438
2023-03-10,751.9700317382812
2023-03-13,742.4559326171875
2023-03-14,740.4678344726562
2023-03-15,729.8414306640625
2023-03-16,734.57470703125
2023-03-17,744.3965454101562
2023-03-20,739.2371826171875
2023-03-21,747.6151733398438
2023-03-22,745.8876342773438
2023-03-23,739.8998413085938
2023-03-24,738.7164916992188
2023-03-27,741.9351806640625
2023-03-28,747.97021484375
2023-03-29,751.5676879882812
2023-03-31,761.86279296875
2023-04-03,762.3361206054688
2023-04-05,782.7843627929688
2023-04-06,788.7484130859375
2023-04-10,785.0090942382812
2023-04-11,787.3046875
2023-04-12,797.52880859375
2023-04-13,801.1025390625
2023-04-17,788.8904418945312
2023-04-18,785.5534057617188
2023-04-19,788.4407348632812
2023-04-20,791.3754272460938
2023-04-21,792.6535034179688
2023-04-24,799.0672607421875
2023-04-25,787.7070922851562
2023-04-26,791.328125
2023-04-27,795.6828002929688
2023-04-28,798.806884765625
2023-05-02,798.6412353515625
2023-05-03,801.4339599609375
2023-05-04,817.8351440429688
2023-05-05,769.4835815429688
2023-05-08,778.38232421875
2023-05-09,778.4059448242188
2023-05-10,782.0032958984375
2023-05-11,782.5240478515625
2023-05-12,789.434814453125
2023-05-15,793.2214965820312
2023-05-16,788.6732177734375
2023-05-17,784.4360961914062
2023-05-18,787.5720825195312
2023-05-19,788.481689453125
2023-05-22,785.680908203125
2023-05-23,783.8375854492188
2023-05-24,773.592041015625
2023-05-25,770.6236572265625
2023-05-26,773.592041015625
2023-05-29,783.023681640625
2023-05-30,783.6221923828125
2023-05-31,771.22216796875
2023-06-01,767.9425048828125
2023-06-02,769.1395263671875
2023-06-05,768.1341552734375
2023-06-06,765.740234375
2023-06-07,769.7139892578125
2023-06-08,770.1928100585938
2023-06-09,771.1024780273438
2023-06-12,766.4105834960938
2023-06-13,767.7032470703125
2023-06-14,766.8652954101562
2023-06-15,757.4336547851562
2023-06-16,767.3441772460938
2023-06-19,768.0143432617188
2023-06-20,769.6182861328125
2023-06-21,783.0716552734375
2023-06-22,786.9017333984375
2023-06-23,786.8538208007812
2023-06-26,783.0476684570312
2023-06-27,794.0833129882812
2023-06-28,802.4856567382812
2023-06-30,814.574462890625
2023-07-03,823.3839111328125
2023-07-04,827.4054565429688
2023-07-05,801.1211547851562
2023-07-06,801.9349975585938
2023-07-07,794.9450073242188
2023-07-10,793.0538940429688
2023-07-11,789.1998291015625
2023-07-12,781.8028564453125
2023-07-13,785.704833984375
2023-07-14,787.3326416015625
2023-07-17,803.80224609375
2023-07-18,803.1320190429688
2023-07-19,806.7706298828125
2023-07-20,808.5181274414062
2023-07-21,802.2941284179688
2023-07-24,803.5628662109375
2023-07-25,812.2764282226562
2023-07-26,809.45166015625
2023-07-27,801.04931640625
2023-07-28,786.8538208007812
2023-07-31,790.5403442382812
2023-08-01,795.8306884765625
2023-08-02,785.4176025390625
2023-08-03,779.7442016601562
2023-08-04,791.0191040039062
2023-08-07,790.5643310546875
2023-08-08,789.91796875
2023-08-09,790.2052612304688
2023-08-10,783.1912841796875
2023-08-11,775.0283203125
2023-08-14,771.24609375
2023-08-16,768.9957885742188
2023-08-17,764.73486328125
2023-08-18,761.5989379882812
2023-08-21,761.0004272460938
2023-08-22,757.7448120117188
2023-08-23,759.6119995117188
2023-08-24,756.1170654296875
2023-08-25,747.594970703125
2023-08-28,755.3749389648438
2023-08-29,761.383544921875
2023-08-30,755.8297119140625
2023-08-31,752.3587036132812
2023-09-01,753.9146728515625
2023-09-04,758.630615234375
2023-09-05,754.0104370117188
2023-09-06,763.873046875
2023-09-07,771.22216796875
2023-09-08,777.2306518554688
2023-09-11,781.2523193359375
2023-09-12,783.6940307617188
2023-09-13,787.04541015625
2023-09-14,786.5665893554688
2023-09-15,795.5914306640625
2023-09-18,779.9356689453125
2023-09-20,748.6482543945312
2023-09-21,743.6929931640625
2023-09-22,732.3462524414062
2023-09-25,732.9925537109375
2023-09-26,736.1763916015625
2023-09-27,731.0056762695312
2023-09-28,729.49755859375
2023-09-29,730.742431640625
2023-10-03,722.0048828125
2023-10-04,732.2984008789062
2023-10-05,735.2667846679688
2023-10-06,734.452880859375
2023-10-09,725.9307861328125
2023-10-10,730.0481567382812
2023-10-11,737.1099853515625
2023-10-12,742.017333984375
2023-10-13,735.2667846679688
2023-10-16,732.3223266601562
2023-10-17,737.8759765625
2023-10-18,727.6065063476562
2023-10-19,725.308349609375
2023-10-20,729.0667114257812
2023-10-23,721.04736328125
2023-10-25,716.4751586914062
2023-10-26,700.6278686523438
2023-10-27,703.380859375
2023-10-30,711.01708984375
2023-10-31,706.8997192382812
2023-11-01,705.9421997070312
2023-11-02,707.0194702148438
2023-11-03,710.370849609375
2023-11-06,715.517578125
2023-11-07,712.0464477539062
2023-11-08,714.1051635742188
2023-11-09,711.2805786132812
2023-11-10,714.081298828125
2023-11-13,712.7886352539062
2023-11-15,720.2574462890625
2023-11-16,722.1484375
2023-11-17,720.5924682617188
2023-11-20,720.6403198242188
2023-11-21,726.74462890625
2023-11-22,724.1593017578125
2023-11-23,728.3485717773438
2023-11-24,733.5192260742188
2023-11-28,731.867431640625
2023-11-29,746.4698486328125
2023-11-30,746.3023681640625
2023-12-01,744.6744995117188
2023-12-04,770.5279541015625
2023-12-05,777.3743286132812
2023-12-06,779.3372192382812
2023-12-07,780.60595703125
2023-12-08,791.4979248046875
2023-12-11,790.4446411132812
2023-12-12,782.5928344726562
2023-12-13,780.8214111328125
2023-12-14,790.0376586914062
2023-12-15,793.101806640625
2023-12-18,792.69482421875
2023-12-19,791.3543090820312
2023-12-20,793.3171997070312
2023-12-21,807.5365600585938
2023-12-22,799.9481201171875
2023-12-26,805.5018310546875
2023-12-27,815.4841918945312
2023-12-28,816.417724609375
2023-12-29,818.3328247070312
2024-01-01,812.9945068359375
2024-01-02,813.4733276367188
2024-01-03,800.9296264648438
2024-01-04,809.5234985351562
2024-01-05,805.3821411132812
2024-01-08,796.4052124023438
2024-01-09,790.2052612304688
2024-01-10,792.814453125
2024-01-11,789.4871215820312
2024-01-12,785.752685546875
2024-01-15,800.8817749023438
2024-01-16,803.9219360351562
2024-01-17,736.1045532226562
2024-01-18,711.5198364257812
2024-01-19,704.0989379882812
2024-01-23,683.3683471679688
2024-01-24,697.037109375
2024-01-25,686.9830322265625
2024-01-29,696.438720703125
2024-01-30,691.4835205078125
2024-01-31,700.2210083007812
2024-02-01,702.0402221679688
2024-02-02,692.3692626953125
2024-02-05,691.7467651367188
2024-02-06,691.3876953125
2024-02-07,684.6131591796875
2024-02-08,671.7343139648438
2024-02-09,671.9976196289062
2024-02-12,665.4864501953125
2024-02-13,667.6168823242188
2024-02-14,662.6378173828125
2024-02-15,677.0007934570312
2024-02-16,679.8015747070312
2024-02-19,678.4610595703125
2024-02-20,696.2711791992188
2024-02-21,689.017822265625
2024-02-22,679.634033203125
2024-02-23,680.1366577148438
2024-02-26,680.9505615234375
2024-02-27,679.9212036132812
2024-02-28,674.7745361328125
2024-02-29,671.9019165039062
2024-03-01,684.9961547851562
2024-03-04,685.9296875
2024-03-05,689.8316650390625
2024-03-06,690.6695556640625
2024-03-07,692.34521484375
2024-03-11,683.5838012695312
2024-03-12,698.7847290039062
2024-03-13,699.1915893554688
2024-03-14,696.8216552734375
2024-03-15,695.4811401367188
2024-03-18,692.3213500976562
2024-03-19,693.9011840820312
2024-03-20,685.1397705078125
2024-03-21,692.1776123046875
2024-03-22,690.7891845703125
2024-03-26,682.434814453125
2024-03-27,689.7598876953125
2024-03-28,693.2069702148438
2024-04-01,704.027099609375
2024-04-02,708.6472778320312
2024-04-03,709.6765747070312
2024-04-04,731.36474609375
2024-04-05,741.8737182617188
2024-04-08,740.4613647460938
2024-04-09,741.3949584960938
2024-04-10,735.5540161132812
2024-04-12,727.223388671875
2024-04-15,715.61328125
2024-04-16,722.5794067382812
2024-04-18,715.61328125
2024-04-19,733.13623046875
2024-04-22,723.99169921875
2024-04-23,721.7894287109375
2024-04-24,723.7523803710938
2024-04-25,723.2975463867188
2024-04-26,722.8427124023438
2024-04-29,732.2744140625
2024-04-30,727.7739868164062
2024-05-02,733.591064453125
2024-05-03,727.53466796875
2024-05-06,728.994873046875
2024-05-07,721.0951538085938
2024-05-08,709.8441772460938
2024-05-09,693.0155029296875
2024-05-10,697.8200073242188
2024-05-13,706.2400512695312
2024-05-14,709.0062866210938
2024-05-15,698.1112060546875
2024-05-16,708.6665649414062
2024-05-17,710.5349731445312
2024-05-21,707.962890625
2024-05-22,708.156982421875
2024-05-23,724.3661499023438
2024-05-24,736.3046875
2024-05-27,741.400390625
2024-05-28,742.75927734375
2024-05-29,731.9854736328125
2024-05-30,735.1642456054688
2024-05-31,743.2688598632812
2024-06-03,762.9964599609375
2024-06-04,719.7800903320312
2024-06-05,753.0963134765625
2024-06-06,756.9301147460938
2024-06-07,763.5545043945312
2024-06-10,757.7067260742188
2024-06-11,759.4052124023438
2024-06-12,763.9428100585938
2024-06-13,767.1458129882812
2024-06-14,774.9835205078125
2024-06-18,780.2733764648438
2024-06-19,804.5628051757812
2024-06-20,810.1438598632812
2024-06-21,808.3967895507812
2024-06-24,811.6240234375
2024-06-25,830.5266723632812
2024-06-26,825.7464599609375
2024-06-27,823.1500244140625
2024-06-28,817.1565551757812
2024-07-01,827.5419921875
2024-07-02,839.8687744140625
2024-07-03,858.3346557617188
2024-07-04,838.1945190429688
2024-07-05,799.8310546875
2024-07-08,793.6434326171875
2024-07-09,794.2015991210938
2024-07-10,789.1544799804688
2024-07-11,787.1161499023438
2024-07-12,787.50439453125
2024-07-15,787.2131958007812
2024-07-16,786.0726928710938
2024-07-18,783.6705322265625
2024-07-19,780.0307006835938
2024-07-22,797.1376953125
2024-07-23,785.4176025390625
2024-07-24,778.4534912109375
2024-07-25,784.5440063476562
2024-07-26,785.2962646484375
2024-07-29,778.938720703125
2024-07-30,784.0344848632812
2024-07-31,784.1314697265625
2024-08-01,795.3178100585938
2024-08-02,805.1937255859375
2024-08-05,784.1314697265625
2024-08-06,777.0702514648438
2024-08-07,787.8926391601562
2024-08-08,797.21044921875
2024-08-09,800.8502197265625
2024-08-12,805.65478515625
2024-08-13,778.0409545898438
2024-08-14,780.2733764648438
2024-08-16,792.0662231445312
2024-08-19,791.7993774414062
2024-08-20,794.783935546875
2024-08-21,789.0088500976562
2024-08-22,791.6781005859375
2024-08-23,788.6448974609375
2024-08-26,795.8758544921875
2024-08-27,794.8082275390625
2024-08-28,794.4927368164062
2024-08-29,795.1964721679688
2024-08-30,794.395751953125
2024-09-02,789.56689453125
2024-09-03,794.6140747070312
2024-09-04,796.7737426757812
2024-09-05,798.5451049804688
2024-09-06,794.419921875
2024-09-09,799.0546875
2024-09-10,800.9230346679688
2024-09-11,797.7928466796875
2024-09-12,808.8092651367188
2024-09-13,808.4937744140625
2024-09-16,810.9203491210938
2024-09-17,809.876953125
2024-09-18,822.494873046875
2024-09-19,829.1435546875
2024-09-20,845.0130004882812
2024-09-23,854.0396728515625
2024-09-24,858.0435180664062
2024-09-25,863.4060668945312
2024-09-26,865.5171508789062
2024-09-27,850.5697021484375
2024-09-30,840.572509765625
2024-10-01,837.7334594726562
2024-10-03,816.282958984375
2024-10-04,804.4657592773438
2024-10-07,785.1264038085938
2024-10-08,801.2628173828125
2024-10-09,792.5758056640625
2024-10-10,806.7709350585938
2024-10-11,801.238525390625
2024-10-14,819.2433471679688
2024-10-15,817.3021240234375
2024-10-16,824.92138671875
2024-10-17,811.988037109375
2024-10-18,816.2101440429688
2024-10-21,838.9466552734375
2024-10-22,832.07958984375
2024-10-23,842.3923950195312
2024-10-24,849.1138916015625
2024-10-25,846.0807495117188
2024-10-28,841.6158447265625
2024-10-29,850.1815185546875
2024-10-30,841.8099975585938
2024-10-31,842.3438110351562
2024-11-01,843.120361328125
2024-11-04,831.8612060546875
2024-11-05,853.0933227539062
2024-11-06,851.83154296875
2024-11-07,847.609375
2024-11-08,851.4432983398438
2024-11-11,857.1942138671875
2024-11-12,833.8509521484375
2024-11-13,815.967529296875
2024-11-14,821.5
2024-11-18,827.4934692382812
2024-11-19,845.5225219726562
2024-11-21,845.0130004882812
2024-11-22,847.1483764648438
2024-11-25,866.5604858398438
2024-11-26,866.5362548828125
2024-11-27,879.5182495117188
2024-11-28,870.224609375
2024-11-29,871.632080078125
2024-12-02,875.8298950195312
2024-12-03,886.3125
2024-12-04,902.7157592773438
2024-12-05,905.457763671875
2024-12-06,900.6531982421875
2024-12-09,907.520263671875
2024-12-10,906.5982055664062
2024-12-11,904.1716918945312
2024-12-12,902.3032836914062
2024-12-13,908.36962890625
2024-12-16,905.1907958984375
2024-12-17,889.6853637695312
2024-12-18,878.74169921875
2024-12-19,870.3944091796875
2024-12-20,859.7177734375
2024-12-23,874.0343017578125
2024-12-24,872.6268310546875
2024-12-26,869.0598754882812
2024-12-27,872.6996459960938
2024-12-30,862.82373046875
2024-12-31,860.3729248046875
2025-01-01,865.1774291992188
2025-01-02,870.5157470703125
2025-01-03,848.8954467773438
2025-01-06,830.1141357421875
2025-01-07,831.5215454101562
2025-01-08,822.252197265625
2025-01-09,809.3916625976562
2025-01-10,804.0289916992188
2025-01-13,791.4596557617188
2025-01-14,799.1031494140625
2025-01-15,797.3803100585938
2025-01-16,801.7481079101562
2025-01-17,794.3229370117188
2025-01-20,801.3598022460938
2025-01-21,797.0648803710938
2025-01-22,808.5423583984375
2025-01-23,807.9842529296875
2025-01-24,800.6561889648438
2025-01-27,790.9500122070312
2025-01-28,810.6534423828125
2025-01-29,814.0020141601562
2025-01-30,820.8933715820312
2025-01-31,824.4118041992188
2025-02-01,820.6264038085938
2025-02-03,814.341796875
2025-02-04,835.161376953125
2025-02-05,843.363037109375
2025-02-06,846.299072265625
2025-02-07,840.9122314453125
2025-02-10,832.6619873046875
2025-02-11,825.6979370117188
2025-02-12,828.3185424804688
2025-02-13,823.9022216796875
2025-02-14,822.5191040039062
2025-02-17,833.4384765625
2025-02-18,836.2047119140625
2025-02-19,838.2186889648438
2025-02-20,818.758056640625
2025-02-21,821.378662109375
2025-02-24,813.9049072265625
2025-02-25,816.4527587890625
2025-02-27,825.3580932617188
2025-02-28,840.7423095703125
2025-03-03,825.7706909179688
2025-03-04,829.8714599609375
2025-03-05,820.1654052734375
2025-03-06,820.7477416992188
2025-03-07,819.8014526367188
2025-03-10,818.9521484375
2025-03-11,817.9815063476562
2025-03-12,830.4296875
2025-03-13,828.2214965820312
2025-03-17,830.0656127929688
2025-03-18,830.0656127929688
2025-03-19,846.42041015625
2025-03-20,858.3831787109375
2025-03-21,859.1596069335938
2025-03-24,873.5489501953125
2025-03-25,883.9586791992188
2025-03-26,876.7277221679688
2025-03-27,885.8513793945312
2025-03-28,887.2345581054688
2025-04-01,857.9464111328125
2025-04-02,872.0444946289062
2025-04-03,871.0496215820312
2025-04-04,881.9447021484375
2025-04-07,853.0205688476562
2025-04-08,858.5773315429688
2025-04-09,856.5632934570312
2025-04-11,876.82470703125
2025-04-15,905.0452270507812
2025-04-16,911.4027709960938
2025-04-17,925.3309326171875
2025-04-21,935.231201171875
2025-04-22,952.0227661132812
2025-04-23,933.6782836914062
2025-04-24,930.2325439453125
2025-04-25,927.5148315429688
2025-04-28,931.882568359375
2025-04-29,926.3501586914062
2025-04-30,934.2120361328125
2025-05-02,932.7076416015625
2025-05-05,939.9386596679688
2025-05-06,937.463623046875
2025-05-07,944.2094116210938
2025-05-08,935.91064453125
2025-05-09,917.080810546875
2025-05-12,949.8388671875
2025-05-13,933.04736328125
2025-05-14,927.2236938476562
2025-05-15,938.4827270507812
2025-05-16,938.9194946289062
2025-05-19,940.8607177734375
2025-05-20,929.3104858398438
2025-05-21,935.0856323242188
2025-05-22,931.7369995117188
2025-05-23,938.3856811523438
2025-05-26,941.588623046875
2025-05-27,934.8429565429688
2025-05-28,933.484130859375
2025-05-29,935.4253540039062
2025-05-30,943.86962890625
2025-06-02,937.6577758789062
2025-06-03,934.0179443359375
2025-06-04,942.0740356445312
2025-06-05,946.1505126953125
2025-06-06,960.27294921875
2025-06-09,960.3700561523438
2025-06-10,953.7698974609375
2025-06-11,946.5388793945312
2025-06-12,943.1417236328125
2025-06-13,930.620849609375
2025-06-16,939.2592163085938
2025-06-17,936.4444580078125
2025-06-18,938.5313110351562
2025-06-19,939.210693359375
2025-06-20,953.4786987304688
2025-06-23,945.5681762695312
2025-06-24,951.634521484375
2025-06-25,961.0009155273438
2025-06-26,981.1896362304688
2025-06-27,988.5983276367188
2025-06-30,982.023681640625
2025-07-01,987.2244873046875
2025-07-02,974.418701171875
2025-07-03,974.9583740234375
2025-07-04,976.037841796875
2025-07-07,975.1055908203125
2025-07-08,981.974609375
2025-07-09,986.7828979492188
2025-07-10,984.3296508789062
2025-07-11,973.2901611328125
2025-07-14,972.94677734375
2025-07-15,979.079833984375
2025-07-16,979.4723510742188
2025-07-17,974.8602905273438
2025-07-18,960.3862915039062
2025-07-21,981.5330200195312
2025-07-22,984.771240234375
2025-07-23,993.2103881835938
2025-07-24,988.2548217773438
2025-07-25,985.9922485351562
2025-07-28,987.9105224609375
2025-07-29,994.3539428710938
2025-07-30,996.4197998046875
2025-07-31,992.6815795898438
2025-08-01,989.7304077148438
2025-08-04,979.7947387695312
2025-08-05,972.7118530273438
2025-08-06,976.499267578125
2025-08-07,981.4671020507812
2025-08-08,970.8920288085938
2025-08-11,981.5654296875
2025-08-12,968.924560546875
2025-08-13,974.0399169921875
2025-08-14,979.35205078125
2025-08-18,985.5003662109375
2025-08-19,979.35205078125
2025-08-20,977.9256591796875
2025-08-21,979.4012451171875
2025-08-22,966.317626953125
2025-08-25,966.0717163085938
2025-08-26,957.5625
2025-08-28,942.2162475585938
2025-08-29,936.1171264648438
2025-09-01,935.1333618164062
2025-09-02,929.1326904296875
2025-09-03,938.9207763671875
2025-09-04,945.610107421875
2025-09-05,947.7251586914062
2025-09-08,950.2828369140625
2025-09-09,949.4467163085938
2025-09-10,950.1845092773438
2025-09-11,952.0535278320312
2025-09-12,951.5617065429688
2025-09-15,951.3157348632812
2025-09-16,951.1190185546875
2025-09-17,950.7747192382812
2025-09-18,961.0055541992188
2025-09-19,951.168212890625
2025-09-22,948.5121459960938
2025-09-23,941.6260375976562
2025-09-24,935.5761108398438
2025-09-25,934.3955688476562
2025-09-26,929.6737060546875
2025-09-29,934.8382568359375
2025-09-30,935.5269165039062
2025-10-01,949.5450439453125
2025-10-03,949.4467163085938
2025-10-06,957.6116333007812
2025-10-07,966.514404296875
2025-10-08,962.7762451171875
2025-10-09,961.2022094726562
2025-10-10,964.9404296875
2025-10-13,961.1038818359375
2025-10-14,961.25146484375
2025-10-15,962.3335571289062
2025-10-16,978.1715698242188
2025-10-17,986.2381591796875
2025-10-20,986.6316528320312
2025-10-21,991.3043823242188
2025-10-23,992.386474609375
2025-10-24,978.5650634765625
2025-10-27,986.6316528320312
2025-10-28,987.2218627929688
2025-10-29,991.451904296875
2025-10-30,981.9097900390625
2025-10-31,971.2362670898438
2025-11-03,976.499267578125
2025-11-04,969.2196655273438
2025-11-06,968.6294555664062
2025-11-07,966.317626953125
2025-11-10,968.4818725585938
2025-11-11,975.564697265625
2025-11-12,973.4005126953125
2025-11-13,970.596923828125
2025-11-14,973.4988403320312
2025-11-17,980.3357543945312
2025-11-18,976.302490234375
2025-11-19,978.41748046875
2025-11-20,992.4356689453125
2025-11-21,981.8114013671875
2025-11-24,982.8934936523438
2025-11-25,973.6956176757812
2025-11-26,987.5662231445312
2025-11-27,993.0750732421875
2025-11-28,991.2059936523438
2025-12-01,985.7954711914062
2025-12-02,973.6956176757812
2025-12-03,984.2214965820312
2025-12-04,980.9752197265625
2025-12-05,986.9759521484375
2025-12-08,986.7791748046875
2025-12-09,980.8768310546875
2025-12-10,973.6956176757812
2025-12-11,984.0247802734375
2025-12-12,985.2052612304688
2025-12-15,979.89306640625
2025-12-16,978.1223754882812
2025-12-17,967.989990234375
2025-12-18,963.7599487304688
2025-12-19,969.465576171875
2025-12-22,971.6298217773438
2025-12-23,980.3849487304688
2025-12-24,980.9752197265625
2025-12-26,975.9581909179688
2025-12-29,975.564697265625
2025-12-30,974.7777709960938
2025-12-31,975.0728759765625
2026-01-01,975.023681640625
2026-01-02,985.3035888671875
2026-01-05,961.5957641601562
2026-01-06,946.544677734375
2026-01-07,933.608642578125
2026-01-08,931.296875
2026-01-09,923.72216796875
2026-01-12,921.7055053710938
2026-01-13,922.0989990234375
2026-01-14,910.3926391601562
2026-01-15,910.3926391601562
2026-01-16,915.95068359375
2026-01-19,912.8027954101562
2026-01-20,916.049072265625
2026-01-21,905.3755493164062
2026-01-22,903.75244140625
2026-01-23,901.1947021484375
2026-01-27,911.3272094726562
2026-01-28,917.524658203125
2026-01-29,920.2791137695312
2026-01-30,914.1307983398438
2026-02-02,912.9994506835938
2026-02-03,933.2643432617188
2026-02-04,937.5927124023438
2026-02-05,934.248046875
2026-02-06,925.7879638671875
2026-02-09,922.0006103515625
2026-02-10,917.2295532226562
2026-02-11,912.0157470703125
2026-02-12,905.6215209960938
2026-02-13,889.1932373046875
2026-02-16,910.7368774414062
2026-02-17,910.6385498046875
2026-02-18,909.6548461914062
2026-02-19,900.702880859375
2026-02-20,897.0138549804688
2026-02-23,908.5726928710938
2026-02-24,895.6858520507812
2026-02-25,892.8330078125
2026-02-26,883.9794311523438
2026-02-27,873.3060302734375
2026-03-02,865.0918579101562
2026-03-04,854.5167846679688
2026-03-05,863.4686889648438
2026-03-06,843.10546875
2026-03-09,827.0215454101562
2026-03-10,835.629150390625
2026-03-11,820.38134765625
2026-03-12,819.2008666992188
2026-03-13,803.7071533203125
2026-03-16,826.9231567382812
2026-03-17,831.5958251953125
2026-03-18,829.333251953125
2026-03-19,785.2130126953125
2026-03-20,767.7518310546875
2026-03-23,732.04248046875
2026-03-24,752.454833984375
2026-03-25,769.5717163085938
2026-03-27,743.8963623046875
2026-03-30,719.6473999023438
2026-04-01,730.17333984375
2026-04-02,738.6826171875
2026-04-06,758.45556640625
2026-04-07,759.4392700195312
2026-04-08,802.82177734375
2026-04-09,784.72119140625
2026-04-10,797.1161499023438
2026-04-13,781.7699584960938
2026-04-15,796.72265625
2026-04-16,782.5077514648438
2026-04-17,786.8853759765625
2026-04-20,782.5077514648438
2026-04-21,798.5425415039062
2026-04-22,786.8853759765625
2026-04-23,771.5883178710938
2026-04-24,772.0802001953125
2026-04-27,776.9496459960938
2026-04-28,769.817626953125
2026-04-29,766.3253784179688
2026-04-30,759.1441650390625
2026-05-01,759.1441650390625
2026-05-04,766.7189331054688
2026-05-05,759.734375
2026-05-06,783.58984375
2026-05-07,783.0979614257812
2026-05-08,768.145263671875
2026-05-11,751.2251586914062
2026-05-12,738.2399291992188
2026-05-13,737.4037475585938
2026-05-14,757.0291748046875
2026-05-15,755.0125122070312
2026-05-18,756.143798828125
2026-05-19,750.044677734375
2026-05-20,747.1427001953125
2026-05-21,746.7984008789062
2026-05-22,754.3239135742188
2026-05-25,774.0476684570312
2026-05-26,766.22705078125
2026-05-27,746.3065185546875
2026-05-28,746.3065185546875
2026-05-29,732.4359130859375
2026-06-01,730.6160278320312
2026-06-02,736.0757446289062
2026-06-03,741.3878784179688
2026-06-04,741.9288940429688
2026-06-05,734.8952026367188
2026-06-08,726.6319580078125
2026-06-09,726.3367919921875
2026-06-10,734.698486328125
2026-06-11,732.485107421875
2026-06-12,759.8819580078125
2026-06-15,764.7022094726562
2026-06-16,772.1294555664062
2026-06-17,774.2935791015625
2026-06-18,786.0
2026-06-19,779.7999877929688
2026-06-22,786.4000244140625
2026-06-23,774.6500244140625
2026-06-24,793.2000122070312
2026-06-25,796.2999877929688
2026-06-26,796.2999877929688
2026-06-29,798.9000244140625
2026-06-30,797.9500122070312
2026-07-01,796.1500244140625
2026-07-02,795.9000244140625
2026-07-03,801.0499877929688
2026-07-06,829.8499755859375
2026-07-07,829.2999877929688
2026-07-08,810.2999877929688
2026-07-09,817.5499877929688
2026-07-10,824.9500122070312
2026-07-13,817.9500122070312
2026-07-14,809.4000244140625
2026-07-15,815.4500122070312
2026-07-16,808.2999877929688
2026-07-17,819.5999755859375
2026-07-20,777.5999755859375
2026-07-21,761.4500122070312
2026-07-22,753.1500244140625
2026-07-23,747.25
2026-07-24,742.7999877929688
2026-07-27,739.5499877929688
2026-07-28,735.4000244140625
2026-07-29,748.2000122070312
2026-07-30,753.9500122070312
2026-07-31,748.1500244140625
2026-08-03,753.0
2026-08-04,742.0
2026-08-05,735.0
2026-08-06,734.2999877929688
2026-08-07,731.0
2026-08-10,731.0
2026-08-11,729.0
2026-08-12,729.0
2026-08-13,725.0
2026-08-14,727.0
2026-08-17,729.0
2026-08-18,723.0
2026-08-19,720.0
2026-08-20,725.0499877929688
2026-08-21,726.9500122070312
2026-08-24,729.0
2026-08-25,727.5
2026-08-26,727.2000122070312
2026-08-27,711.0
2026-08-28,720.2999877929688
2026-08-31,709.0
2026-09-01,711.9000244140625
2026-09-02,700.7999877929688
2026-09-03,706.6500244140625
2026-09-04,712.0999755859375
2026-09-07,710.5
2026-09-08,703.0
2026-09-09,687.0999755859375
2026-09-10,693.7999877929688
2026-09-11,708.25
2026-09-14,708.25
2026-09-15,716.5499877929688
2026-09-16,721.5
2026-09-17,713.0
2026-09-18,731.0
2026-09-21,739.5
2026-09-22,738.5999755859375
2026-09-23,737.25
2026-09-24,728.9000244140625
2026-09-25,735.5999755859375
2026-09-28,719.0499877929688
2026-09-29,722.7000122070312
2026-09-30,708.7000122070312
2026-10-01,721.2000122070312
