Date,close
2008-01-01,284.7501525878906
2008-01-02,286.0997314453125
2008-01-03,290.293701171875
2008-01-04,299.2213439941406
2008-01-07,301.9456481933594
2008-01-08,305.38470458984375
2008-01-09,303.2852478027344
2008-01-10,302.7004089355469
2008-01-11,312.67779541015625
2008-01-14,322.0002136230469
2008-01-15,316.4718017578125
2008-01-16,309.2837219238281
2008-01-17,299.5762634277344
2008-01-18,279.8863525390625
2008-01-21,254.0132598876953
2008-01-22,235.68301391601562
2008-01-23,255.00296020507812
2008-01-24,248.82455444335938
2008-01-25,261.4712829589844
2008-01-28,256.5724792480469
2008-01-29,257.622314453125
2008-01-30,247.125
2008-01-31,247.8248291015625
2008-02-01,254.20809936523438
2008-02-04,259.05194091796875
2008-02-05,261.6412353515625
2008-02-06,255.18289184570312
2008-02-07,242.4812469482422
2008-02-08,242.5762176513672
2008-02-11,227.64016723632812
2008-02-12,232.42388916015625
2008-02-13,238.88722229003906
2008-02-14,251.60885620117188
2008-02-15,259.326904296875
2008-02-18,255.3029022216797
2008-02-19,255.3878936767578
2008-02-20,248.334716796875
2008-02-21,249.56442260742188
2008-02-22,243.38104248046875
2008-02-25,255.0779266357422
2008-02-26,257.5972900390625
2008-02-27,258.7769470214844
2008-02-28,253.25851440429688
2008-02-29,246.28021240234375
2008-03-03,230.53939819335938
2008-03-04,224.26104736328125
2008-03-05,229.21475219726562
2008-03-07,224.76589965820312
2008-03-10,227.39523315429688
2008-03-11,234.72828674316406
2008-03-12,237.3976287841797
2008-03-13,224.2460479736328
2008-03-14,232.1989288330078
2008-03-17,217.9627227783203
2008-03-18,215.04345703125
2008-03-19,215.85325622558594
2008-03-24,219.96719360351562
2008-03-25,231.31918334960938
2008-03-26,229.8845672607422
2008-03-27,227.0203094482422
2008-03-28,235.18313598632812
2008-03-31,226.5204620361328
2008-04-01,234.46334838867188
2008-04-02,234.2934112548828
2008-04-03,239.54202270507812
2008-04-04,232.0540313720703
2008-04-07,240.4268035888672
2008-04-08,238.11236572265625
2008-04-09,241.76141357421875
2008-04-10,246.8001251220703
2008-04-11,255.087890625
2008-04-15,261.1113586425781
2008-04-16,264.1805725097656
2008-04-17,263.93560791015625
2008-04-21,264.2904968261719
2008-04-22,260.6664733886719
2008-04-23,257.6922912597656
2008-04-24,258.1971435546875
2008-04-25,262.3809814453125
2008-04-28,259.0719909667969
2008-04-29,265.9250793457031
2008-04-30,261.38134765625
2008-05-02,267.4046630859375
2008-05-05,266.8497619628906
2008-05-06,264.93035888671875
2008-05-07,268.8243103027344
2008-05-08,268.0589904785156
2008-05-09,254.10452270507812
2008-05-12,256.6622314453125
2008-05-13,251.3608856201172
2008-05-14,254.34068298339844
2008-05-15,263.6067810058594
2008-05-16,264.8881530761719
2008-05-20,261.596923828125
2008-05-21,268.1042175292969
2008-05-22,263.91839599609375
2008-05-23,256.8984680175781
2008-05-26,252.81808471679688
2008-05-27,250.75782775878906
2008-05-28,253.5115966796875
2008-05-29,247.5016632080078
2008-05-30,241.5520782470703
2008-06-02,237.05966186523438
2008-06-03,241.8686065673828
2008-06-04,231.85382080078125
2008-06-05,225.80368041992188
2008-06-06,224.96954345703125
2008-06-09,217.35165405273438
2008-06-10,220.87413024902344
2008-06-11,227.27102661132812
2008-06-12,228.86895751953125
2008-06-13,228.1754913330078
2008-06-16,229.37648010253906
2008-06-17,234.45677185058594
2008-06-18,229.8538360595703
2008-06-19,225.9394073486328
2008-06-20,210.9698486328125
2008-06-23,203.58309936523438
2008-06-24,207.3015899658203
2008-06-25,214.66827392578125
2008-06-26,225.0750732421875
2008-06-27,219.3566131591797
2008-06-30,210.5628662109375
2008-07-01,205.43731689453125
2008-07-02,215.47227478027344
2008-07-03,208.04530334472656
2008-07-04,210.8391876220703
2008-07-07,203.83436584472656
2008-07-08,198.93499755859375
2008-07-09,208.95484924316406
2008-07-10,205.68858337402344
2008-07-11,202.61831665039062
2008-07-14,205.36697387695312
2008-07-15,198.7289581298828
2008-07-16,195.32200622558594
2008-07-17,202.86453247070312
2008-07-18,212.37686157226562
2008-07-21,216.36170959472656
2008-07-22,216.2913360595703
2008-07-23,227.86395263671875
2008-07-24,231.9593505859375
2008-07-25,215.78384399414062
2008-07-28,219.08021545410156
2008-07-29,209.35182189941406
2008-07-30,217.63304138183594
2008-07-31,221.85401916503906
2008-08-01,230.90908813476562
2008-08-04,225.3614959716797
2008-08-05,228.74331665039062
2008-08-06,231.00955200195312
2008-08-07,228.39662170410156
2008-08-08,226.30618286132812
2008-08-11,233.68795776367188
2008-08-12,235.8988800048828
2008-08-13,234.8537139892578
2008-08-14,228.8086700439453
2008-08-18,223.5926513671875
2008-08-19,223.070068359375
2008-08-20,225.7584686279297
2008-08-21,222.37159729003906
2008-08-22,225.60267639160156
2008-08-25,224.31631469726562
2008-08-26,219.0249481201172
2008-08-27,215.87423706054688
2008-08-28,208.12066650390625
2008-08-29,214.68836975097656
2008-09-01,215.2361297607422
2008-09-02,222.3816680908203
2008-09-04,216.30140686035156
2008-09-05,209.1307373046875
2008-09-08,214.3868865966797
2008-09-09,215.3265380859375
2008-09-10,209.3065643310547
2008-09-11,200.7389678955078
2008-09-12,194.23155212402344
2008-09-15,189.6387176513672
2008-09-16,193.7692413330078
2008-09-17,188.60354614257812
2008-09-18,194.79441833496094
2008-09-19,206.537841796875
2008-09-22,204.92982482910156
2008-09-23,201.6484832763672
2008-09-24,205.63330078125
2008-09-25,203.58309936523438
2008-09-26,197.30184936523438
2008-09-29,194.25164794921875
2008-09-30,195.90994262695312
2008-10-01,191.6236114501953
2008-10-03,177.0259552001953
2008-10-06,164.9810333251953
2008-10-07,168.30255126953125
2008-10-08,165.6794891357422
2008-10-10,153.5240020751953
2008-10-13,157.92591857910156
2008-10-14,162.91574096679688
2008-10-15,152.78028869628906
2008-10-16,139.89114379882812
2008-10-17,131.2581787109375
2008-10-20,132.75062561035156
2008-10-21,140.19265747070312
2008-10-22,132.33856201171875
2008-10-23,122.3740234375
2008-10-24,102.45987701416016
2008-10-27,108.23863220214844
2008-10-29,120.77603912353516
2008-10-31,138.23289489746094
2008-11-03,144.89105224609375
2008-11-04,145.8860321044922
2008-11-05,127.53970336914062
2008-11-06,117.64043426513672
2008-11-07,122.68551635742188
2008-11-10,130.9617156982422
2008-11-11,121.37398529052734
2008-11-12,116.8012466430664
2008-11-14,115.24851989746094
2008-11-17,114.71086120605469
2008-11-18,114.56511688232422
2008-11-19,113.81137084960938
2008-11-20,106.1331558227539
2008-11-21,112.9973373413086
2008-11-24,115.05254364013672
2008-11-25,107.7160415649414
2008-11-26,114.4595947265625
2008-11-27,114.4595947265625
2008-11-28,114.01236724853516
2008-12-01,111.4948501586914
2008-12-02,107.93211364746094
2008-12-03,107.44469451904297
2008-12-04,116.48970794677734
2008-12-05,112.3189468383789
2008-12-08,112.41442108154297
2008-12-10,123.33378601074219
2008-12-11,126.52965545654297
2008-12-12,131.36370849609375
2008-12-15,134.72543334960938
2008-12-16,139.54441833496094
2008-12-17,135.81588745117188
2008-12-18,136.78067016601562
2008-12-19,135.8058319091797
2008-12-22,129.19796752929688
2008-12-23,126.60504913330078
2008-12-24,124.82115936279297
2008-12-26,121.6202163696289
2008-12-29,125.25332641601562
2008-12-30,125.6754150390625
2008-12-31,123.89154052734375
2009-01-02,129.2833709716797
2009-01-05,137.26809692382812
2009-01-06,137.77565002441406
2009-01-07,120.67555236816406
2009-01-09,115.90176391601562
2009-01-12,110.3390884399414
2009-01-13,108.29391479492188
2009-01-14,118.56502532958984
2009-01-15,114.80631256103516
2009-01-16,122.34384155273438
2009-01-19,123.6051254272461
2009-01-20,118.95697784423828
2009-01-21,112.5450668334961
2009-01-22,114.19831085205078
2009-01-23,116.19320678710938
2009-01-27,123.20813751220703
2009-01-28,128.0371856689453
2009-01-29,127.64518737792969
2009-01-30,133.02195739746094
2009-02-02,128.64019775390625
2009-02-03,131.27328491210938
2009-02-04,131.40391540527344
2009-02-05,129.5245361328125
2009-02-06,135.15760803222656
2009-02-09,139.6650848388672
2009-02-10,140.89617919921875
2009-02-11,138.8157958984375
2009-02-12,135.83091735839844
2009-02-13,139.93637084960938
2009-02-16,132.6802978515625
2009-02-17,127.36385345458984
2009-02-18,130.16268920898438
2009-02-19,130.0220489501953
2009-02-20,125.96688842773438
2009-02-24,125.9517822265625
2009-02-25,127.28846740722656
2009-02-26,129.72555541992188
2009-02-27,127.23816680908203
2009-03-02,123.177978515625
2009-03-03,120.2835693359375
2009-03-04,121.71571350097656
2009-03-05,115.5550537109375
2009-03-06,117.5750961303711
2009-03-09,115.91182708740234
2009-03-12,120.8011474609375
2009-03-13,129.06732177734375
2009-03-16,133.42401123046875
2009-03-17,130.6702880859375
2009-03-18,133.80589294433594
2009-03-19,135.2430419921875
2009-03-20,134.5897674560547
2009-03-23,144.56442260742188
2009-03-24,145.97140502929688
2009-03-25,153.98629760742188
2009-03-26,157.33297729492188
2009-03-27,155.6495819091797
2009-03-30,152.40341186523438
2009-03-31,153.23756408691406
2009-04-01,158.9158477783203
2009-04-02,166.96588134765625
2009-04-06,167.99600219726562
2009-04-08,173.37779235839844
2009-04-09,174.44308471679688
2009-04-13,178.2420196533203
2009-04-15,183.9202423095703
2009-04-16,174.3677215576172
2009-04-17,172.55368041992188
2009-04-20,172.39793395996094
2009-04-21,171.4633026123047
2009-04-22,172.6592254638672
2009-04-23,177.25209045410156
2009-04-24,179.7796630859375
2009-04-27,179.447998046875
2009-04-28,174.58380126953125
2009-04-29,181.52833557128906
2009-04-30,181.92532348632812
2009-05-04,189.65377807617188
2009-05-05,189.3070831298828
2009-05-06,189.0910186767578
2009-05-07,192.5130615234375
2009-05-08,190.98043823242188
2009-05-11,187.09107971191406
2009-05-12,196.97021484375
2009-05-13,194.2667694091797
2009-05-14,191.8497314453125
2009-05-15,196.04563903808594
2009-05-18,237.93910217285156
2009-05-19,224.2057647705078
2009-05-20,216.32151794433594
2009-05-21,212.60299682617188
2009-05-22,219.6681671142578
2009-05-25,220.57264709472656
2009-05-26,215.3416290283203
2009-05-27,219.7284698486328
2009-05-28,223.1655731201172
2009-05-29,228.32626342773438
2009-06-01,229.3614044189453
2009-06-02,229.05990600585938
2009-06-03,225.7132568359375
2009-06-04,227.30616760253906
2009-06-05,222.3816680908203
2009-06-08,220.4972686767578
2009-06-09,228.35133361816406
2009-06-10,233.180419921875
2009-06-11,231.47691345214844
2009-06-12,237.39134216308594
2009-06-15,218.96963500976562
2009-06-16,215.4069061279297
2009-06-17,206.1609649658203
2009-06-18,203.51780700683594
2009-06-19,205.17103576660156
2009-06-22,196.22650146484375
2009-06-23,202.5378875732422
2009-06-24,201.2364501953125
2009-06-25,196.78929138183594
2009-06-26,203.93484497070312
2009-06-29,209.74380493164062
2009-06-30,203.3519744873047
2009-07-01,206.90963745117188
2009-07-02,202.14093017578125
2009-07-03,203.77908325195312
2009-07-06,190.2617950439453
2009-07-07,186.4729766845703
2009-07-08,183.88006591796875
2009-07-09,186.26695251464844
2009-07-10,178.40281677246094
2009-07-13,175.9706573486328
2009-07-14,182.31227111816406
2009-07-15,188.5684051513672
2009-07-16,194.5079345703125
2009-07-17,194.6737823486328
2009-07-20,204.34689331054688
2009-07-21,202.87461853027344
2009-07-22,198.55810546875
2009-07-23,205.17604064941406
2009-07-24,202.6936798095703
2009-07-27,195.0355987548828
2009-07-28,191.7140350341797
2009-07-29,194.00546264648438
2009-07-30,190.98043823242188
2009-07-31,196.5179443359375
2009-08-03,202.70877075195312
2009-08-04,204.99510192871094
2009-08-05,208.67849731445312
2009-08-06,205.70367431640625
2009-08-07,200.7741241455078
2009-08-10,199.80430603027344
2009-08-11,201.0404510498047
2009-08-12,200.06556701660156
2009-08-13,203.44241333007812
2009-08-14,204.66348266601562
2009-08-17,195.166259765625
2009-08-18,195.0908203125
2009-08-19,189.5281982421875
2009-08-20,190.7894744873047
2009-08-21,193.84466552734375
2009-08-24,198.41738891601562
2009-08-25,203.57806396484375
2009-08-26,205.03533935546875
2009-08-27,205.25643920898438
2009-08-28,208.44732666015625
2009-08-31,201.51280212402344
2009-09-01,199.07566833496094
2009-09-02,198.10086059570312
2009-09-03,194.04563903808594
2009-09-04,199.1058349609375
2009-09-07,201.2866668701172
2009-09-08,208.59805297851562
2009-09-09,217.92950439453125
2009-09-10,215.81900024414062
2009-09-11,215.15570068359375
2009-09-14,215.02000427246094
2009-09-15,219.1807098388672
2009-09-16,219.4922637939453
2009-09-17,209.6583251953125
2009-09-18,211.30653381347656
2009-09-22,210.84423828125
2009-09-23,211.22113037109375
2009-09-24,211.14573669433594
2009-09-25,214.56777954101562
2009-09-29,218.19081115722656
2009-09-30,221.26608276367188
2009-10-01,218.52244567871094
2009-10-05,214.9798126220703
2009-10-06,214.47731018066406
2009-10-07,211.18093872070312
2009-10-08,213.02513122558594
2009-10-09,211.02516174316406
2009-10-12,217.98983764648438
2009-10-13,217.28128051757812
2009-10-14,219.51242065429688
2009-10-15,218.23605346679688
2009-10-16,224.44039916992188
2009-10-20,220.98086547851562
2009-10-21,220.74313354492188
2009-10-22,215.98878479003906
2009-10-23,207.1022186279297
2009-10-26,203.86520385742188
2009-10-27,201.40208435058594
2009-10-28,205.76695251464844
2009-10-29,202.25177001953125
2009-10-30,195.347900390625
2009-11-03,183.95767211914062
2009-11-04,194.29078674316406
2009-11-05,196.3594207763672
2009-11-06,198.01332092285156
2009-11-09,204.78067016601562
2009-11-10,207.82550048828125
2009-11-11,213.84429931640625
2009-11-12,212.55453491210938
2009-11-13,214.40065002441406
2009-11-16,217.85006713867188
2009-11-17,215.7005157470703
2009-11-18,212.43313598632812
2009-11-19,210.78936767578125
2009-11-20,214.78506469726562
2009-11-23,222.03289794921875
2009-11-24,220.23733520507812
2009-11-25,222.0076141357422
2009-11-26,215.20986938476562
2009-11-27,211.6087188720703
2009-11-30,215.15928649902344
2009-12-01,222.13909912109375
2009-12-02,222.634765625
2009-12-03,222.47291564941406
2009-12-04,220.1968536376953
2009-12-07,213.43968200683594
2009-12-08,218.5682830810547
2009-12-09,216.84861755371094
2009-12-10,216.8385009765625
2009-12-11,216.72727966308594
2009-12-14,216.0596160888672
2009-12-15,212.75180053710938
2009-12-16,211.8514862060547
2009-12-17,209.38330078125
2009-12-18,203.86013793945312
2009-12-21,205.7416534423828
2009-12-22,206.19686889648438
2009-12-23,215.70556640625
2009-12-24,217.7489013671875
2009-12-29,218.5480499267578
2009-12-30,217.6983184814453
2009-12-31,220.63182067871094
2010-01-04,217.58705139160156
2010-01-05,216.61595153808594
2010-01-06,220.11598205566406
2010-01-07,223.76771545410156
2010-01-08,223.18096923828125
2010-01-11,218.80093383789062
2010-01-12,219.3775177001953
2010-01-13,220.23733520507812
2010-01-14,226.9339141845703
2010-01-15,224.71856689453125
2010-01-18,222.4425506591797
2010-01-19,219.50906372070312
2010-01-20,217.99172973632812
2010-01-21,213.24746704101562
2010-01-22,213.2069854736328
2010-01-25,210.8197021484375
2010-01-27,207.88619995117188
2010-01-28,209.82838439941406
2010-01-29,211.65931701660156
2010-02-01,211.49746704101562
2010-02-02,207.83560180664062
2010-02-03,209.1809539794922
2010-02-04,206.1867218017578
2010-02-05,198.61013793945312
2010-02-08,201.16940307617188
2010-02-09,200.9468536376953
2010-02-10,199.29803466796875
2010-02-11,205.3775177001953
2010-02-15,204.33558654785156
2010-02-16,205.90350341796875
2010-02-17,208.89772033691406
2010-02-18,201.8673858642578
2010-02-19,198.9136505126953
2010-02-22,197.8514862060547
2010-02-23,197.32550048828125
2010-02-24,198.0234375
2010-02-25,194.84713745117188
2010-02-26,198.05380249023438
2010-03-02,198.9136505126953
2010-03-03,207.32986450195312
2010-03-04,205.1448516845703
2010-03-05,204.29510498046875
2010-03-08,203.1419677734375
2010-03-09,200.36013793945312
2010-03-10,204.0826873779297
2010-03-11,205.64048767089844
2010-03-12,206.68240356445312
2010-03-15,207.98733520507812
2010-03-16,216.0596160888672
2010-03-17,216.41363525390625
2010-03-18,217.8804168701172
2010-03-19,220.9353485107422
2010-03-22,217.27346801757812
2010-03-23,220.80380249023438
2010-03-25,220.81396484375
2010-03-26,222.634765625
2010-03-29,221.18824768066406
2010-03-30,220.1462860107422
2010-03-31,217.33416748046875
2010-04-01,220.9353485107422
2010-04-05,227.7836151123047
2010-04-06,227.2373809814453
2010-04-07,228.5524139404297
2010-04-08,223.868896484375
2010-04-09,227.5408477783203
2010-04-12,228.0769500732422
2010-04-13,226.77207946777344
2010-04-15,220.6622314453125
2010-04-16,219.3572998046875
2010-04-19,214.81539916992188
2010-04-20,215.09861755371094
2010-04-21,213.25759887695312
2010-04-22,217.6376495361328
2010-04-23,220.15643310546875
2010-04-26,216.72727966308594
2010-04-27,214.70408630371094
2010-04-28,205.8023681640625
2010-04-29,209.40350341796875
2010-04-30,209.1101837158203
2010-05-03,207.11740112304688
2010-05-04,206.59136962890625
2010-05-05,206.490234375
2010-05-06,203.900634765625
2010-05-07,208.9482879638672
2010-05-10,219.99148559570312
2010-05-11,217.62733459472656
2010-05-12,220.71502685546875
2010-05-13,218.44253540039062
2010-05-14,212.70530700683594
2010-05-17,207.1820526123047
2010-05-18,208.0074920654297
2010-05-19,203.53395080566406
2010-05-20,203.7988739013672
2010-05-21,202.90208435058594
2010-05-24,208.42535400390625
2010-05-25,200.8843994140625
2010-05-26,205.4497528076172
2010-05-27,208.3437957763672
2010-05-28,211.27867126464844
2010-05-31,213.10275268554688
2010-06-01,205.9592742919922
2010-06-02,206.0611572265625
2010-06-03,210.0863494873047
2010-06-04,210.16790771484375
2010-06-07,205.38858032226562
2010-06-08,203.0753631591797
2010-06-09,205.24591064453125
2010-06-10,206.9375457763672
2010-06-11,213.2658233642578
2010-06-14,216.7509002685547
2010-06-15,217.2808380126953
2010-06-16,215.6197967529297
2010-06-17,218.36102294921875
2010-06-18,214.8860626220703
2010-06-21,217.18914794921875
2010-06-22,216.81211853027344
2010-06-23,215.77264404296875
2010-06-24,214.41732788085938
2010-06-25,216.6388397216797
2010-06-28,222.18246459960938
2010-06-29,217.5559844970703
2010-06-30,222.12130737304688
2010-07-01,219.3494873046875
2010-07-02,217.86170959472656
2010-07-05,217.72923278808594
2010-07-06,218.8705596923828
2010-07-07,214.72303771972656
2010-07-08,215.44656372070312
2010-07-09,215.55868530273438
2010-07-12,215.27330017089844
2010-07-13,218.9521026611328
2010-07-14,218.1674346923828
2010-07-15,218.77883911132812
2010-07-16,216.6388397216797
2010-07-19,215.23252868652344
2010-07-20,214.6007843017578
2010-07-21,215.7115020751953
2010-07-22,215.83375549316406
2010-07-23,216.1293182373047
2010-07-26,214.63136291503906
2010-07-27,214.71286010742188
2010-07-28,208.1399688720703
2010-07-29,205.87770080566406
2010-07-30,205.7758331298828
2010-08-02,206.7744903564453
2010-08-03,209.46475219726562
2010-08-04,207.0802459716797
2010-08-05,205.24591064453125
2010-08-06,203.82943725585938
2010-08-09,202.50469970703125
2010-08-10,201.3429718017578
2010-08-11,200.39523315429688
2010-08-12,198.22467041015625
2010-08-13,199.54946899414062
2010-08-16,199.10104370117188
2010-08-17,197.8272705078125
2010-08-18,196.59422302246094
2010-08-19,199.1622314453125
2010-08-20,201.49583435058594
2010-08-23,199.10104370117188
2010-08-24,198.18394470214844
2010-08-25,197.24644470214844
2010-08-26,194.9331817626953
2010-08-27,193.53709411621094
2010-08-30,193.20077514648438
2010-08-31,187.34130859375
2010-09-01,190.80604553222656
2010-09-02,191.060791015625
2010-09-03,188.66603088378906
2010-09-06,194.15869140625
2010-09-07,196.12547302246094
2010-09-08,195.57521057128906
2010-09-09,195.3612060546875
2010-09-13,202.28050231933594
2010-09-14,201.3939208984375
2010-09-15,206.64202880859375
2010-09-16,203.88040161132812
2010-09-17,209.3832550048828
2010-09-20,212.24673461914062
2010-09-21,210.97296142578125
2010-09-22,207.8954315185547
2010-09-23,203.33009338378906
2010-09-24,204.1453399658203
2010-09-27,205.88795471191406
2010-09-28,203.5033721923828
2010-09-29,203.60523986816406
2010-09-30,201.21051025390625
2010-10-01,205.41917419433594
2010-10-04,207.44705200195312
2010-10-05,208.669921875
2010-10-06,212.97024536132812
2010-10-07,211.78817749023438
2010-10-08,213.92816162109375
2010-10-11,217.9126434326172
2010-10-12,215.14083862304688
2010-10-13,218.69732666015625
2010-10-14,215.83375549316406
2010-10-15,212.03274536132812
2010-10-18,213.4798126220703
2010-10-19,212.858154296875
2010-10-20,213.88742065429688
2010-10-21,220.4500732421875
2010-10-22,220.4806365966797
2010-10-25,222.22317504882812
2010-10-26,223.95558166503906
2010-10-27,222.7123565673828
2010-10-28,220.52139282226562
2010-10-29,223.42567443847656
2010-11-01,222.80409240722656
2010-11-02,219.0641632080078
2010-11-03,217.11778259277344
2010-11-04,225.21922302246094
2010-11-08,226.60513305664062
2010-11-09,225.9325408935547
2010-11-10,224.6383819580078
2010-11-11,220.09339904785156
2010-11-12,216.4146728515625
2010-11-15,214.95741271972656
2010-11-16,210.02520751953125
2010-11-18,210.52456665039062
2010-11-19,203.0447998046875
2010-11-22,206.30572509765625
2010-11-23,202.91232299804688
2010-11-24,203.00399780273438
2010-11-25,199.6309814453125
2010-11-26,196.13565063476562
2010-11-29,203.4829559326172
2010-11-30,200.87420654296875
2010-12-01,201.52639770507812
2010-12-02,206.08152770996094
2010-12-03,205.01153564453125
2010-12-06,207.91583251953125
2010-12-07,210.07618713378906
2010-12-08,207.99737548828125
2010-12-09,200.65000915527344
2010-12-10,208.68008422851562
2010-12-13,212.31809997558594
2010-12-14,215.06948852539062
2010-12-15,214.79437255859375
2010-12-16,215.39561462402344
2010-12-20,215.37522888183594
2010-12-21,218.71768188476562
2010-12-22,215.23252868652344
2010-12-23,215.91534423828125
2010-12-24,215.9764862060547
2010-12-27,215.06948852539062
2010-12-28,213.571533203125
2010-12-29,213.71421813964844
2010-12-30,214.2440948486328
2010-12-31,215.77264404296875
2011-01-03,215.14083862304688
2011-01-04,219.5227508544922
2011-01-05,219.25779724121094
2011-01-06,221.25515747070312
2011-01-07,217.13815307617188
2011-01-10,210.62644958496094
2011-01-11,206.61143493652344
2011-01-12,210.0863494873047
2011-01-13,206.9375457763672
2011-01-14,204.11476135253906
2011-01-17,203.38104248046875
2011-01-18,202.7594757080078
2011-01-19,199.76345825195312
2011-01-20,197.66419982910156
2011-01-21,201.11874389648438
2011-01-24,198.02088928222656
2011-01-25,195.3509979248047
2011-01-27,192.1308135986328
2011-01-28,186.07766723632812
2011-01-31,187.36167907714844
2011-02-01,182.51101684570312
2011-02-02,187.769287109375
2011-02-03,192.37533569335938
2011-02-04,187.50436401367188
2011-02-07,189.34878540039062
2011-02-08,186.53623962402344
2011-02-09,186.34262084960938
2011-02-10,183.3568115234375
2011-02-11,185.45606994628906
2011-02-14,186.4445343017578
2011-02-15,191.92697143554688
2011-02-16,192.4263458251953
2011-02-17,194.4236602783203
2011-02-18,190.67359924316406
2011-02-21,194.9127960205078
2011-02-22,200.7213592529297
2011-02-23,202.92247009277344
2011-02-24,196.51271057128906
2011-02-25,196.9305419921875
2011-02-28,196.52285766601562
2011-03-01,201.53660583496094
2011-03-03,199.20297241210938
2011-03-04,200.1812744140625
2011-03-07,199.13165283203125
2011-03-08,200.74171447753906
2011-03-09,202.5556182861328
2011-03-10,200.7010040283203
2011-03-11,202.18882751464844
2011-03-14,207.54898071289062
2011-03-15,211.4009552001953
2011-03-16,213.40846252441406
2011-03-17,210.09657287597656
2011-03-18,202.3824005126953
2011-03-21,201.83212280273438
2011-03-22,203.73773193359375
2011-03-23,206.50955200195312
2011-03-24,205.90829467773438
2011-03-25,209.2303924560547
2011-03-28,209.0469512939453
2011-03-29,208.44573974609375
2011-03-30,210.43287658691406
2011-03-31,213.8160858154297
2011-04-01,211.22772216796875
2011-04-04,214.1320037841797
2011-04-05,213.5205535888672
2011-04-06,212.94993591308594
2011-04-07,212.34864807128906
2011-04-08,208.68008422851562
2011-04-11,204.88925170898438
2011-04-13,208.25213623046875
2011-04-15,208.07887268066406
2011-04-18,205.67391967773438
2011-04-19,206.18344116210938
2011-04-20,209.0877227783203
2011-04-21,212.08372497558594
2011-04-25,205.71466064453125
2011-04-26,204.04345703125
2011-04-27,200.9761199951172
2011-04-28,198.18394470214844
2011-04-29,200.49717712402344
2011-05-02,196.62477111816406
2011-05-03,192.37533569335938
2011-05-04,193.13967895507812
2011-05-05,195.39556884765625
2011-05-06,196.44456481933594
2011-05-09,197.31874084472656
2011-05-10,195.56008911132812
2011-05-11,196.52682495117188
2011-05-12,194.480224609375
2011-05-13,194.9944610595703
2011-05-16,194.3773956298828
2011-05-17,189.3688201904297
2011-05-18,185.50180053710938
2011-05-19,188.30950927734375
2011-05-20,189.893310546875
2011-05-23,187.05482482910156
2011-05-24,188.36094665527344
2011-05-25,186.35545349121094
2011-05-26,192.08396911621094
2011-05-27,194.46994018554688
2011-05-30,193.1123504638672
2011-05-31,195.786376953125
2011-06-01,194.7476043701172
2011-06-02,195.62179565429688
2011-06-03,192.2382049560547
2011-06-06,192.88613891601562
2011-06-07,197.10276794433594
2011-06-08,195.24130249023438
2011-06-09,196.2285919189453
2011-06-10,194.27455139160156
2011-06-13,190.38702392578125
2011-06-14,187.45591735839844
2011-06-15,185.23443603515625
2011-06-16,182.5604705810547
2011-06-17,178.69349670410156
2011-06-20,171.3914794921875
2011-06-21,174.55914306640625
2011-06-22,173.97291564941406
2011-06-23,179.0534210205078
2011-06-24,179.23858642578125
2011-06-27,179.26939392089844
2011-06-28,179.17686462402344
2011-06-29,182.08740234375
2011-06-30,184.81277465820312
2011-07-01,177.2947998046875
2011-07-04,178.62152099609375
2011-07-05,174.0037841796875
2011-07-06,175.43328857421875
2011-07-07,179.09461975097656
2011-07-08,175.83438110351562
2011-07-11,175.5155792236328
2011-07-12,174.3740234375
2011-07-13,178.0147247314453
2011-07-14,178.44667053222656
2011-07-15,179.60882568359375
2011-07-18,178.4569549560547
2011-07-19,180.89437866210938
2011-07-20,180.2259063720703
2011-07-21,177.06854248046875
2011-07-22,179.63967895507812
2011-07-25,181.59371948242188
2011-07-26,179.2591552734375
2011-07-27,177.06854248046875
2011-07-28,172.23483276367188
2011-07-29,170.30133056640625
2011-08-01,170.8978271484375
2011-08-02,172.22451782226562
2011-08-03,169.70481872558594
2011-08-04,167.09255981445312
2011-08-05,162.90673828125
2011-08-08,160.5721435546875
2011-08-09,157.41485595703125
2011-08-10,158.94720458984375
2011-08-11,158.83412170410156
2011-08-12,156.50982666015625
2011-08-16,156.1498260498047
2011-08-17,155.29623413085938
2011-08-18,152.4577178955078
2011-08-19,150.67848205566406
2011-08-22,155.7075958251953
2011-08-23,157.40452575683594
2011-08-24,156.59207153320312
2011-08-25,154.98765563964844
2011-08-26,147.97361755371094
2011-08-29,155.3065185546875
2011-08-30,160.97328186035156
2011-09-02,165.6732940673828
2011-09-05,162.25880432128906
2011-09-06,168.9746551513672
2011-09-07,171.44288635253906
2011-09-08,175.34072875976562
2011-09-09,169.8488311767578
2011-09-12,165.84814453125
2011-09-13,166.66062927246094
2011-09-14,169.77682495117188
2011-09-15,172.01885986328125
2011-09-16,169.82823181152344
2011-09-19,168.9849090576172
2011-09-20,175.20704650878906
2011-09-21,172.28623962402344
2011-09-22,161.74459838867188
2011-09-23,158.5050048828125
2011-09-26,156.16012573242188
2011-09-27,163.97633361816406
2011-09-28,163.97633361816406
2011-09-29,166.1361083984375
2011-09-30,166.269775390625
2011-10-03,162.12515258789062
2011-10-04,158.710693359375
2011-10-05,157.76451110839844
2011-10-07,165.14881896972656
2011-10-10,170.56874084472656
2011-10-11,170.10592651367188
2011-10-12,174.76478576660156
2011-10-13,174.1991424560547
2011-10-14,178.31292724609375
2011-10-17,171.50460815429688
2011-10-18,168.64549255371094
2011-10-19,173.39697265625
2011-10-20,172.5124969482422
2011-10-21,171.9057159423828
2011-10-24,174.11688232421875
2011-10-25,180.17445373535156
2011-10-28,185.12132263183594
2011-10-31,180.50357055664062
2011-11-01,177.01712036132812
2011-11-02,179.32086181640625
2011-11-03,182.22105407714844
2011-11-04,180.99722290039062
2011-11-08,181.76856994628906
2011-11-09,177.91188049316406
2011-11-11,182.1079559326172
2011-11-14,180.32875061035156
2011-11-15,177.19195556640625
2011-11-16,174.44601440429688
2011-11-17,166.59889221191406
2011-11-18,166.2183837890625
2011-11-21,161.74459838867188
2011-11-22,163.5649871826172
2011-11-23,159.08090209960938
2011-11-24,159.0294952392578
2011-11-25,155.04940795898438
2011-11-28,161.22010803222656
2011-11-29,157.35311889648438
2011-11-30,160.0784912109375
2011-12-01,164.34658813476562
2011-12-02,167.03085327148438
2011-12-05,165.9407196044922
2011-12-07,166.5680694580078
2011-12-08,160.2019500732422
2011-12-09,155.4402313232422
2011-12-12,149.63973999023438
2011-12-13,152.68394470214844
2011-12-14,152.6016845703125
2011-12-15,154.29861450195312
2011-12-16,148.47755432128906
2011-12-19,151.24407958984375
2011-12-20,146.74978637695312
2011-12-21,153.8563995361328
2011-12-22,155.20364379882812
2011-12-23,153.5272674560547
2011-12-26,156.53033447265625
2011-12-27,154.89511108398438
2011-12-28,152.0154571533203
2011-12-29,146.4309539794922
2011-12-30,142.5331573486328
2012-01-02,145.3305206298828
2012-01-03,149.0535430908203
2012-01-04,147.3051300048828
2012-01-05,143.88040161132812
2012-01-06,147.59310913085938
2012-01-09,145.26881408691406
2012-01-10,151.4292449951172
2012-01-11,153.9078369140625
2012-01-12,151.57325744628906
2012-01-13,150.52420043945312
2012-01-16,146.6469268798828
2012-01-17,152.6325225830078
2012-01-18,160.38705444335938
2012-01-19,161.6006317138672
2012-01-20,163.0404510498047
2012-01-23,158.7003936767578
2012-01-24,161.20980834960938
2012-01-25,162.69076538085938
2012-01-27,168.7483367919922
2012-01-30,163.47238159179688
2012-01-31,168.06959533691406
2012-02-01,170.96981811523438
2012-02-02,170.56874084472656
2012-02-03,172.4302520751953
2012-02-06,171.3400421142578
2012-02-07,173.71580505371094
2012-02-08,176.56459045410156
2012-02-09,175.6287078857422
2012-02-10,173.4483642578125
2012-02-13,174.68252563476562
2012-02-14,174.61053466796875
2012-02-15,172.0908660888672
2012-02-16,167.1131134033203
2012-02-17,168.2958221435547
2012-02-21,173.5100860595703
2012-02-22,171.42236328125
2012-02-23,172.69761657714844
2012-02-24,168.65577697753906
2012-02-27,160.73672485351562
2012-02-28,163.83236694335938
2012-02-29,168.8203582763672
2012-03-01,166.80459594726562
2012-03-02,167.4525604248047
2012-03-05,164.0380401611328
2012-03-06,159.72885131835938
2012-03-07,156.69491577148438
2012-03-09,159.16322326660156
2012-03-12,164.25399780273438
2012-03-13,168.65577697753906
2012-03-14,167.5347900390625
2012-03-15,163.8632354736328
2012-03-16,158.86492919921875
2012-03-19,155.31678771972656
2012-03-20,156.4377899169922
2012-03-21,157.98048400878906
2012-03-22,151.46009826660156
2012-03-23,153.0438995361328
2012-03-26,150.17453002929688
2012-03-27,150.3699188232422
2012-03-28,149.26947021484375
2012-03-29,149.0535430908203
2012-03-30,154.3911895751953
2012-04-02,152.32398986816406
2012-04-03,154.82315063476562
2012-04-04,153.65066528320312
2012-04-09,152.65309143066406
2012-04-10,152.75592041015625
2012-04-11,150.21566772460938
2012-04-12,152.88967895507812
2012-04-13,154.5865936279297
2012-04-16,153.876953125
2012-04-17,153.5272674560547
2012-04-18,153.9798126220703
2012-04-19,152.5502471923828
2012-04-20,150.32879638671875
2012-04-23,151.44981384277344
2012-04-24,151.2029571533203
2012-04-25,151.44981384277344
2012-04-26,153.24961853027344
2012-04-27,152.62222290039062
2012-04-30,153.25987243652344
2012-05-02,152.94107055664062
2012-05-03,151.97434997558594
2012-05-04,149.42373657226562
2012-05-07,147.2126007080078
2012-05-08,145.70079040527344
2012-05-09,142.97537231445312
2012-05-10,142.7799835205078
2012-05-11,143.40731811523438
2012-05-14,140.13685607910156
2012-05-15,140.2088165283203
2012-05-16,139.06724548339844
2012-05-17,140.9287567138672
2012-05-18,141.62808227539062
2012-05-21,143.05764770507812
2012-05-22,142.152587890625
2012-05-23,141.2784423828125
2012-05-24,143.01651000976562
2012-05-25,142.17318725585938
2012-05-28,144.32261657714844
2012-05-29,144.36376953125
2012-05-30,145.26881408691406
2012-05-31,147.05258178710938
2012-06-01,142.81149291992188
2012-06-04,144.37452697753906
2012-06-05,146.4169464111328
2012-06-06,149.19918823242188
2012-06-07,150.314208984375
2012-06-08,152.07522583007812
2012-06-11,150.5225830078125
2012-06-12,150.66848754882812
2012-06-13,149.28253173828125
2012-06-14,149.29296875
2012-06-15,151.46041870117188
2012-06-18,149.8244171142578
2012-06-19,153.6903839111328
2012-06-20,153.67996215820312
2012-06-21,149.78273010253906
2012-06-22,148.17799377441406
2012-06-25,149.26170349121094
2012-06-26,150.7830810546875
2012-06-27,150.57469177246094
2012-06-28,150.03282165527344
2012-06-29,153.7737274169922
2012-07-02,153.67996215820312
2012-07-03,153.4611358642578
2012-07-04,153.02345275878906
2012-07-05,153.95091247558594
2012-07-06,153.14849853515625
2012-07-09,152.5128936767578
2012-07-10,154.15933227539062
2012-07-11,151.23118591308594
2012-07-12,150.3037567138672
2012-07-13,149.74105834960938
2012-07-16,150.1266326904297
2012-07-17,149.91819763183594
2012-07-18,149.17835998535156
2012-07-19,151.67922973632812
2012-07-20,150.60595703125
2012-07-23,149.84524536132812
2012-07-24,150.99151611328125
2012-07-25,149.89735412597656
2012-07-26,148.00082397460938
2012-07-27,150.2620849609375
2012-07-30,152.0543975830078
2012-07-31,154.9721221923828
2012-08-01,155.6285858154297
2012-08-02,154.12803649902344
2012-08-03,154.75328063964844
2012-08-06,163.81900024414062
2012-08-07,163.33966064453125
2012-08-08,164.80897521972656
2012-08-09,162.5894012451172
2012-08-10,162.99578857421875
2012-08-13,164.25668334960938
2012-08-14,166.6325225830078
2012-08-16,170.0920867919922
2012-08-17,170.08169555664062
2012-08-21,169.6961212158203
2012-08-22,168.35186767578125
2012-08-23,165.5800323486328
2012-08-24,162.99578857421875
2012-08-27,164.08995056152344
2012-08-28,164.6839141845703
2012-08-29,163.00624084472656
2012-08-30,163.2667236328125
2012-08-31,159.72377014160156
2012-09-03,159.02561950683594
2012-09-04,162.47474670410156
2012-09-05,160.71372985839844
2012-09-06,160.0989227294922
2012-09-07,165.00692749023438
2012-09-10,165.06947326660156
2012-09-11,164.8506317138672
2012-09-12,166.330322265625
2012-09-13,166.5491485595703
2012-09-14,175.4272918701172
2012-09-17,182.09637451171875
2012-09-18,178.3137664794922
2012-09-20,173.4995574951172
2012-09-21,177.209228515625
2012-09-24,174.30191040039062
2012-09-25,175.01052856445312
2012-09-26,176.05255126953125
2012-09-27,172.94728088378906
2012-09-28,174.4790802001953
2012-10-01,173.70794677734375
2012-10-03,176.33389282226562
2012-10-04,177.7510528564453
2012-10-05,178.77227783203125
2012-10-08,170.76939392089844
2012-10-09,169.91490173339844
2012-10-10,170.0608367919922
2012-10-11,170.88401794433594
2012-10-12,170.66519165039062
2012-10-15,171.5301055908203
2012-10-16,169.32098388671875
2012-10-17,167.79959106445312
2012-10-18,169.0813446044922
2012-10-19,167.30984497070312
2012-10-22,169.97744750976562
2012-10-23,168.79994201660156
2012-10-25,168.8937225341797
2012-10-29,169.06045532226562
2012-10-30,167.4036407470703
2012-10-31,167.87254333496094
2012-11-01,168.20599365234375
2012-11-02,168.3831329345703
2012-11-05,168.00796508789062
2012-11-06,167.8621368408203
2012-11-07,166.9034423828125
2012-11-08,166.01771545410156
2012-11-09,164.15245056152344
2012-11-12,163.94403076171875
2012-11-15,163.51681518554688
2012-11-16,161.54734802246094
2012-11-19,161.37022399902344
2012-11-20,159.50494384765625
2012-11-21,160.72412109375
2012-11-22,159.60914611816406
2012-11-23,161.2555694580078
2012-11-26,161.23475646972656
2012-11-27,163.97531127929688
2012-11-29,166.37200927734375
2012-11-30,165.41329956054688
2012-12-03,167.55990600585938
2012-12-04,171.87396240234375
2012-12-05,173.5203857421875
2012-12-06,175.8753662109375
2012-12-07,173.9372100830078
2012-12-10,172.62425231933594
2012-12-11,170.90489196777344
2012-12-12,173.5203857421875
2012-12-13,173.8642578125
2012-12-14,174.90631103515625
2012-12-17,173.84344482421875
2012-12-18,173.27032470703125
2012-12-19,174.95840454101562
2012-12-20,174.6145477294922
2012-12-21,171.98858642578125
2012-12-24,171.04039001464844
2012-12-26,172.61383056640625
2012-12-27,170.41510009765625
2012-12-28,175.1147003173828
2012-12-31,174.96884155273438
2013-01-01,175.20846557617188
2013-01-02,176.71946716308594
2013-01-03,179.3870849609375
2013-01-04,179.61630249023438
2013-01-07,178.52218627929688
2013-01-08,177.28216552734375
2013-01-09,177.7093505859375
2013-01-10,177.15713500976562
2013-01-11,175.0417938232422
2013-01-14,176.6360626220703
2013-01-15,176.552734375
2013-01-16,179.51211547851562
2013-01-17,185.48297119140625
2013-01-18,187.6087646484375
2013-01-21,191.72482299804688
2013-01-22,191.74563598632812
2013-01-23,192.37088012695312
2013-01-24,190.80784606933594
2013-01-25,190.10968017578125
2013-01-28,187.0564422607422
2013-01-29,183.99288940429688
2013-01-30,187.4420166015625
2013-01-31,184.78485107421875
2013-02-01,186.31663513183594
2013-02-04,184.7952423095703
2013-02-05,182.30477905273438
2013-02-06,182.4923553466797
2013-02-07,181.91921997070312
2013-02-08,179.97059631347656
2013-02-11,180.98138427734375
2013-02-12,182.45068359375
2013-02-13,183.19049072265625
2013-02-14,178.40756225585938
2013-02-15,176.27137756347656
2013-02-18,176.62567138671875
2013-02-19,176.81326293945312
2013-02-20,182.31521606445312
2013-02-21,179.06402587890625
2013-02-22,179.77264404296875
2013-02-25,178.0532684326172
2013-02-26,171.62387084960938
2013-02-27,173.2494659423828
2013-02-28,169.6127471923828
2013-03-01,168.8937225341797
2013-03-04,169.3522186279297
2013-03-05,172.2178497314453
2013-03-06,174.07266235351562
2013-03-07,174.3331756591797
2013-03-08,177.41763305664062
2013-03-11,176.0004425048828
2013-03-12,176.69857788085938
2013-03-13,176.10464477539062
2013-03-14,179.24119567871094
2013-03-15,175.82327270507812
2013-03-18,173.87466430664062
2013-03-19,171.93646240234375
2013-03-20,171.45713806152344
2013-03-21,169.3522186279297
2013-03-22,168.93540954589844
2013-03-25,168.6540985107422
2013-03-26,163.2563018798828
2013-03-28,161.07843017578125
2013-04-01,162.29763793945312
2013-04-02,165.4550018310547
2013-04-03,161.839111328125
2013-04-04,159.96347045898438
2013-04-05,162.5789794921875
2013-04-08,164.5171661376953
2013-04-09,161.92250061035156
2013-04-10,162.43310546875
2013-04-11,160.70330810546875
2013-04-12,161.5890350341797
2013-04-15,165.39248657226562
2013-04-16,167.7579345703125
2013-04-17,161.24517822265625
2013-04-18,162.8916015625
2013-04-22,164.59011840820312
2013-04-23,167.4973907470703
2013-04-25,170.82151794433594
2013-04-26,165.14239501953125
2013-04-29,165.19448852539062
2013-04-30,164.26705932617188
2013-05-02,167.33070373535156
2013-05-03,166.83050537109375
2013-05-06,171.22792053222656
2013-05-07,172.5929718017578
2013-05-08,172.9055633544922
2013-05-09,170.49847412109375
2013-05-10,171.46888732910156
2013-05-13,169.37020874023438
2013-05-14,168.34722900390625
2013-05-15,172.74497985839844
2013-05-16,177.31141662597656
2013-05-17,176.22518920898438
2013-05-20,175.30767822265625
2013-05-21,174.76980590820312
2013-05-22,172.69224548339844
2013-05-23,165.45762634277344
2013-05-24,165.8794403076172
2013-05-27,174.70652770996094
2013-05-28,177.89144897460938
2013-05-29,178.84059143066406
2013-05-30,176.49935913085938
2013-05-31,170.0662384033203
2013-06-03,166.18533325195312
2013-06-04,164.5612030029297
2013-06-05,169.1593017578125
2013-06-06,167.05006408691406
2013-06-07,165.27833557128906
2013-06-10,166.49111938476562
2013-06-11,165.7001953125
2013-06-12,166.79698181152344
2013-06-13,166.5860595703125
2013-06-14,171.8274383544922
2013-06-17,174.12652587890625
2013-06-18,173.6730194091797
2013-06-19,175.42369079589844
2013-06-20,168.31561279296875
2013-06-21,167.22933959960938
2013-06-24,167.1871795654297
2013-06-25,169.5389404296875
2013-06-26,169.4967498779297
2013-06-27,175.06512451171875
2013-06-28,181.94117736816406
2013-07-01,186.8134307861328
2013-07-02,183.89219665527344
2013-07-03,179.46279907226562
2013-07-04,181.74078369140625
2013-07-05,185.6850128173828
2013-07-08,182.858642578125
2013-07-09,184.51441955566406
2013-07-10,180.549072265625
2013-07-11,183.5125274658203
2013-07-12,187.7098846435547
2013-07-15,189.16522216796875
2013-07-16,189.95619201660156
2013-07-17,192.98289489746094
2013-07-18,193.46803283691406
2013-07-19,194.8284912109375
2013-07-22,191.7384490966797
2013-07-23,191.84393310546875
2013-07-24,191.80177307128906
2013-07-25,187.87860107421875
2013-07-26,187.75205993652344
2013-07-29,186.8134307861328
2013-07-30,180.83383178710938
2013-07-31,183.93435668945312
2013-08-01,179.28353881835938
2013-08-02,180.83383178710938
2013-08-05,181.7196807861328
2013-08-06,177.39576721191406
2013-08-07,184.01873779296875
2013-08-08,182.58444213867188
2013-08-12,178.3660125732422
2013-08-13,179.89520263671875
2013-08-14,182.44737243652344
2013-08-16,174.36904907226562
2013-08-19,173.0086212158203
2013-08-20,174.0843505859375
2013-08-21,165.27833557128906
2013-08-22,170.02407836914062
2013-08-23,172.85043334960938
2013-08-26,173.50428771972656
2013-08-27,169.42295837402344
2013-08-28,171.226318359375
2013-08-29,178.2816619873047
2013-08-30,180.09559631347656
2013-09-02,187.03492736816406
2013-09-03,175.27603149414062
2013-09-04,179.14645385742188
2013-09-05,181.93063354492188
2013-09-06,183.0801544189453
2013-09-10,187.7942352294922
2013-09-11,187.24583435058594
2013-09-12,184.64096069335938
2013-09-13,184.13473510742188
2013-09-16,181.76185607910156
2013-09-17,181.00257873535156
2013-09-18,183.9132537841797
2013-09-19,187.84698486328125
2013-09-20,186.01193237304688
2013-09-23,184.41949462890625
2013-09-24,184.47219848632812
2013-09-25,179.08314514160156
2013-09-26,176.8052215576172
2013-09-27,177.1532440185547
2013-09-30,173.4621124267578
2013-10-01,173.26173400878906
2013-10-03,178.64019775390625
2013-10-04,180.2116241455078
2013-10-07,178.02854919433594
2013-10-08,178.2183837890625
2013-10-09,181.58258056640625
2013-10-10,181.3927764892578
2013-10-11,182.099365234375
2013-10-14,183.56524658203125
2013-10-15,183.03794860839844
2013-10-17,185.6850128173828
2013-10-18,191.02133178710938
2013-10-21,192.61380004882812
2013-10-22,190.71551513671875
2013-10-23,189.1441192626953
2013-10-24,186.56036376953125
2013-10-25,187.08763122558594
2013-10-28,187.87860107421875
2013-10-29,189.15469360351562
2013-10-30,189.43942260742188
2013-10-31,192.93017578125
2013-11-01,191.56973266601562
2013-11-05,191.87559509277344
2013-11-06,189.5343780517578
2013-11-07,186.85560607910156
2013-11-08,184.7569580078125
2013-11-11,182.21534729003906
2013-11-12,179.8319091796875
2013-11-13,178.10238647460938
2013-11-14,179.6315460205078
2013-11-18,184.50384521484375
2013-11-19,185.26319885253906
2013-11-20,181.9200439453125
2013-11-21,178.77735900878906
2013-11-22,177.96527099609375
2013-11-25,179.64208984375
2013-11-26,177.43798828125
2013-11-27,176.741943359375
2013-11-28,178.85113525390625
2013-11-29,179.95848083496094
2013-12-02,180.4014434814453
2013-12-03,181.79347229003906
2013-12-04,180.5596160888672
2013-12-05,183.712890625
2013-12-06,182.80589294433594
2013-12-09,185.38970947265625
2013-12-10,186.59197998046875
2013-12-11,186.15960693359375
2013-12-12,183.544189453125
2013-12-13,182.38406372070312
2013-12-16,178.23948669433594
2013-12-17,177.00559997558594
2013-12-18,181.3822021484375
2013-12-19,180.1377716064453
2013-12-20,188.80665588378906
2013-12-23,189.03866577148438
2013-12-24,189.41835021972656
2013-12-26,187.2036590576172
2013-12-27,185.36865234375
2013-12-30,187.1087646484375
2013-12-31,188.8172149658203
2014-01-01,187.46730041503906
2014-01-02,184.55661010742188
2014-01-03,182.2891845703125
2014-01-06,180.32760620117188
2014-01-07,177.6172637939453
2014-01-08,179.08314514160156
2014-01-09,179.43116760253906
2014-01-10,181.00257873535156
2014-01-13,185.69557189941406
2014-01-14,185.92759704589844
2014-01-15,186.7607421875
2014-01-16,186.90834045410156
2014-01-17,186.6130828857422
2014-01-20,183.4492950439453
2014-01-21,182.0360565185547
2014-01-22,184.01873779296875
2014-01-23,182.61611938476562
2014-01-24,183.0063018798828
2014-01-27,177.83872985839844
2014-01-28,178.19729614257812
2014-01-29,176.45718383789062
2014-01-30,174.01046752929688
2014-01-31,175.30767822265625
2014-02-03,173.14572143554688
2014-02-04,173.28282165527344
2014-02-05,172.37583923339844
2014-02-06,172.08058166503906
2014-02-07,171.78526306152344
2014-02-10,173.36715698242188
2014-02-11,169.8447723388672
2014-02-12,172.51296997070312
2014-02-13,170.2982940673828
2014-02-14,173.3882598876953
2014-02-17,171.331787109375
2014-02-18,171.5110626220703
2014-02-19,171.3212432861328
2014-02-20,169.88697814941406
2014-02-21,171.16305541992188
2014-02-24,171.3423614501953
2014-02-25,170.96267700195312
2014-02-26,170.9943084716797
2014-02-28,168.72689819335938
2014-03-03,169.45462036132812
2014-03-04,171.46888732910156
2014-03-05,170.2139129638672
2014-03-06,173.47264099121094
2014-03-07,183.37539672851562
2014-03-10,186.7607421875
2014-03-11,184.50384521484375
2014-03-12,183.78672790527344
2014-03-13,185.51629638671875
2014-03-14,186.90834045410156
2014-03-18,189.0808563232422
2014-03-19,190.46240234375
2014-03-20,191.09515380859375
2014-03-21,186.83453369140625
2014-03-24,190.9686279296875
2014-03-25,185.4635772705078
2014-03-26,187.97352600097656
2014-03-27,189.98785400390625
2014-03-28,193.2360076904297
2014-03-31,196.31549072265625
2014-04-01,198.8148956298828
2014-04-02,202.1052703857422
2014-04-03,200.9346466064453
2014-04-04,199.1629180908203
2014-04-07,199.141845703125
2014-04-09,202.93841552734375
2014-04-10,204.393798828125
2014-04-11,201.1666717529297
2014-04-15,200.1859130859375
2014-04-16,198.54067993164062
2014-04-17,202.29510498046875
2014-04-21,202.40057373046875
2014-04-22,204.11956787109375
2014-04-23,203.99302673339844
2014-04-24,203.99302673339844
2014-04-25,200.006591796875
2014-04-28,199.32110595703125
2014-04-29,198.32980346679688
2014-04-30,197.38063049316406
2014-05-02,195.75653076171875
2014-05-05,199.71131896972656
2014-05-06,203.1915283203125
2014-05-07,202.6642303466797
2014-05-08,202.54820251464844
2014-05-09,210.4156036376953
2014-05-12,216.9752960205078
2014-05-13,224.29425048828125
2014-05-14,220.51876831054688
2014-05-15,222.18504333496094
2014-05-16,229.88351440429688
2014-05-19,238.57400512695312
2014-05-20,230.0113067626953
2014-05-21,229.70245361328125
2014-05-22,234.4737091064453
2014-05-23,240.1502685546875
2014-05-26,234.66542053222656
2014-05-27,231.7366180419922
2014-05-28,231.93898010253906
2014-05-29,228.6693878173828
2014-05-30,226.7843017578125
2014-06-02,230.51185607910156
2014-06-03,233.32350158691406
2014-06-04,229.51072692871094
2014-06-05,232.15199279785156
2014-06-06,239.0745849609375
2014-06-09,239.12782287597656
2014-06-10,238.20123291015625
2014-06-11,234.75062561035156
2014-06-12,233.05726623535156
2014-06-13,230.44798278808594
2014-06-16,226.94403076171875
2014-06-17,232.18397521972656
2014-06-18,227.22097778320312
2014-06-19,221.97042846679688
2014-06-20,220.77760314941406
2014-06-23,221.08645629882812
2014-06-24,225.75123596191406
2014-06-25,223.8661651611328
2014-06-26,215.5377197265625
2014-06-27,215.5803680419922
2014-06-30,216.28326416015625
2014-07-01,214.70703125
2014-07-02,216.8903350830078
2014-07-03,214.38751220703125
2014-07-04,219.80845642089844
2014-07-07,218.7967071533203
2014-07-08,211.9486541748047
2014-07-09,213.2053680419922
2014-07-10,212.40663146972656
2014-07-11,205.86741638183594
2014-07-14,204.85562133789062
2014-07-15,207.08152770996094
2014-07-16,210.80909729003906
2014-07-17,209.2754364013672
2014-07-18,208.0507049560547
2014-07-21,212.50244140625
2014-07-22,219.59547424316406
2014-07-23,220.08535766601562
2014-07-24,221.74679565429688
2014-07-25,217.65713500976562
2014-07-28,214.19581604003906
2014-07-30,214.31297302246094
2014-07-31,214.3769073486328
2014-08-01,207.95484924316406
2014-08-04,209.80796813964844
2014-08-05,209.56301879882812
2014-08-06,210.47889709472656
2014-08-07,210.72390747070312
2014-08-08,208.84945678710938
2014-08-11,208.84945678710938
2014-08-12,209.68014526367188
2014-08-13,210.9049530029297
2014-08-14,213.63136291503906
2014-08-18,215.78269958496094
2014-08-19,214.98391723632812
2014-08-20,212.65151977539062
2014-08-21,211.9593048095703
2014-08-22,212.6409454345703
2014-08-25,212.10838317871094
2014-08-26,211.58653259277344
2014-08-27,211.66110229492188
2014-08-28,212.7261199951172
2014-09-01,216.00636291503906
2014-09-02,218.07247924804688
2014-09-03,219.65936279296875
2014-09-04,218.51980590820312
2014-09-05,218.46656799316406
2014-09-08,221.03323364257812
2014-09-09,220.0321044921875
2014-09-10,216.37911987304688
2014-09-11,217.13525390625
2014-09-12,216.3258819580078
2014-09-15,213.58877563476562
2014-09-16,208.6151123046875
2014-09-17,210.58541870117188
2014-09-18,214.0467071533203
2014-09-19,212.03384399414062
2014-09-22,211.20314025878906
2014-09-23,205.72897338867188
2014-09-24,205.5585479736328
2014-09-25,198.06088256835938
2014-09-26,198.78506469726562
2014-09-29,198.76376342773438
2014-09-30,201.43695068359375
2014-10-01,197.4963836669922
2014-10-07,197.27273559570312
2014-10-08,199.51991271972656
2014-10-09,203.34332275390625
2014-10-10,204.62135314941406
2014-10-13,204.0355682373047
2014-10-14,204.74911499023438
2014-10-15,204.74911499023438
2014-10-16,198.30580139160156
2014-10-17,199.7755126953125
2014-10-20,199.16842651367188
2014-10-21,197.95436096191406
2014-10-22,201.42630004882812
2014-10-27,200.51039123535156
2014-10-28,198.9554901123047
2014-10-29,202.69366455078125
2014-10-30,208.58316040039062
2014-10-31,213.12017822265625
2014-11-03,213.50355529785156
2014-11-05,211.14988708496094
2014-11-07,208.84945678710938
2014-11-10,206.47447204589844
2014-11-11,208.25308227539062
2014-11-12,207.47560119628906
2014-11-13,206.4531707763672
2014-11-14,206.43186950683594
2014-11-17,209.85055541992188
2014-11-18,210.58541870117188
2014-11-19,208.34890747070312
2014-11-20,208.90269470214844
2014-11-21,212.51309204101562
2014-11-24,209.8825225830078
2014-11-25,211.51199340820312
2014-11-26,210.24461364746094
2014-11-27,210.58541870117188
2014-11-28,211.21376037597656
2014-12-01,204.82369995117188
2014-12-02,205.04733276367188
2014-12-03,206.26148986816406
2014-12-04,204.1740264892578
2014-12-05,203.9184112548828
2014-12-08,201.20265197753906
2014-12-09,200.19088745117188
2014-12-10,198.635986328125
2014-12-11,193.01268005371094
2014-12-12,187.94320678710938
2014-12-15,187.18704223632812
2014-12-16,184.1623992919922
2014-12-17,185.20611572265625
2014-12-18,187.46395874023438
2014-12-19,191.8198699951172
2014-12-22,192.7464141845703
2014-12-23,190.37142944335938
2014-12-24,188.32659912109375
2014-12-26,189.32774353027344
2014-12-29,191.06370544433594
2014-12-30,187.47457885742188
2014-12-31,189.81761169433594
2015-01-01,189.1253662109375
2015-01-02,188.62481689453125
2015-01-05,186.55870056152344
2015-01-06,178.09182739257812
2015-01-07,181.96847534179688
2015-01-08,179.35916137695312
2015-01-09,183.24649047851562
2015-01-12,181.11647033691406
2015-01-13,179.59347534179688
2015-01-14,177.8468780517578
2015-01-15,184.08786010742188
2015-01-16,185.2487335205078
2015-01-19,187.36810302734375
2015-01-20,192.3523712158203
2015-01-21,193.14047241210938
2015-01-22,188.24142456054688
2015-01-23,188.912353515625
2015-01-27,189.37034606933594
2015-01-28,193.16175842285156
2015-01-29,197.96499633789062
2015-01-30,194.95098876953125
2015-02-02,193.41738891601562
2015-02-03,199.7116241455078
2015-02-04,197.83718872070312
2015-02-05,196.75088500976562
2015-02-06,193.8114471435547
2015-02-09,190.9998016357422
2015-02-10,187.86868286132812
2015-02-11,191.851806640625
2015-02-12,193.6516876220703
2015-02-13,195.43026733398438
2015-02-16,192.2991180419922
2015-02-18,192.05416870117188
2015-02-19,192.13937377929688
2015-02-20,185.9729461669922
2015-02-23,181.36141967773438
2015-02-24,179.2313995361328
2015-02-25,179.59347534179688
2015-02-26,179.34854125976562
2015-02-27,182.23471069335938
2015-03-02,184.08786010742188
2015-03-03,191.87310791015625
2015-03-04,189.1147003173828
2015-03-05,188.49703979492188
2015-03-09,185.23805236816406
2015-03-10,183.00155639648438
2015-03-11,182.31996154785156
2015-03-12,183.9919891357422
2015-03-13,181.0738525390625
2015-03-16,179.36984252929688
2015-03-17,182.51162719726562
2015-03-18,185.02505493164062
2015-03-19,182.36253356933594
2015-03-20,181.92587280273438
2015-03-23,179.337890625
2015-03-24,180.6158905029297
2015-03-25,179.96624755859375
2015-03-26,176.64340209960938
2015-03-27,172.89451599121094
2015-03-30,172.69216918945312
2015-03-31,175.94049072265625
2015-04-01,178.0811767578125
2015-04-06,175.65293884277344
2015-04-07,177.39955139160156
2015-04-08,184.43931579589844
2015-04-09,190.65899658203125
2015-04-10,192.62925720214844
2015-04-13,196.4952850341797
2015-04-15,196.740234375
2015-04-16,197.74136352539062
2015-04-17,197.421875
2015-04-20,188.6461181640625
2015-04-21,186.6864776611328
2015-04-22,187.389404296875
2015-04-23,186.81430053710938
2015-04-24,187.20834350585938
2015-04-27,186.44151306152344
2015-04-28,184.2902069091797
2015-04-29,181.0525665283203
2015-04-30,183.68313598632812
2015-05-04,189.77505493164062
2015-05-05,190.03062438964844
2015-05-06,187.49591064453125
2015-05-07,185.47238159179688
2015-05-08,191.8964385986328
2015-05-11,193.24449157714844
2015-05-12,187.36703491210938
2015-05-13,190.904296875
2015-05-14,189.41603088378906
2015-05-15,188.49937438964844
2015-05-18,192.2954559326172
2015-05-19,193.15818786621094
2015-05-20,196.02684020996094
2015-05-21,193.41702270507812
2015-05-22,194.94839477539062
2015-05-25,192.93173217773438
2015-05-26,190.7964630126953
2015-05-27,190.94741821289062
2015-05-28,188.8983917236328
2015-05-29,189.15721130371094
2015-06-01,194.60330200195312
2015-06-02,193.8268280029297
2015-06-03,193.33074951171875
2015-06-04,196.8572235107422
2015-06-05,195.78958129882812
2015-06-08,190.97976684570312
2015-06-09,190.60232543945312
2015-06-10,195.36898803710938
2015-06-11,189.18955993652344
2015-06-12,191.9287872314453
2015-06-15,194.49546813964844
2015-06-16,194.96995544433594
2015-06-17,200.84742736816406
2015-06-18,211.14646911621094
2015-06-19,214.96412658691406
2015-06-22,213.89649963378906
2015-06-23,214.60824584960938
2015-06-24,213.72390747070312
2015-06-25,216.66806030273438
2015-06-26,215.83766174316406
2015-06-29,213.713134765625
2015-06-30,215.70823669433594
2015-07-01,216.90530395507812
2015-07-02,218.02687072753906
2015-07-03,217.2396240234375
2015-07-06,219.0406036376953
2015-07-07,216.38766479492188
2015-07-08,214.95330810546875
2015-07-09,212.9690399169922
2015-07-10,216.07493591308594
2015-07-13,217.1964569091797
2015-07-14,215.212158203125
2015-07-15,218.0915985107422
2015-07-16,220.79844665527344
2015-07-17,220.36708068847656
2015-07-20,221.02491760253906
2015-07-21,217.3690185546875
2015-07-22,226.5572967529297
2015-07-23,225.4573211669922
2015-07-24,221.08966064453125
2015-07-27,216.84059143066406
2015-07-28,217.89747619628906
2015-07-29,214.8238983154297
2015-07-30,215.71902465820312
2015-07-31,216.08567810058594
2015-08-03,216.21510314941406
2015-08-04,213.0984344482422
2015-08-05,213.04452514648438
2015-08-06,211.14646911621094
2015-08-07,212.31117248535156
2015-08-10,208.9788055419922
2015-08-11,208.35333251953125
2015-08-12,203.37094116210938
2015-08-13,201.31118774414062
2015-08-14,208.55824279785156
2015-08-17,205.05332946777344
2015-08-18,203.6298065185547
2015-08-19,205.89450073242188
2015-08-20,197.63369750976562
2015-08-21,195.83270263671875
2015-08-24,178.92288208007812
2015-08-25,182.9346160888672
2015-08-26,184.06700134277344
2015-08-27,187.4640655517578
2015-08-28,188.1650390625
2015-08-31,184.606201171875
2015-09-01,181.14447021484375
2015-09-02,183.23658752441406
2015-09-03,184.16407775878906
2015-09-04,180.29248046875
2015-09-07,179.71014404296875
2015-09-08,183.03173828125
2015-09-09,188.5209197998047
2015-09-10,187.0003662109375
2015-09-11,185.69541931152344
2015-09-14,186.32093811035156
2015-09-15,187.0003662109375
2015-09-16,188.19741821289062
2015-09-18,193.12582397460938
2015-09-21,189.3944549560547
2015-09-22,182.88072204589844
2015-09-23,183.4091796875
2015-09-24,180.60525512695312
2015-09-28,179.9365997314453
2015-09-29,181.33860778808594
2015-09-30,185.98663330078125
2015-10-01,186.50424194335938
2015-10-05,191.52976989746094
2015-10-06,193.6974334716797
2015-10-07,197.09449768066406
2015-10-08,191.76702880859375
2015-10-09,191.38958740234375
2015-10-12,192.33859252929688
2015-10-13,192.73760986328125
2015-10-14,194.7542724609375
2015-10-15,194.91604614257812
2015-10-16,197.31016540527344
2015-10-19,207.81410217285156
2015-10-20,206.3474578857422
2015-10-21,205.98077392578125
2015-10-23,206.12098693847656
2015-10-26,203.3601837158203
2015-10-27,202.64840698242188
2015-10-28,202.0876007080078
2015-10-29,202.96116638183594
2015-10-30,204.40626525878906
2015-11-02,207.0160675048828
2015-11-03,208.61216735839844
2015-11-04,205.18272399902344
2015-11-05,202.01214599609375
2015-11-06,205.41998291015625
2015-11-09,207.32879638671875
2015-11-10,199.02490234375
2015-11-13,201.24644470214844
2015-11-16,201.5160675048828
2015-11-17,200.10328674316406
2015-11-18,196.7062530517578
2015-11-19,201.6131134033203
2015-11-20,204.22291564941406
2015-11-23,205.71116638183594
2015-11-24,208.71998596191406
2015-11-26,213.23863220214844
2015-11-27,211.1680145263672
2015-11-30,208.59059143066406
2015-12-01,208.33175659179688
2015-12-02,210.93080139160156
2015-12-03,210.76902770996094
2015-12-04,208.2346954345703
2015-12-07,205.34449768066406
2015-12-08,202.9395751953125
2015-12-09,197.54742431640625
2015-12-10,204.97784423828125
2015-12-11,205.5386199951172
2015-12-14,206.00234985351562
2015-12-15,210.4886474609375
2015-12-16,211.08175659179688
2015-12-17,217.77883911132812
2015-12-18,213.93960571289062
2015-12-21,213.98272705078125
2015-12-22,212.94744873046875
2015-12-23,216.5063018798828
2015-12-24,215.8052978515625
2015-12-28,217.92982482910156
2015-12-29,219.0082550048828
2015-12-30,216.65725708007812
2015-12-31,218.83570861816406
2016-01-01,218.9974822998047
2016-01-04,214.67294311523438
2016-01-05,216.7974395751953
2016-01-06,222.6317901611328
2016-01-07,218.54452514648438
2016-01-08,221.24061584472656
2016-01-11,226.8161163330078
2016-01-12,225.48963928222656
2016-01-13,232.26219177246094
2016-01-14,228.98377990722656
2016-01-15,231.4965057373047
2016-01-18,219.3209686279297
2016-01-19,225.0906219482422
2016-01-20,216.66806030273438
2016-01-21,212.27882385253906
2016-01-22,216.58177185058594
2016-01-25,216.5386505126953
2016-01-27,215.54647827148438
2016-01-28,219.33177185058594
2016-01-29,223.3219757080078
2016-02-01,222.22198486328125
2016-02-02,215.93470764160156
2016-02-03,211.67491149902344
2016-02-04,209.87393188476562
2016-02-05,209.41018676757812
2016-02-08,207.2856903076172
2016-02-09,206.51998901367188
2016-02-10,207.63075256347656
2016-02-11,199.4131317138672
2016-02-12,195.53073120117188
2016-02-15,204.20132446289062
2016-02-16,200.70726013183594
2016-02-17,205.46311950683594
2016-02-18,202.76707458496094
2016-02-19,203.6837158203125
2016-02-22,207.55526733398438
2016-02-23,204.8268585205078
2016-02-24,205.47390747070312
2016-02-25,203.6298065185547
2016-02-26,204.97784423828125
2016-02-29,208.49351501464844
2016-03-01,211.6533203125
2016-03-02,216.01019287109375
2016-03-03,218.458251953125
2016-03-04,217.06707763671875
2016-03-08,221.5102081298828
2016-03-09,224.68080139160156
2016-03-10,218.22097778320312
2016-03-11,218.81411743164062
2016-03-14,219.94650268554688
2016-03-15,220.10824584960938
2016-03-16,220.37786865234375
2016-03-17,221.60496520996094
2016-03-18,224.04786682128906
2016-03-21,226.25082397460938
2016-03-22,228.55194091796875
2016-03-23,224.4840850830078
2016-03-28,222.5646514892578
2016-03-29,226.02178955078125
2016-03-30,228.37742614746094
2016-03-31,227.97393798828125
2016-04-01,225.6291961669922
2016-04-04,225.76007080078125
2016-04-05,223.9933319091797
2016-04-06,225.47650146484375
2016-04-07,226.2399139404297
2016-04-08,226.04360961914062
2016-04-11,226.9051513671875
2016-04-12,228.45376586914062
2016-04-13,232.52163696289062
2016-04-18,232.2380828857422
2016-04-20,226.25082397460938
2016-04-21,227.09056091308594
2016-04-22,226.6107177734375
2016-04-25,221.80126953125
2016-04-26,221.81216430664062
2016-04-27,222.3465576171875
2016-04-28,217.39537048339844
2016-04-29,214.34173583984375
2016-05-02,215.26870727539062
2016-05-03,212.8367462158203
2016-05-04,213.33839416503906
2016-05-05,212.71678161621094
2016-05-06,211.3426513671875
2016-05-09,214.42897033691406
2016-05-10,214.30902099609375
2016-05-11,212.74951171875
2016-05-12,216.544677734375
2016-05-13,213.3493194580078
2016-05-16,212.86947631835938
2016-05-17,211.38626098632812
2016-05-18,211.691650390625
2016-05-19,207.47109985351562
2016-05-20,203.76315307617188
2016-05-23,202.84706115722656
2016-05-24,205.1263885498047
2016-05-25,207.47109985351562
2016-05-26,206.5222930908203
2016-05-27,212.59678649902344
2016-05-30,211.28814697265625
2016-05-31,208.9215850830078
2016-06-01,207.9945831298828
2016-06-02,208.5725555419922
2016-06-03,209.31419372558594
2016-06-06,208.25633239746094
2016-06-07,208.3108673095703
2016-06-08,208.10365295410156
2016-06-09,211.82249450683594
2016-06-10,213.0330352783203
2016-06-13,213.9927520751953
2016-06-14,212.93487548828125
2016-06-15,214.75613403320312
2016-06-16,212.94578552246094
2016-06-17,212.6404266357422
2016-06-20,215.9775848388672
2016-06-21,215.3014373779297
2016-06-22,213.86187744140625
2016-06-23,213.85098266601562
2016-06-24,207.52561950683594
2016-06-27,208.44171142578125
2016-06-28,208.91064453125
2016-06-29,210.8955078125
2016-06-30,211.38626098632812
2016-07-01,212.3241729736328
2016-07-04,215.2141876220703
2016-07-05,216.61013793945312
2016-07-07,215.47592163085938
2016-07-08,213.40383911132812
2016-07-11,216.479248046875
2016-07-12,218.85671997070312
2016-07-13,220.0236358642578
2016-07-14,219.1838836669922
2016-07-15,220.77613830566406
2016-07-18,219.4783477783203
2016-07-19,221.99757385253906
2016-07-20,223.1317596435547
2016-07-21,219.50015258789062
2016-07-22,221.3541259765625
2016-07-25,223.07723999023438
2016-07-26,223.36077880859375
2016-07-27,220.97244262695312
2016-07-28,223.8624725341797
2016-07-29,221.3650360107422
2016-08-01,220.18722534179688
2016-08-02,220.9070281982422
2016-08-03,216.79554748535156
2016-08-04,216.5883331298828
2016-08-05,221.65951538085938
2016-08-08,224.4949951171875
2016-08-09,224.81126403808594
2016-08-10,218.9112548828125
2016-08-11,221.1905517578125
2016-08-12,225.92361450195312
2016-08-16,223.5461883544922
2016-08-17,221.0160675048828
2016-08-18,222.05210876464844
2016-08-19,221.3650360107422
2016-08-22,220.69976806640625
2016-08-23,220.3944549560547
2016-08-24,222.58648681640625
2016-08-25,220.88519287109375
2016-08-26,224.2005157470703
2016-08-29,230.6458282470703
2016-08-30,232.59799194335938
2016-08-31,231.20204162597656
2016-09-01,224.4840850830078
2016-09-02,221.02694702148438
2016-09-06,222.4556121826172
2016-09-07,221.96487426757812
2016-09-08,225.40016174316406
2016-09-09,227.8321533203125
2016-09-12,228.25747680664062
2016-09-14,227.87574768066406
2016-09-15,232.29261779785156
2016-09-16,234.59373474121094
2016-09-19,236.0878143310547
2016-09-20,234.2992401123047
2016-09-21,233.87393188476562
2016-09-22,237.51644897460938
2016-09-23,240.53736877441406
2016-09-26,241.49705505371094
2016-09-27,242.21682739257812
2016-09-28,237.88726806640625
2016-09-29,233.91754150390625
2016-09-30,236.371337890625
2016-10-03,237.89816284179688
2016-10-04,239.13050842285156
2016-10-05,237.61460876464844
2016-10-06,242.28228759765625
2016-10-07,241.88966369628906
2016-10-10,239.13050842285156
2016-10-13,230.58038330078125
2016-10-14,235.0517578125
2016-10-17,231.34381103515625
2016-10-18,235.8042449951172
2016-10-19,237.16746520996094
2016-10-20,237.21112060546875
2016-10-21,232.11810302734375
2016-10-24,231.9217987060547
2016-10-25,231.38742065429688
2016-10-26,229.9042510986328
2016-10-27,228.73733520507812
2016-10-28,230.1005401611328
2016-11-01,229.23899841308594
2016-11-02,223.2953643798828
2016-11-03,223.3389892578125
2016-11-04,219.32568359375
2016-11-07,218.36595153808594
2016-11-08,218.87850952148438
2016-11-09,219.11843872070312
2016-11-10,220.38352966308594
2016-11-11,218.49681091308594
2016-11-15,214.93063354492188
2016-11-16,215.1814727783203
2016-11-17,213.26206970214844
2016-11-18,215.38868713378906
2016-11-21,216.2611541748047
2016-11-22,218.431396484375
2016-11-23,220.07815551757812
2016-11-24,215.35597229003906
2016-11-25,216.74099731445312
2016-11-28,215.2032928466797
2016-11-29,217.61346435546875
2016-11-30,215.94488525390625
2016-12-01,217.62435913085938
2016-12-02,216.9700164794922
2016-12-05,216.77369689941406
2016-12-06,219.2493438720703
2016-12-07,217.92971801757812
2016-12-08,222.48834228515625
2016-12-09,224.4295654296875
2016-12-12,224.04786682128906
2016-12-13,226.7960968017578
2016-12-14,231.09295654296875
2016-12-15,229.664306640625
2016-12-16,230.58038330078125
2016-12-19,231.7582244873047
2016-12-20,230.74400329589844
2016-12-21,231.91087341308594
2016-12-22,229.75155639648438
2016-12-23,230.61309814453125
2016-12-26,228.4646759033203
2016-12-27,232.2271728515625
2016-12-28,228.95541381835938
2016-12-29,232.39076232910156
2016-12-30,236.0878143310547
2017-01-02,236.67669677734375
2017-01-03,237.61460876464844
2017-01-04,232.76156616210938
2017-01-05,234.99722290039062
2017-01-06,234.4628448486328
2017-01-09,235.06265258789062
2017-01-10,237.7127685546875
2017-01-11,236.8839111328125
2017-01-12,236.28411865234375
2017-01-13,237.8327178955078
2017-01-16,234.7463836669922
2017-01-17,227.1123809814453
2017-01-18,225.2147674560547
2017-01-19,225.46559143066406
2017-01-20,223.7424774169922
2017-01-23,221.58316040039062
2017-01-24,224.06971740722656
2017-01-25,221.88851928710938
2017-01-27,223.5897979736328
2017-01-30,227.88668823242188
2017-01-31,227.97393798828125
2017-02-01,228.9445343017578
2017-02-02,227.60313415527344
2017-02-03,225.4547119140625
2017-02-06,227.19960021972656
2017-02-07,224.85487365722656
2017-02-08,223.6007080078125
2017-02-09,225.25836181640625
2017-02-10,224.6912841796875
2017-02-13,224.62586975097656
2017-02-14,228.9772491455078
2017-02-15,229.30441284179688
2017-02-16,232.83787536621094
2017-02-17,234.58279418945312
2017-02-20,234.56100463867188
2017-02-21,237.35287475585938
2017-02-22,263.37396240234375
2017-02-23,257.97564697265625
2017-02-27,270.2228088378906
2017-02-28,270.0374450683594
2017-03-01,269.26312255859375
2017-03-02,269.7538757324219
2017-03-03,274.5087890625
2017-03-06,284.716552734375
2017-03-07,284.62933349609375
2017-03-08,281.6302490234375
2017-03-09,280.6595764160156
2017-03-10,279.5472412109375
2017-03-14,281.2594299316406
2017-03-15,284.62933349609375
2017-03-16,283.0370788574219
2017-03-17,283.70233154296875
2017-03-20,279.3618469238281
2017-03-21,275.6539001464844
2017-03-22,274.7596435546875
2017-03-23,277.7259521484375
2017-03-24,280.6595764160156
2017-03-27,272.8838195800781
2017-03-28,271.7169189453125
2017-03-29,274.0943908691406
2017-03-30,277.1479797363281
2017-03-31,288.1082763671875
2017-04-03,299.8319396972656
2017-04-05,308.6329345703125
2017-04-06,313.75860595703125
2017-04-07,306.8006896972656
2017-04-10,301.2933349609375
2017-04-11,299.330322265625
2017-04-12,295.3278503417969
2017-04-13,297.6835021972656
2017-04-17,303.5835266113281
2017-04-18,298.8613586425781
2017-04-19,298.5559387207031
2017-04-20,298.7195739746094
2017-04-21,305.9064636230469
2017-04-24,309.1563415527344
2017-04-25,312.5153503417969
2017-04-26,308.9491882324219
2017-04-27,307.4332580566406
2017-04-28,304.3142395019531
2017-05-02,298.93768310546875
2017-05-03,298.8395080566406
2017-05-04,296.1894226074219
2017-05-05,289.71136474609375
2017-05-08,288.2173156738281
2017-05-09,290.1694641113281
2017-05-10,296.4402770996094
2017-05-11,296.5384521484375
2017-05-12,294.5535583496094
2017-05-15,293.1685485839844
2017-05-16,295.8295593261719
2017-05-17,295.1315612792969
2017-05-18,289.5151062011719
2017-05-19,287.6611328125
2017-05-22,288.817138671875
2017-05-23,284.76019287109375
2017-05-24,283.0479736328125
2017-05-25,284.0840759277344
2017-05-26,291.6853332519531
2017-05-29,295.96044921875
2017-05-30,296.4947814941406
2017-05-31,292.42694091796875
2017-06-01,289.71136474609375
2017-06-02,288.9479675292969
2017-06-05,289.95135498046875
2017-06-06,286.3415222167969
2017-06-07,292.05615234375
2017-06-08,290.4638671875
2017-06-09,291.33636474609375
2017-06-12,287.7919616699219
2017-06-13,286.6795654296875
2017-06-14,296.0912780761719
2017-06-15,301.86041259765625
2017-06-16,302.9183044433594
2017-06-19,307.37872314453125
2017-06-20,308.0549011230469
2017-06-21,310.1596984863281
2017-06-22,312.4826965332031
2017-06-23,313.18060302734375
2017-06-27,313.4640808105469
2017-06-28,305.03399658203125
2017-06-29,303.7689208984375
2017-06-30,300.99884033203125
2017-07-03,301.2278747558594
2017-07-04,310.1488037109375
2017-07-05,314.66375732421875
2017-07-06,314.6419677734375
2017-07-07,325.2423400878906
2017-07-10,325.6131896972656
2017-07-11,325.94036865234375
2017-07-12,329.5938415527344
2017-07-13,334.6322021484375
2017-07-14,337.1933898925781
2017-07-17,341.1507263183594
2017-07-18,334.14849853515625
2017-07-19,337.0175476074219
2017-07-20,336.127197265625
2017-07-21,348.460693359375
2017-07-24,355.1111755371094
2017-07-25,352.2310791015625
2017-07-26,356.7600402832031
2017-07-27,350.6152648925781
2017-07-28,350.5382995605469
2017-07-31,355.10015869140625
2017-08-01,352.5498352050781
2017-08-02,358.1780700683594
2017-08-03,362.77288818359375
2017-08-04,356.62811279296875
2017-08-07,355.3529968261719
2017-08-08,352.31903076171875
2017-08-09,351.4945983886719
2017-08-10,348.3177795410156
2017-08-11,339.94158935546875
2017-08-14,345.83349609375
2017-08-16,344.3055419921875
2017-08-17,344.525390625
2017-08-18,346.35015869140625
2017-08-21,343.93182373046875
2017-08-22,342.9754638671875
2017-08-23,347.8121337890625
2017-08-24,344.7342834472656
2017-08-28,344.4044494628906
2017-08-29,336.8416748046875
2017-08-30,343.8658752441406
2017-08-31,350.5492858886719
2017-09-01,353.97894287109375
2017-09-04,354.6933898925781
2017-09-05,358.92547607421875
2017-09-06,361.7395324707031
2017-09-07,359.7169189453125
2017-09-08,359.18939208984375
2017-09-11,359.62908935546875
2017-09-12,362.2012939453125
2017-09-13,373.30364990234375
2017-09-14,371.0391845703125
2017-09-15,370.1377868652344
2017-09-18,371.7866516113281
2017-09-19,368.73077392578125
2017-09-20,372.4902038574219
2017-09-21,369.9399719238281
2017-09-22,359.4092102050781
2017-09-25,361.23394775390625
2017-09-26,360.5964050292969
2017-09-27,351.3846740722656
2017-09-28,345.800537109375
2017-09-29,343.3602294921875
2017-10-03,351.032958984375
2017-10-04,360.0467529296875
2017-10-05,362.377197265625
2017-10-06,368.04925537109375
2017-10-09,365.2351989746094
2017-10-10,370.7533874511719
2017-10-11,369.41229248046875
2017-10-12,383.7464904785156
2017-10-13,385.3733215332031
2017-10-16,385.52728271484375
2017-10-17,384.4499816894531
2017-10-18,402.10382080078125
2017-10-19,400.08123779296875
2017-10-23,413.2062072753906
2017-10-24,410.78790283203125
2017-10-25,413.2721862792969
2017-10-26,416.5699768066406
2017-10-27,408.853271484375
2017-10-30,414.4153747558594
2017-10-31,413.68994140625
2017-11-01,418.8343505859375
2017-11-02,416.2181701660156
2017-11-03,415.64654541015625
2017-11-06,410.0184020996094
2017-11-07,398.6742248535156
2017-11-08,390.3638916015625
2017-11-09,395.9481506347656
2017-11-10,388.6271057128906
2017-11-13,384.845703125
2017-11-14,389.8802490234375
2017-11-15,388.5611877441406
2017-11-16,397.4210510253906
2017-11-17,400.9606628417969
2017-11-20,404.8959655761719
2017-11-21,410.0404357910156
2017-11-22,409.2489929199219
2017-11-23,416.39404296875
2017-11-24,418.1968688964844
2017-11-27,418.3067321777344
2017-11-28,414.7891845703125
2017-11-29,415.954345703125
2017-11-30,405.2037353515625
2017-12-01,400.169189453125
2017-12-04,396.4317626953125
2017-12-05,401.75213623046875
2017-12-06,407.4461975097656
2017-12-07,409.6007080078125
2017-12-08,404.9618835449219
2017-12-11,402.8293762207031
2017-12-12,402.5875244140625
2017-12-13,402.1698303222656
2017-12-14,405.18170166015625
2017-12-15,404.4122619628906
2017-12-18,404.9618835449219
2017-12-19,407.1383972167969
2017-12-20,403.7087097167969
2017-12-21,401.4223327636719
2017-12-22,404.69805908203125
2017-12-26,408.8312072753906
2017-12-27,406.1710205078125
2017-12-28,406.368896484375
2017-12-29,404.9838562011719
2018-01-01,400.0152893066406
2018-01-02,400.6308898925781
2018-01-03,402.2357482910156
2018-01-04,404.65411376953125
2018-01-05,405.95123291015625
2018-01-08,408.2816162109375
2018-01-09,413.73388671875
2018-01-10,414.3494873046875
2018-01-11,412.3268737792969
2018-01-12,417.2734069824219
2018-01-15,417.3393859863281
2018-01-16,405.81927490234375
2018-01-17,406.5008544921875
2018-01-18,404.39031982421875
2018-01-19,409.49078369140625
2018-01-22,427.1666259765625
2018-01-23,432.33306884765625
2018-01-24,424.9022216796875
2018-01-25,424.704345703125
2018-01-29,424.0887451171875
2018-01-30,417.8890075683594
2018-01-31,422.6817626953125
2018-02-01,415.009033203125
2018-02-02,397.64093017578125
2018-02-05,396.6735534667969
2018-02-06,392.2546691894531
2018-02-07,393.2658996582031
2018-02-08,397.7288513183594
2018-02-09,394.782958984375
2018-02-12,402.5434875488281
2018-02-14,410.5240173339844
2018-02-15,411.4034729003906
2018-02-16,405.09381103515625
2018-02-19,407.6000671386719
2018-02-20,405.005859375
2018-02-21,408.6333923339844
2018-02-22,406.4349060058594
2018-02-23,410.78790283203125
2018-02-26,412.7445373535156
2018-02-27,417.9329833984375
2018-02-28,419.7137756347656
2018-03-01,417.0096435546875
2018-03-05,406.324951171875
2018-03-06,400.49896240234375
2018-03-07,391.2213439941406
2018-03-08,400.7627868652344
2018-03-09,401.48828125
2018-03-12,409.0511169433594
2018-03-13,409.73260498046875
2018-03-14,408.50146484375
2018-03-15,400.91668701171875
2018-03-16,395.750244140625
2018-03-19,393.7496337890625
2018-03-20,391.2432861328125
2018-03-21,394.3651428222656
2018-03-22,399.3117980957031
2018-03-23,393.0461120605469
2018-03-26,396.2119445800781
2018-03-27,395.6402893066406
2018-03-28,388.1214599609375
2018-04-02,392.62835693359375
2018-04-03,395.5303039550781
2018-04-04,393.48577880859375
2018-04-05,399.333740234375
2018-04-06,400.56488037109375
2018-04-09,402.7633972167969
2018-04-10,403.22509765625
2018-04-11,409.2929382324219
2018-04-12,408.3475646972656
2018-04-13,412.8105163574219
2018-04-16,412.0190124511719
2018-04-17,415.1848449707031
2018-04-18,412.436767578125
2018-04-19,414.32745361328125
2018-04-20,407.9957580566406
2018-04-23,411.557373046875
2018-04-24,426.52911376953125
2018-04-25,426.72698974609375
2018-04-26,428.8594970703125
2018-04-27,438.0711669921875
2018-04-30,423.5611267089844
2018-05-02,427.6943359375
2018-05-03,422.81365966796875
2018-05-04,419.449951171875
2018-05-07,426.9468078613281
2018-05-08,425.2319641113281
2018-05-09,429.4530944824219
2018-05-10,431.4096984863281
2018-05-11,434.9712829589844
2018-05-14,433.80609130859375
2018-05-15,430.4423828125
2018-05-16,420.417236328125
2018-05-17,415.6685791015625
2018-05-18,410.61199951171875
2018-05-21,409.5127258300781
2018-05-22,407.4901428222656
2018-05-23,401.114501953125
2018-05-24,402.69744873046875
2018-05-25,404.8739013671875
2018-05-28,404.69805908203125
2018-05-29,403.4009704589844
2018-05-30,402.8073425292969
2018-05-31,405.1158447265625
2018-06-01,409.1610412597656
2018-06-04,413.68994140625
2018-06-05,416.6798095703125
2018-06-06,419.6477966308594
2018-06-07,427.1006774902344
2018-06-08,432.8167724609375
2018-06-11,432.06927490234375
2018-06-12,438.4449157714844
2018-06-13,440.79730224609375
2018-06-14,443.19366455078125
2018-06-15,445.9418029785156
2018-06-18,446.53533935546875
2018-06-19,437.9612731933594
2018-06-20,448.1622009277344
2018-06-21,453.7464294433594
2018-06-22,445.19427490234375
2018-06-25,441.6546936035156
2018-06-26,430.4423828125
2018-06-27,427.5212707519531
2018-06-28,418.2701416015625
2018-06-29,430.442626953125
2018-07-02,425.1973571777344
2018-07-03,429.93359375
2018-07-04,438.25518798828125
2018-07-05,426.9236755371094
2018-07-06,432.7001037597656
2018-07-09,441.3536071777344
2018-07-10,454.0130920410156
2018-07-11,459.81158447265625
2018-07-12,479.0884704589844
2018-07-13,486.81256103515625
2018-07-16,476.3662414550781
2018-07-17,483.5148620605469
2018-07-18,483.6033935546875
2018-07-19,489.0478210449219
2018-07-20,499.5826110839844
2018-07-23,495.88653564453125
2018-07-24,491.7479248046875
2018-07-25,493.60693359375
2018-07-26,491.6150817871094
2018-07-27,500.1137390136719
2018-07-30,509.6525573730469
2018-07-31,524.9678344726562
2018-08-01,527.7786254882812
2018-08-02,517.1553344726562
2018-08-03,520.9619750976562
2018-08-06,527.8892822265625
2018-08-07,524.1712036132812
2018-08-08,538.9993286132812
2018-08-09,539.110107421875
2018-08-10,533.0237426757812
2018-08-13,525.7203369140625
2018-08-14,535.8568115234375
2018-08-16,531.518798828125
2018-08-17,532.8246459960938
2018-08-20,546.6127319335938
2018-08-21,552.0571899414062
2018-08-23,561.9058837890625
2018-08-24,565.4691162109375
2018-08-27,571.6659545898438
2018-08-28,583.838623046875
2018-08-29,572.8612060546875
2018-08-30,564.119140625
2018-08-31,549.6005249023438
2018-09-03,544.067626953125
2018-09-04,549.7333984375
2018-09-05,543.1159057617188
2018-09-06,558.3425903320312
2018-09-07,565.9560546875
2018-09-10,555.8860473632812
2018-09-11,547.8521728515625
2018-09-12,554.4031982421875
2018-09-14,554.69091796875
2018-09-17,542.6290283203125
2018-09-18,538.7559204101562
2018-09-19,535.923095703125
2018-09-21,538.910888671875
2018-09-24,545.351318359375
2018-09-25,544.7094116210938
2018-09-26,553.9163208007812
2018-09-27,554.95654296875
2018-09-28,556.8156127929688
2018-10-01,545.1962890625
2018-10-03,533.422119140625
2018-10-04,496.7497253417969
2018-10-05,464.2601013183594
2018-10-08,491.06182861328125
2018-10-09,482.496826171875
2018-10-10,487.8305358886719
2018-10-11,481.5008544921875
2018-10-12,498.65301513671875
2018-10-15,504.4958801269531
2018-10-16,515.1412963867188
2018-10-17,509.6082763671875
2018-10-19,487.4764099121094
2018-10-22,470.3685302734375
2018-10-23,466.84954833984375
2018-10-24,462.887939453125
2018-10-25,456.2704772949219
2018-10-26,462.5117492675781
2018-10-29,481.5008544921875
2018-10-30,467.86767578125
2018-10-31,469.74884033203125
2018-11-01,467.5356140136719
2018-11-02,475.790771484375
2018-11-05,482.60748291015625
2018-11-06,488.7158203125
2018-11-07,491.6372375488281
2018-11-09,484.00177001953125
2018-11-12,478.0482177734375
2018-11-13,486.6575927734375
2018-11-14,485.9936218261719
2018-11-15,485.5067138671875
2018-11-16,499.029296875
2018-11-19,509.03289794921875
2018-11-20,503.45562744140625
2018-11-21,492.6110534667969
2018-11-22,488.1625061035156
2018-11-26,491.21673583984375
2018-11-27,499.3833923339844
2018-11-28,510.2059326171875
2018-11-29,517.2217407226562
2018-11-30,516.8011474609375
2018-12-03,511.8879089355469
2018-12-04,510.0509338378906
2018-12-05,511.3124084472656
2018-12-06,497.3694152832031
2018-12-07,501.86212158203125
2018-12-10,482.5853271484375
2018-12-11,485.8165588378906
2018-12-12,491.5487060546875
2018-12-13,490.0216064453125
2018-12-14,492.3011779785156
2018-12-17,500.13592529296875
2018-12-18,503.0130310058594
2018-12-19,503.1900634765625
2018-12-20,499.49407958984375
2018-12-21,486.9895324707031
2018-12-24,482.0984191894531
2018-12-26,486.17071533203125
2018-12-27,495.8422546386719
2018-12-28,498.2104187011719
2018-12-31,496.30706787109375
2019-01-01,496.19635009765625
2019-01-02,489.73394775390625
2019-01-03,483.6919250488281
2019-01-04,486.30340576171875
2019-01-07,489.0035095214844
2019-01-08,488.9592590332031
2019-01-09,491.6593322753906
2019-01-10,490.2208251953125
2019-01-11,486.0378723144531
2019-01-14,485.4846496582031
2019-01-15,500.0252380371094
2019-01-16,502.7917175292969
2019-01-17,502.14996337890625
2019-01-18,524.237548828125
2019-01-21,547.8521728515625
2019-01-22,546.7234497070312
2019-01-23,542.8060913085938
2019-01-24,552.16796875
2019-01-25,551.5260620117188
2019-01-28,544.2447509765625
2019-01-29,535.8787841796875
2019-01-30,529.2614135742188
2019-01-31,543.182373046875
2019-02-01,553.2744140625
2019-02-04,571.4004516601562
2019-02-05,571.6881713867188
2019-02-06,579.965576171875
2019-02-07,571.1790771484375
2019-02-08,565.5576782226562
2019-02-11,554.735107421875
2019-02-12,556.1295166015625
2019-02-14,541.8765258789062
2019-02-15,550.8399047851562
2019-02-18,540.061767578125
2019-02-19,538.2911987304688
2019-02-20,546.3693237304688
2019-02-21,551.9244384765625
2019-02-22,545.484130859375
2019-02-25,545.4618530273438
2019-02-26,540.128173828125
2019-02-27,541.5667114257812
2019-02-28,544.9086303710938
2019-03-01,542.6953735351562
2019-03-05,547.830078125
2019-03-06,559.8475952148438
2019-03-07,562.260009765625
2019-03-08,560.8657836914062
2019-03-11,577.2432861328125
2019-03-12,589.3050537109375
2019-03-13,596.365234375
2019-03-14,593.820068359375
2019-03-15,585.0115966796875
2019-03-18,597.5824584960938
2019-03-19,609.3123779296875
2019-03-20,608.8255004882812
2019-03-22,593.9086303710938
2019-03-25,586.2509155273438
2019-03-26,605.1958618164062
2019-03-27,597.2283935546875
2019-03-28,601.9866943359375
2019-04-01,616.084716796875
2019-04-02,615.1329956054688
2019-04-03,608.71484375
2019-04-04,598.910400390625
2019-04-05,599.28662109375
2019-04-08,588.3756103515625
2019-04-09,590.6773071289062
2019-04-10,589.3272705078125
2019-04-11,596.1439208984375
2019-04-12,594.506103515625
2019-04-15,593.2005004882812
2019-04-16,594.7938842773438
2019-04-18,613.4732055664062
2019-04-22,595.5020751953125
2019-04-23,603.69091796875
2019-04-24,615.0444946289062
2019-04-25,607.4752807617188
2019-04-26,616.5051879882812
2019-04-30,616.5051879882812
2019-05-02,621.9274291992188
2019-05-03,623.6095581054688
2019-05-06,613.00830078125
2019-05-07,594.6832275390625
2019-05-08,575.18505859375
2019-05-09,556.1515502929688
2019-05-10,553.8056640625
2019-05-13,545.351318359375
2019-05-14,557.9221801757812
2019-05-15,556.350830078125
2019-05-16,560.091064453125
2019-05-17,560.9985961914062
2019-05-20,586.892822265625
2019-05-21,593.0454711914062
2019-05-22,593.3109741210938
2019-05-23,590.4339599609375
2019-05-24,591.7395629882812
2019-05-27,580.142578125
2019-05-28,585.9411010742188
2019-05-29,581.2048950195312
2019-05-30,588.5969848632812
2019-05-31,588.7739868164062
2019-06-03,602.0752563476562
2019-06-04,598.2907104492188
2019-06-06,587.53466796875
2019-06-07,582.0237426757812
2019-06-10,583.9049682617188
2019-06-11,588.331298828125
2019-06-12,589.6593017578125
2019-06-13,587.490234375
2019-06-14,583.19677734375
2019-06-17,567.5938110351562
2019-06-18,567.0184326171875
2019-06-19,565.40283203125
2019-06-20,573.9899291992188
2019-06-21,566.3543701171875
2019-06-24,558.7853393554688
2019-06-25,573.5914916992188
2019-06-26,572.8390502929688
2019-06-27,563.986328125
2019-06-28,554.6688232421875
2019-07-01,561.640380859375
2019-07-02,565.9116821289062
2019-07-03,567.7045288085938
2019-07-04,568.34619140625
2019-07-05,559.205810546875
2019-07-08,554.2039794921875
2019-07-09,566.6199340820312
2019-07-10,566.0667114257812
2019-07-11,567.2617797851562
2019-07-12,566.7969970703125
2019-07-15,564.8494873046875
2019-07-16,572.3299560546875
2019-07-17,567.3946533203125
2019-07-18,558.5418090820312
2019-07-19,552.85400390625
2019-07-22,566.7969970703125
2019-07-23,563.7207641601562
2019-07-24,557.3246459960938
2019-07-25,545.1077880859375
2019-07-26,537.2731323242188
2019-07-29,536.0115356445312
2019-07-30,522.7103881835938
2019-07-31,516.2257690429688
2019-08-01,522.4227294921875
2019-08-02,527.38427734375
2019-08-05,509.1272277832031
2019-08-06,502.42547607421875
2019-08-07,494.0093994140625
2019-08-08,513.1348876953125
2019-08-09,517.4765014648438
2019-08-13,567.6387939453125
2019-08-14,573.650390625
2019-08-16,569.0859985351562
2019-08-19,575.5872802734375
2019-08-20,568.1732788085938
2019-08-21,565.9467163085938
2019-08-22,555.170654296875
2019-08-23,568.128662109375
2019-08-26,564.0987548828125
2019-08-27,567.683349609375
2019-08-28,562.540283203125
2019-08-29,552.944091796875
2019-08-30,555.97216796875
2019-09-03,537.2030029296875
2019-09-04,534.865234375
2019-09-05,533.729736328125
2019-09-06,544.3721923828125
2019-09-09,544.2385864257812
2019-09-11,549.6712036132812
2019-09-12,538.9619140625
2019-09-13,545.7526245117188
2019-09-16,539.1400146484375
2019-09-17,533.217529296875
2019-09-18,536.8912963867188
2019-09-19,525.024169921875
2019-09-20,558.5547485351562
2019-09-23,551.8086547851562
2019-09-24,569.3975830078125
2019-09-25,569.7762451171875
2019-09-26,577.4574584960938
2019-09-27,582.9124755859375
2019-09-30,593.2432250976562
2019-10-01,581.064453125
2019-10-03,583.8030395507812
2019-10-04,582.4893798828125
2019-10-07,583.3800048828125
2019-10-09,589.9035034179688
2019-10-10,606.8247680664062
2019-10-11,602.3051147460938
2019-10-14,604.7095336914062
2019-10-15,607.4482421875
2019-10-16,611.0996704101562
2019-10-17,621.8533935546875
2019-10-18,630.6924438476562
2019-10-22,629.7129516601562
2019-10-23,620.0276489257812
2019-10-24,639.642822265625
2019-10-25,637.30517578125
2019-10-27,638.663330078125
2019-10-29,653.2689208984375
2019-10-30,658.6346435546875
2019-10-31,652.0665893554688
2019-11-01,648.7491455078125
2019-11-04,649.0831298828125
2019-11-05,644.474365234375
2019-11-06,638.9526977539062
2019-11-07,649.5062866210938
2019-11-08,643.6727905273438
2019-11-11,635.7911376953125
2019-11-13,655.6067504882812
2019-11-14,651.3541259765625
2019-11-15,654.9610595703125
2019-11-18,649.7733154296875
2019-11-19,672.282958984375
2019-11-20,689.15966796875
2019-11-21,684.6843872070312
2019-11-22,688.6475219726562
2019-11-25,695.3492431640625
2019-11-26,694.7703857421875
2019-11-27,699.045166015625
2019-11-28,703.6984252929688
2019-11-29,690.7180786132812
2019-12-02,706.4593505859375
2019-12-03,703.0750732421875
2019-12-04,691.4083862304688
2019-12-05,690.5845947265625
2019-12-06,692.3880004882812
2019-12-09,700.269775390625
2019-12-10,695.52734375
2019-12-11,695.727783203125
2019-12-12,698.3104248046875
2019-12-13,704.8562622070312
2019-12-16,697.5980224609375
2019-12-17,695.8612670898438
2019-12-18,701.7169799804688
2019-12-19,716.9014892578125
2019-12-20,712.070068359375
2019-12-23,699.7354125976562
2019-12-24,688.6253662109375
2019-12-26,674.798828125
2019-12-27,686.7996215820312
2019-12-30,687.6233520507812
2019-12-31,674.19775390625
2020-01-01,672.2162475585938
2020-01-02,683.6602172851562
2020-01-03,684.484130859375
2020-01-06,668.6093139648438
2020-01-07,678.8956909179688
2020-01-08,673.7969970703125
2020-01-09,689.3154907226562
2020-01-10,689.15966796875
2020-01-13,687.4007568359375
2020-01-14,681.0330810546875
2020-01-15,678.5616455078125
2020-01-16,684.8179931640625
2020-01-17,704.0101928710938
2020-01-20,682.3466796875
2020-01-21,683.0368041992188
2020-01-22,682.7918701171875
2020-01-23,679.8975830078125
2020-01-24,677.5375366210938
2020-01-27,670.8580932617188
2020-01-28,655.3617553710938
2020-01-29,658.9686279296875
2020-01-30,642.8936157226562
2020-01-31,628.5995483398438
2020-02-03,616.9552612304688
2020-02-04,635.1677856445312
2020-02-05,645.0086669921875
2020-02-06,649.14990234375
2020-02-07,638.3961181640625
2020-02-10,639.264404296875
2020-02-11,646.9013061523438
2020-02-12,654.7161254882812
2020-02-13,656.4304809570312
2020-02-14,662.4197998046875
2020-02-17,658.256103515625
2020-02-18,653.4246826171875
2020-02-19,669.633544921875
2020-02-20,661.6849975585938
2020-02-24,643.4278564453125
2020-02-25,630.7147827148438
2020-02-26,619.849609375
2020-02-27,617.2891845703125
2020-02-28,591.64013671875
2020-03-02,586.0740356445312
2020-03-03,597.96337890625
2020-03-04,596.5606689453125
2020-03-05,583.84765625
2020-03-06,565.968994140625
2020-03-09,496.12457275390625
2020-03-11,513.6691284179688
2020-03-12,473.3478088378906
2020-03-13,492.1836853027344
2020-03-16,452.285400390625
2020-03-17,448.85662841796875
2020-03-18,431.26751708984375
2020-03-19,408.6465148925781
2020-03-20,453.28729248046875
2020-03-23,393.662353515625
2020-03-24,420.090576171875
2020-03-25,481.9197082519531
2020-03-26,474.772705078125
2020-03-27,474.5055236816406
2020-03-30,458.8534240722656
2020-03-31,495.94647216796875
2020-04-01,481.1181945800781
2020-04-03,479.78228759765625
2020-04-07,537.0693359375
2020-04-08,530.8575439453125
2020-04-09,543.2367553710938
2020-04-13,529.521728515625
2020-04-15,512.0216674804688
2020-04-16,520.1258544921875
2020-04-17,545.0401611328125
2020-04-20,553.8569946289062
2020-04-21,550.98486328125
2020-04-22,607.2031860351562
2020-04-23,610.4539184570312
2020-04-24,630.9820556640625
2020-04-27,636.659423828125
2020-04-28,635.9469604492188
2020-04-29,635.4126586914062
2020-04-30,652.8013916015625
2020-05-04,639.0862426757812
2020-05-05,650.4190063476562
2020-05-06,650.4637451171875
2020-05-07,671.0361328125
2020-05-08,695.4605712890625
2020-05-11,702.1400146484375
2020-05-12,658.7015380859375
2020-05-13,672.6768798828125
2020-05-14,645.4812622070312
2020-05-15,656.0225219726562
2020-05-18,647.6389770507812
2020-05-19,633.3219604492188
2020-05-20,644.469970703125
2020-05-21,647.86376953125
2020-05-22,643.5034790039062
2020-05-26,640.132080078125
2020-05-27,649.7967529296875
2020-05-28,661.7987670898438
2020-05-29,658.27001953125
2020-06-01,683.4203491210938
2020-06-02,690.3204345703125
2020-06-03,692.9951171875
2020-06-04,710.14404296875
2020-06-05,710.9981689453125
2020-06-08,705.5140380859375
2020-06-09,690.9722900390625
2020-06-10,706.705322265625
2020-06-11,691.219482421875
2020-06-12,714.1897583007812
2020-06-15,725.7647705078125
2020-06-16,727.1807861328125
2020-06-17,726.124267578125
2020-06-18,744.3521728515625
2020-06-19,790.8770751953125
2020-06-22,784.9210205078125
2020-06-23,773.5706787109375
2020-06-24,776.6947631835938
2020-06-25,772.2221069335938
2020-06-26,782.8980712890625
2020-06-29,774.5820922851562
2020-06-30,766.0188598632812
2020-07-01,781.0775756835938
2020-07-02,794.524169921875
2020-07-03,806.958740234375
2020-07-06,835.7996215820312
2020-07-07,823.00390625
2020-07-08,811.5172119140625
2020-07-09,823.3650512695312
2020-07-10,847.6474609375
2020-07-13,873.3515014648438
2020-07-14,865.227294921875
2020-07-15,832.2791137695312
2020-07-16,832.00830078125
2020-07-17,862.835205078125
2020-07-20,866.5361328125
2020-07-21,889.8480834960938
2020-07-22,904.4943237304688
2020-07-23,928.7764892578125
2020-07-24,968.6528930664062
2020-07-27,973.1888427734375
2020-07-28,982.8927001953125
2020-07-29,946.311279296875
2020-07-30,951.817626953125
2020-07-31,932.97412109375
2020-08-03,906.7509765625
2020-08-04,970.6612548828125
2020-08-05,959.7614135742188
2020-08-06,963.214111328125
2020-08-07,968.7882690429688
2020-08-10,956.782470703125
2020-08-11,963.0787353515625
2020-08-12,960.2803344726562
2020-08-13,957.7754516601562
2020-08-14,954.0519409179688
2020-08-17,943.919189453125
2020-08-18,956.1957397460938
2020-08-19,962.0632934570312
2020-08-20,946.4918212890625
2020-08-21,939.6314697265625
2020-08-24,945.9051513671875
2020-08-25,939.7442626953125
2020-08-26,964.6583251953125
2020-08-27,952.6076049804688
2020-08-28,955.112548828125
2020-08-31,939.1124267578125
2020-09-01,942.068603515625
2020-09-02,960.5512084960938
2020-09-03,953.2846069335938
2020-09-04,937.55517578125
2020-09-07,939.9924926757812
2020-09-08,951.02783203125
2020-09-09,975.5133056640625
2020-09-10,1044.4111328125
2020-09-11,1047.0062255859375
2020-09-14,1039.2430419921875
2020-09-15,1046.60009765625
2020-09-16,1049.1727294921875
2020-09-17,1037.5281982421875
2020-09-18,1040.664794921875
2020-09-21,1018.1654052734375
2020-09-22,997.9902954101562
2020-09-23,1006.8590698242188
2020-09-24,984.472412109375
2020-09-25,993.7250366210938
2020-09-28,1000.2921752929688
2020-09-29,1013.2908325195312
2020-09-30,1008.4613647460938
2020-10-01,1004.3541259765625
2020-10-05,998.464111328125
2020-10-06,997.629150390625
2020-10-07,1018.9100952148438
2020-10-08,1010.6729736328125
2020-10-09,1008.05517578125
2020-10-12,1009.6799926757812
2020-10-13,1029.38134765625
2020-10-14,1032.4505615234375
2020-10-15,995.8914794921875
2020-10-16,982.03515625
2020-10-19,982.2157592773438
2020-10-20,973.053466796875
2020-10-21,958.9263916015625
2020-10-22,950.9601440429688
2020-10-23,953.71337890625
2020-10-26,915.8230590820312
2020-10-27,918.26025390625
2020-10-28,907.8568115234375
2020-10-29,914.8300170898438
2020-10-30,927.287109375
2020-11-02,847.3765869140625
2020-11-03,835.167724609375
2020-11-04,863.5120849609375
2020-11-05,882.37841796875
2020-11-06,915.8455200195312
2020-11-09,925.5721435546875
2020-11-10,940.8500366210938
2020-11-11,901.425048828125
2020-11-12,893.6619873046875
2020-11-13,901.0640258789062
2020-11-14,903.7269287109375
2020-11-17,899.642333984375
2020-11-18,896.9115600585938
2020-11-19,890.5702514648438
2020-11-20,857.3286743164062
2020-11-23,880.4375610351562
2020-11-24,886.4629516601562
2020-11-25,879.1286010742188
2020-11-26,881.2951049804688
2020-11-27,871.0044555664062
2020-12-01,882.333251953125
2020-12-02,883.800048828125
2020-12-03,886.4629516601562
2020-12-04,878.65478515625
2020-12-07,883.8226318359375
2020-12-08,899.867919921875
2020-12-09,914.8525390625
2020-12-10,905.8482055664062
2020-12-11,905.3067016601562
2020-12-14,898.7621459960938
2020-12-15,891.11181640625
2020-12-16,892.1047973632812
2020-12-17,896.1895141601562
2020-12-18,898.875
2020-12-21,875.4727172851562
2020-12-22,874.1187744140625
2020-12-23,877.3458862304688
2020-12-24,900.0484619140625
2020-12-28,904.1782836914062
2020-12-29,898.197998046875
2020-12-30,900.65771484375
2020-12-31,896.0540771484375
2021-01-01,897.047119140625
2021-01-04,898.5590209960938
2021-01-05,887.3883666992188
2021-01-06,863.986083984375
2021-01-07,862.5869140625
2021-01-08,872.7646484375
2021-01-11,856.3131713867188
2021-01-12,883.3036499023438
2021-01-13,875.0665893554688
2021-01-14,884.9059448242188
2021-01-15,874.4573364257812
2021-01-18,895.4447631835938
2021-01-19,910.0908813476562
2021-01-20,927.3773803710938
2021-01-21,947.5524291992188
2021-01-22,925.0755004882812
2021-01-25,876.0595703125
2021-01-27,855.2976684570312
2021-01-28,846.9702758789062
2021-01-29,831.3538818359375
2021-02-01,855.43310546875
2021-02-02,869.1990966796875
2021-02-03,871.3881225585938
2021-02-04,868.5220336914062
2021-02-05,868.2738647460938
2021-02-08,880.7760620117188
2021-02-09,882.8974609375
2021-02-10,891.0892944335938
2021-02-11,927.8287353515625
2021-02-12,921.4647827148438
2021-02-15,917.4026489257812
2021-02-16,929.5438842773438
2021-02-17,940.2633056640625
2021-02-18,933.244873046875
2021-02-19,938.9317626953125
2021-02-22,906.3447265625
2021-02-23,913.2728881835938
2021-02-24,930.2208251953125
2021-02-25,967.8403930664062
2021-02-26,941.4142456054688
2021-03-01,948.5906372070312
2021-03-02,950.5313720703125
2021-03-03,993.9056396484375
2021-03-04,982.0577392578125
2021-03-05,983.3440551757812
2021-03-08,988.9407958984375
2021-03-09,988.9180908203125
2021-03-10,984.8109130859375
2021-03-12,964.7938842773438
2021-03-15,951.8402709960938
2021-03-16,948.0941772460938
2021-03-17,927.6707763671875
2021-03-18,906.7960815429688
2021-03-19,939.6990356445312
2021-03-22,930.8527221679688
2021-03-23,942.1815185546875
2021-03-24,924.0374755859375
2021-03-25,898.8297729492188
2021-03-26,900.274169921875
2021-03-30,915.9132690429688
2021-03-31,904.0880126953125
2021-04-01,912.5507202148438
2021-04-05,899.348876953125
2021-04-06,895.6027221679688
2021-04-07,903.9752197265625
2021-04-08,905.1035766601562
2021-04-09,894.5872192382812
2021-04-12,862.5869140625
2021-04-13,871.9071655273438
2021-04-15,877.5490112304688
2021-04-16,872.0425415039062
2021-04-19,858.3216552734375
2021-04-20,858.0734252929688
2021-04-22,860.4429931640625
2021-04-23,859.5177612304688
2021-04-26,874.6377563476562
2021-04-27,897.5661010742188
2021-04-28,901.4701538085938
2021-04-29,913.5437622070312
2021-04-30,900.2064208984375
2021-05-03,884.2063598632812
2021-05-04,865.046630859375
2021-05-05,866.6264038085938
2021-05-06,871.5460815429688
2021-05-07,871.8846435546875
2021-05-10,869.3795776367188
2021-05-11,872.5164794921875
2021-05-12,863.4896240234375
2021-05-14,874.3896484375
2021-05-17,884.7930297851562
2021-05-18,897.2501220703125
2021-05-19,901.357421875
2021-05-20,896.0992431640625
2021-05-21,903.8397827148438
2021-05-24,896.2119750976562
2021-05-25,886.0567626953125
2021-05-26,889.1710815429688
2021-05-27,891.9017333984375
2021-05-28,945.476318359375
2021-05-31,975.0393676757812
2021-06-01,978.9209594726562
2021-06-02,993.52197265625
2021-06-03,997.3131713867188
2021-06-04,988.6700439453125
2021-06-07,1005.3245849609375
2021-06-08,999.54736328125
2021-06-09,981.6741333007812
2021-06-10,985.2849731445312
2021-06-11,1002.375244140625
2021-06-14,1016.7554321289062
2021-06-15,1019.0652465820312
2021-06-16,1001.6732177734375
2021-06-17,1003.507568359375
2021-06-18,1008.0366821289062
2021-06-21,1013.2905883789062
2021-06-22,1008.08203125
2021-06-23,998.8425903320312
2021-06-24,975.3587036132812
2021-06-25,953.1431274414062
2021-06-28,944.7867431640625
2021-06-29,945.60205078125
2021-06-30,955.9511108398438
2021-07-01,950.1991577148438
2021-07-02,964.284912109375
2021-07-05,973.8641357421875
2021-07-06,962.3599853515625
2021-07-07,955.679443359375
2021-07-08,947.7760620117188
2021-07-09,938.0836181640625
2021-07-12,943.92626953125
2021-07-13,950.9918212890625
2021-07-14,944.7867431640625
2021-07-15,943.1336669921875
2021-07-16,956.7437744140625
2021-07-19,950.6520385742188
2021-07-20,948.3195190429688
2021-07-22,960.5029907226562
2021-07-23,953.7092895507812
2021-07-26,940.6426391601562
2021-07-27,930.746337890625
2021-07-28,922.7522583007812
2021-07-29,929.9536743164062
2021-07-30,921.8238525390625
2021-08-02,938.67236328125
2021-08-03,945.579345703125
2021-08-04,952.8260498046875
2021-08-05,966.6400756835938
2021-08-06,946.1681518554688
2021-08-09,940.7784423828125
2021-08-10,945.7152709960938
2021-08-11,958.9630737304688
2021-08-12,955.8832397460938
2021-08-13,971.8032836914062
2021-08-16,984.4169921875
2021-08-17,980.2275390625
2021-08-18,984.0321044921875
2021-08-20,972.9808959960938
2021-08-23,979.3670654296875
2021-08-24,989.0369262695312
2021-08-25,997.5970458984375
2021-08-26,1010.210693359375
2021-08-27,1008.829345703125
2021-08-30,1028.23681640625
2021-08-31,1022.756591796875
2021-09-01,1026.810302734375
2021-09-02,1039.1749267578125
2021-09-03,1081.79443359375
2021-09-06,1098.5977783203125
2021-09-07,1105.52734375
2021-09-08,1101.2021484375
2021-09-09,1098.5977783203125
2021-09-13,1074.1175537109375
2021-09-14,1072.7135009765625
2021-09-15,1077.1748046875
2021-09-16,1099.775146484375
2021-09-17,1082.7227783203125
2021-09-20,1084.444091796875
2021-09-21,1089.1317138671875
2021-09-22,1100.81689453125
2021-09-23,1127.7203369140625
2021-09-24,1124.459228515625
2021-09-27,1143.3685302734375
2021-09-28,1154.057373046875
2021-09-29,1144.9088134765625
2021-09-30,1141.0135498046875
2021-10-01,1143.0289306640625
2021-10-04,1157.7261962890625
2021-10-05,1181.75341796875
2021-10-06,1159.402099609375
2021-10-07,1165.0860595703125
2021-10-08,1209.85693359375
2021-10-11,1201.4327392578125
2021-10-12,1208.29443359375
2021-10-13,1220.591064453125
2021-10-14,1223.0594482421875
2021-10-18,1226.3206787109375
2021-10-19,1237.3037109375
2021-10-20,1223.0594482421875
2021-10-21,1187.7772216796875
2021-10-22,1189.9964599609375
2021-10-25,1178.4017333984375
2021-10-26,1205.237060546875
2021-10-27,1189.9964599609375
2021-10-28,1176.95263671875
2021-10-29,1148.7130126953125
2021-11-01,1149.4150390625
2021-11-02,1132.6571044921875
2021-11-03,1124.8670654296875
2021-11-04,1131.77392578125
2021-11-08,1133.1781005859375
2021-11-09,1142.1231689453125
2021-11-10,1154.8955078125
2021-11-11,1157.00146484375
2021-11-12,1174.46142578125
2021-11-15,1167.5318603515625
2021-11-16,1140.4022216796875
2021-11-17,1115.9898681640625
2021-11-18,1120.2017822265625
2021-11-22,1070.5848388671875
2021-11-23,1080.59423828125
2021-11-24,1064.9912109375
2021-11-25,1129.1016845703125
2021-11-26,1092.709716796875
2021-11-29,1105.7991943359375
2021-11-30,1089.4486083984375
2021-12-01,1117.3485107421875
2021-12-02,1124.52734375
2021-12-03,1090.7396240234375
2021-12-06,1070.0638427734375
2021-12-07,1078.7825927734375
2021-12-08,1095.200927734375
2021-12-09,1112.5703125
2021-12-10,1113.702392578125
2021-12-13,1091.37353515625
2021-12-14,1078.012451171875
2021-12-15,1074.86474609375
2021-12-16,1088.769287109375
2021-12-17,1060.0316162109375
2021-12-20,1031.45263671875
2021-12-21,1046.806396484375
2021-12-22,1071.64892578125
2021-12-23,1071.26416015625
2021-12-24,1074.6837158203125
2021-12-27,1073.5286865234375
2021-12-28,1086.2783203125
2021-12-29,1088.1353759765625
2021-12-30,1068.478759765625
2021-12-31,1072.5775146484375
2022-01-03,1088.74658203125
2022-01-04,1113.3175048828125
2022-01-05,1118.5260009765625
2022-01-06,1094.4761962890625
2022-01-07,1103.3079833984375
2022-01-10,1104.2139892578125
2022-01-11,1112.1627197265625
2022-01-12,1141.851318359375
2022-01-13,1148.2828369140625
2022-01-14,1149.9586181640625
2022-01-17,1155.959716796875
2022-01-18,1142.1685791015625
2022-01-19,1142.077880859375
2022-01-20,1122.0814208984375
2022-01-21,1122.2626953125
2022-01-24,1076.9935302734375
2022-01-25,1074.887451171875
2022-01-27,1058.96728515625
2022-01-28,1057.9482421875
2022-01-31,1080.933837890625
2022-02-01,1077.3558349609375
2022-02-02,1079.552490234375
2022-02-03,1065.6025390625
2022-02-04,1055.887451171875
2022-02-07,1049.4560546875
2022-02-08,1067.0972900390625
2022-02-09,1079.52978515625
2022-02-10,1078.420166015625
2022-02-11,1076.3143310546875
2022-02-14,1059.1710205078125
2022-02-15,1095.1329345703125
2022-02-16,1092.8682861328125
2022-02-17,1106.704833984375
2022-02-18,1098.05419921875
2022-02-21,1086.957763671875
2022-02-22,1082.0208740234375
2022-02-23,1075.249755859375
2022-02-24,1021.6695556640625
2022-02-25,1034.44189453125
2022-02-28,1068.682373046875
2022-03-02,1086.3463134765625
2022-03-03,1077.1748046875
2022-03-04,1053.283447265625
2022-03-07,1014.3323974609375
2022-03-08,1012.4979248046875
2022-03-09,1066.2139892578125
2022-03-10,1083.4927978515625
2022-03-11,1086.617919921875
2022-03-14,1095.5404052734375
2022-03-15,1070.4488525390625
2022-03-16,1088.520263671875
2022-03-17,1124.006591796875
2022-03-21,1117.52978515625
2022-03-22,1146.4033203125
2022-03-23,1150.049072265625
2022-03-24,1167.916748046875
2022-03-25,1175.7069091796875
2022-03-28,1187.5281982421875
2022-03-29,1187.7999267578125
2022-03-30,1210.626953125
2022-03-31,1193.325439453125
2022-04-01,1202.8819580078125
2022-04-04,1206.4375
2022-04-05,1189.3851318359375
2022-04-06,1186.21484375
2022-04-07,1165.2900390625
2022-04-08,1184.6748046875
2022-04-11,1182.2064208984375
2022-04-12,1159.9454345703125
2022-04-13,1155.68798828125
2022-04-18,1152.1552734375
2022-04-19,1196.0655517578125
2022-04-20,1231.234619140625
2022-04-21,1260.06298828125
2022-04-22,1249.5098876953125
2022-04-25,1220.61376953125
2022-04-26,1257.1416015625
2022-04-27,1258.364501953125
2022-04-28,1277.16064453125
2022-04-29,1263.7542724609375
2022-05-02,1259.315673828125
2022-05-04,1220.0023193359375
2022-05-05,1196.1109619140625
2022-05-06,1186.9393310546875
2022-05-09,1140.583251953125
2022-05-10,1120.813232421875
2022-05-11,1109.3319091796875
2022-05-12,1086.7313232421875
2022-05-13,1099.0506591796875
2022-05-16,1099.3223876953125
2022-05-17,1145.497314453125
2022-05-18,1149.664306640625
2022-05-19,1123.16845703125
2022-05-20,1188.660400390625
2022-05-23,1180.7117919921875
2022-05-24,1184.7652587890625
2022-05-25,1183.0216064453125
2022-05-26,1171.7440185546875
2022-05-27,1166.3089599609375
2022-05-30,1206.935791015625
2022-05-31,1192.3743896484375
2022-06-01,1192.75927734375
2022-06-02,1233.88427734375
2022-06-03,1258.8853759765625
2022-06-06,1253.47314453125
2022-06-07,1255.828125
2022-06-08,1233.7711181640625
2022-06-09,1267.60400390625
2022-06-10,1229.33251953125
2022-06-13,1206.0751953125
2022-06-14,1190.3134765625
2022-06-15,1175.910888671875
2022-06-16,1159.469970703125
2022-06-17,1173.057373046875
2022-06-20,1151.7928466796875
2022-06-21,1170.38525390625
2022-06-22,1134.8311767578125
2022-06-23,1116.4200439453125
2022-06-24,1132.3175048828125
2022-06-27,1128.9658203125
2022-06-28,1144.840576171875
2022-06-29,1168.59619140625
2022-06-30,1175.6165771484375
2022-07-01,1090.943359375
2022-07-04,1093.2080078125
2022-07-05,1102.0625
2022-07-06,1092.369873046875
2022-07-07,1081.61328125
2022-07-08,1083.1080322265625
2022-07-11,1097.8277587890625
2022-07-12,1096.26513671875
2022-07-13,1076.8349609375
2022-07-14,1085.712158203125
2022-07-15,1087.8182373046875
2022-07-18,1097.08056640625
2022-07-19,1103.806396484375
2022-07-20,1133.6534423828125
2022-07-21,1126.08984375
2022-07-22,1133.698974609375
2022-07-25,1096.242431640625
2022-07-26,1096.7408447265625
2022-07-27,1095.6990966796875
2022-07-28,1112.86474609375
2022-07-29,1136.57470703125
2022-08-01,1166.19580078125
2022-08-02,1170.6341552734375
2022-08-03,1180.4625244140625
2022-08-04,1164.859619140625
2022-08-05,1147.6939697265625
2022-08-08,1162.708251953125
2022-08-10,1169.6605224609375
2022-08-11,1173.5555419921875
2022-08-12,1192.53271484375
2022-08-16,1200.8211669921875
2022-08-17,1207.09423828125
2022-08-18,1209.2833251953125
2022-08-19,1187.72216796875
2022-08-22,1184.427734375
2022-08-23,1202.694580078125
2022-08-24,1199.490966796875
2022-08-25,1195.9921875
2022-08-26,1189.60791015625
2022-08-29,1180.3609619140625
2022-08-30,1198.673095703125
2022-09-01,1163.4346923828125
2022-09-02,1149.8482666015625
2022-09-05,1167.7060546875
2022-09-06,1179.9974365234375
2022-09-07,1173.1361083984375
2022-09-08,1174.7945556640625
2022-09-09,1167.4788818359375
2022-09-12,1180.542724609375
2022-09-13,1190.403076171875
2022-09-14,1176.135009765625
2022-09-15,1164.479736328125
2022-09-16,1135.6256103515625
2022-09-19,1137.1025390625
2022-09-20,1137.2841796875
2022-09-21,1140.419677734375
2022-09-22,1129.673095703125
2022-09-23,1108.498291015625
2022-09-26,1080.2574462890625
2022-09-27,1088.8455810546875
2022-09-28,1059.8551025390625
2022-09-29,1056.6064453125
2022-09-30,1080.4393310546875
2022-10-03,1076.6905517578125
2022-10-04,1096.5474853515625
2022-10-06,1100.5919189453125
2022-10-07,1105.2493896484375
2022-10-10,1093.1851806640625
2022-10-11,1071.4195556640625
2022-10-12,1079.3033447265625
2022-10-13,1082.7340087890625
2022-10-14,1077.2357177734375
2022-10-17,1094.5255126953125
2022-10-18,1113.8372802734375
2022-10-19,1133.2174072265625
2022-10-20,1136.261962890625
2022-10-21,1123.084228515625
2022-10-24,1126.8331298828125
2022-10-25,1109.4296875
2022-10-27,1113.7919921875
2022-10-28,1147.87158203125
2022-10-31,1158.52734375
2022-11-01,1149.5528564453125
2022-11-02,1156.732421875
2022-11-03,1161.0491943359375
2022-11-04,1178.1343994140625
2022-11-07,1184.427734375
2022-11-09,1183.2464599609375
2022-11-10,1168.9329833984375
2022-11-11,1195.8785400390625
2022-11-14,1190.0850830078125
2022-11-15,1184.745849609375
2022-11-16,1177.95263671875
2022-11-17,1180.9971923828125
2022-11-18,1180.3609619140625
2022-11-21,1159.117919921875
2022-11-22,1165.547607421875
2022-11-23,1161.9124755859375
2022-11-24,1171.9320068359375
2022-11-25,1189.4261474609375
2022-11-28,1230.2989501953125
2022-11-29,1232.4119873046875
2022-11-30,1241.1136474609375
2022-12-01,1237.4556884765625
2022-12-02,1236.9332275390625
2022-12-05,1218.8936767578125
2022-12-06,1222.415283203125
2022-12-07,1204.375732421875
2022-12-08,1203.8077392578125
2022-12-09,1185.563720703125
2022-12-12,1187.3812255859375
2022-12-13,1192.7886962890625
2022-12-14,1188.4720458984375
2022-12-15,1171.5911865234375
2022-12-16,1165.797607421875
2022-12-19,1181.110595703125
2022-12-20,1191.334716796875
2022-12-21,1174.3856201171875
2022-12-22,1171.3411865234375
2022-12-23,1136.989013671875
2022-12-26,1146.91748046875
2022-12-27,1156.30078125
2022-12-28,1156.1871337890625
2022-12-29,1155.66455078125
2022-12-30,1157.4365234375
2023-01-02,1170.4779052734375
2023-01-03,1161.9124755859375
2023-01-04,1144.418212890625
2023-01-05,1142.37353515625
2023-01-06,1152.75634765625
2023-01-09,1179.9747314453125
2023-01-10,1162.52587890625
2023-01-11,1147.87158203125
2023-01-12,1123.084228515625
2023-01-13,1121.266845703125
2023-01-16,1110.5885009765625
2023-01-17,1126.35595703125
2023-01-18,1124.492919921875
2023-01-19,1123.288818359375
2023-01-20,1109.9295654296875
2023-01-23,1104.3177490234375
2023-01-24,1097.7972412109375
2023-01-25,1082.620361328125
2023-01-27,1062.0816650390625
2023-01-30,1072.2601318359375
2023-01-31,1069.579345703125
2023-02-01,1063.240478515625
2023-02-02,1057.3560791015625
2023-02-03,1058.2874755859375
2023-02-06,1050.3128662109375
2023-02-07,1047.791015625
2023-02-08,1068.7159423828125
2023-02-09,1070.5789794921875
2023-02-10,1061.7635498046875
2023-02-13,1055.7203369140625
2023-02-14,1080.598388671875
2023-02-15,1105.0675048828125
2023-02-16,1104.2041015625
2023-02-17,1108.81640625
2023-02-20,1097.093017578125
2023-02-21,1106.044677734375
2023-02-22,1080.9617919921875
2023-02-23,1075.78173828125
2023-02-24,1083.1429443359375
2023-02-27,1075.9407958984375
2023-02-28,1055.356689453125
2023-03-01,1065.0579833984375
2023-03-02,1056.947021484375
2023-03-03,1083.9154052734375
2023-03-06,1094.5028076171875
2023-03-08,1098.433349609375
2023-03-09,1072.032958984375
2023-03-10,1055.4246826171875
2023-03-13,1038.06689453125
2023-03-14,1034.1820068359375
2023-03-15,1016.5057983398438
2023-03-16,1011.4393310546875
2023-03-17,1010.1670532226562
2023-03-20,1000.238525390625
2023-03-21,1031.341796875
2023-03-22,1034.4771728515625
2023-03-23,1021.3905639648438
2023-03-24,1001.1699829101562
2023-03-27,1016.7329711914062
2023-03-28,1021.4815673828125
2023-03-29,1015.4380493164062
2023-03-31,1059.2191162109375
2023-04-03,1059.4007568359375
2023-04-05,1056.856201171875
2023-04-06,1063.94482421875
2023-04-10,1056.4017333984375
2023-04-11,1061.6273193359375
2023-04-12,1066.3076171875
2023-04-13,1070.3289794921875
2023-04-17,1075.7589111328125
2023-04-18,1063.44482421875
2023-04-19,1068.738525390625
2023-04-20,1066.034912109375
2023-04-21,1067.3753662109375
2023-04-24,1071.465087890625
2023-04-25,1079.6668701171875
2023-04-26,1073.328125
2023-04-27,1080.1212158203125
2023-04-28,1099.8646240234375
2023-05-02,1109.20263671875
2023-05-03,1099.682861328125
2023-05-04,1112.3604736328125
2023-05-05,1109.5205078125
2023-05-08,1123.2208251953125
2023-05-09,1126.6968994140625
2023-05-10,1134.4442138671875
2023-05-11,1127.03759765625
2023-05-12,1128.8778076171875
2023-05-15,1131.1043701171875
2023-05-16,1114.9962158203125
2023-05-17,1108.4073486328125
2023-05-18,1106.0218505859375
2023-05-19,1109.6114501953125
2023-05-22,1115.5413818359375
2023-05-23,1115.3370361328125
2023-05-24,1108.8389892578125
2023-05-25,1108.70263671875
2023-05-26,1138.94287109375
2023-05-29,1145.3497314453125
2023-05-30,1145.0543212890625
2023-05-31,1122.3118896484375
2023-06-01,1119.2901611328125
2023-06-02,1115.6322021484375
2023-06-05,1125.6517333984375
2023-06-06,1126.6058349609375
2023-06-07,1135.1485595703125
2023-06-08,1135.830078125
2023-06-09,1127.7874755859375
2023-06-12,1128.787109375
2023-06-13,1145.463134765625
2023-06-14,1159.549560546875
2023-06-15,1159.867919921875
2023-06-16,1171.159423828125
2023-06-19,1159.52685546875
2023-06-20,1161.9351806640625
2023-06-21,1165.206787109375
2023-06-22,1152.1201171875
2023-06-23,1142.6915283203125
2023-06-26,1133.96728515625
2023-06-27,1134.3760986328125
2023-06-28,1149.3939208984375
2023-06-30,1158.8226318359375
2023-07-03,1188.5628662109375
2023-07-04,1176.31689453125
2023-07-05,1174.3856201171875
2023-07-06,1199.0367431640625
2023-07-07,1196.6966552734375
2023-07-10,1242.7947998046875
2023-07-11,1256.2677001953125
2023-07-12,1257.653564453125
2023-07-13,1246.4073486328125
2023-07-14,1245.3623046875
2023-07-17,1270.8084716796875
2023-07-18,1281.6002197265625
2023-07-19,1291.3243408203125
2023-07-20,1289.760498046875
2023-07-21,1249.834716796875
2023-07-24,1224.554931640625
2023-07-25,1223.767333984375
2023-07-26,1243.65625
2023-07-27,1232.087158203125
2023-07-28,1244.468505859375
2023-07-31,1255.0037841796875
2023-08-01,1237.25634765625
2023-08-02,1224.0380859375
2023-08-03,1218.8934326171875
2023-08-04,1235.45947265625
2023-08-07,1242.49951171875
2023-08-08,1235.016357421875
2023-08-09,1243.1639404296875
2023-08-10,1248.702392578125
2023-08-11,1253.9698486328125
2023-08-14,1268.788330078125
2023-08-16,1267.7545166015625
2023-08-17,1249.4654541015625
2023-08-18,1258.7208251953125
2023-08-21,1244.986328125
2023-08-22,1244.68994140625
2023-08-23,1246.0733642578125
2023-08-24,1225.1258544921875
2023-08-25,1219.4691162109375
2023-08-28,1207.315673828125
2023-08-29,1195.755126953125
2023-08-30,1194.6187744140625
2023-08-31,1189.1595458984375
2023-09-01,1191.950927734375
2023-09-04,1190.987548828125
2023-09-05,1197.36083984375
2023-09-06,1199.8802490234375
2023-09-07,1201.5107421875
2023-09-08,1209.51416015625
2023-09-11,1222.5570068359375
2023-09-12,1204.8948974609375
2023-09-13,1210.9222412109375
2023-09-14,1212.0338134765625
2023-09-15,1214.28173828125
2023-09-18,1203.7091064453125
2023-09-20,1176.8826904296875
2023-09-21,1168.31103515625
2023-09-22,1163.4447021484375
2023-09-25,1156.281005859375
2023-09-26,1157.2938232421875
2023-09-27,1170.336669921875
2023-09-28,1153.14404296875
2023-09-29,1158.529052734375
2023-10-03,1145.263916015625
2023-10-04,1143.287841796875
2023-10-05,1143.26318359375
2023-10-06,1145.1898193359375
2023-10-09,1135.4326171875
2023-10-10,1140.447021484375
2023-10-11,1158.5537109375
2023-10-12,1160.70263671875
2023-10-13,1160.6534423828125
2023-10-16,1158.0596923828125
2023-10-17,1163.5928955078125
2023-10-18,1148.154052734375
2023-10-19,1139.33544921875
2023-10-20,1135.8524169921875
2023-10-23,1118.1162109375
2023-10-25,1115.5225830078125
2023-10-26,1099.9849853515625
2023-10-27,1119.40087890625
2023-10-30,1142.47265625
2023-10-31,1130.3192138671875
2023-11-01,1135.0126953125
2023-11-02,1146.2767333984375
2023-11-03,1146.0296630859375
2023-11-06,1155.564697265625
2023-11-07,1148.0552978515625
2023-11-08,1154.033203125
2023-11-09,1141.50927734375
2023-11-10,1143.6583251953125
2023-11-13,1143.5101318359375
2023-11-15,1164.185791015625
2023-11-16,1166.285400390625
2023-11-17,1163.7410888671875
2023-11-20,1160.6781005859375
2023-11-21,1175.2769775390625
2023-11-22,1179.87158203125
2023-11-23,1183.47802734375
2023-11-24,1182.6875
2023-11-28,1182.9345703125
2023-11-29,1186.047119140625
2023-11-30,1174.5606689453125
2023-12-01,1182.8853759765625
2023-12-04,1195.6810302734375
2023-12-05,1204.3514404296875
2023-12-06,1215.887451171875
2023-12-07,1213.886474609375
2023-12-08,1213.244140625
2023-12-11,1215.0228271484375
2023-12-12,1197.5830078125
2023-12-13,1202.4739990234375
2023-12-14,1217.39404296875
2023-12-15,1232.9317626953125
2023-12-18,1245.4803466796875
2023-12-19,1263.8094482421875
2023-12-20,1248.518798828125
2023-12-21,1266.0079345703125
2023-12-22,1267.2430419921875
2023-12-26,1273.6656494140625
2023-12-27,1278.01318359375
2023-12-28,1287.2518310546875
2023-12-29,1277.074462890625
2024-01-01,1279.69287109375
2024-01-02,1290.2900390625
2024-01-03,1276.2593994140625
2024-01-04,1282.8546142578125
2024-01-05,1288.3138427734375
2024-01-08,1278.26025390625
2024-01-09,1274.8759765625
2024-01-10,1309.2613525390625
2024-01-11,1343.6961669921875
2024-01-12,1354.39208984375
2024-01-15,1377.5130615234375
2024-01-16,1358.24560546875
2024-01-17,1345.35107421875
2024-01-18,1351.6500244140625
2024-01-19,1351.156005859375
2024-01-23,1312.7442626953125
2024-01-24,1327.862060546875
2024-01-25,1336.9522705078125
2024-01-29,1430.795654296875
2024-01-30,1390.8524169921875
2024-01-31,1409.6258544921875
2024-02-01,1409.650634765625
2024-02-02,1440.3306884765625
2024-02-05,1421.8782958984375
2024-02-06,1410.7869873046875
2024-02-07,1424.966064453125
2024-02-08,1432.845947265625
2024-02-09,1443.3443603515625
2024-02-12,1435.04443359375
2024-02-13,1447.6424560546875
2024-02-14,1463.7235107421875
2024-02-15,1453.076904296875
2024-02-16,1443.17138671875
2024-02-19,1456.4365234375
2024-02-20,1453.4969482421875
2024-02-21,1450.2115478515625
2024-02-22,1464.0941162109375
2024-02-23,1475.82763671875
2024-02-26,1469.6026611328125
2024-02-27,1467.94775390625
2024-02-28,1438.280517578125
2024-02-29,1443.3939208984375
2024-03-01,1474.3455810546875
2024-03-04,1489.4384765625
2024-03-05,1482.32421875
2024-03-06,1485.0909423828125
2024-03-07,1461.3028564453125
2024-03-11,1449.1246337890625
2024-03-12,1457.844482421875
2024-03-13,1415.10986328125
2024-03-14,1414.4180908203125
2024-03-15,1401.3260498046875
2024-03-18,1422.32275390625
2024-03-19,1408.267333984375
2024-03-20,1426.5469970703125
2024-03-21,1433.6856689453125
2024-03-22,1437.6875
2024-03-26,1424.3978271484375
2024-03-27,1475.061767578125
2024-03-28,1468.1451416015625
2024-04-01,1467.0831298828125
2024-04-02,1469.2320556640625
2024-04-03,1454.0650634765625
2024-04-04,1445.4935302734375
2024-04-05,1442.7020263671875
2024-04-08,1468.268798828125
2024-04-09,1446.209716796875
2024-04-10,1461.945068359375
2024-04-12,1449.6680908203125
2024-04-15,1447.3707275390625
2024-04-16,1448.2847900390625
2024-04-18,1446.876708984375
2024-04-19,1452.6075439453125
2024-04-22,1462.2166748046875
2024-04-23,1441.936279296875
2024-04-24,1432.895263671875
2024-04-25,1442.5784912109375
2024-04-26,1435.2420654296875
2024-04-29,1447.5684814453125
2024-04-30,1449.5198974609375
2024-05-02,1449.0753173828125
2024-05-03,1416.9130859375
2024-05-06,1402.610595703125
2024-05-07,1384.7755126953125
2024-05-08,1401.647216796875
2024-05-09,1377.5130615234375
2024-05-10,1390.65478515625
2024-05-13,1385.9859619140625
2024-05-14,1403.1539306640625
2024-05-15,1399.3992919921875
2024-05-16,1408.3660888671875
2024-05-17,1418.5927734375
2024-05-21,1419.0126953125
2024-05-22,1443.24560546875
2024-05-23,1468.343017578125
2024-05-24,1462.6119384765625
2024-05-27,1448.77880859375
2024-05-28,1438.8485107421875
2024-05-29,1423.607421875
2024-05-30,1407.8720703125
2024-05-31,1413.3560791015625
2024-06-03,1492.32861328125
2024-06-04,1380.625732421875
2024-06-05,1403.821044921875
2024-06-06,1414.541748046875
2024-06-07,1452.4346923828125
2024-06-10,1453.867431640625
2024-06-11,1439.3179931640625
2024-06-12,1445.888671875
2024-06-13,1447.7906494140625
2024-06-14,1459.944091796875
2024-06-18,1463.3778076171875
2024-06-19,1441.2694091796875
2024-06-20,1456.139892578125
2024-06-21,1436.8724365234375
2024-06-24,1424.2989501953125
2024-06-25,1436.8228759765625
2024-06-26,1495.9844970703125
2024-06-27,1512.3126220703125
2024-06-28,1546.7474365234375
2024-07-01,1541.5599365234375
2024-07-02,1546.525146484375
2024-07-03,1533.927001953125
2024-07-04,1535.5079345703125
2024-07-05,1569.695556640625
2024-07-08,1581.824462890625
2024-07-09,1571.3260498046875
2024-07-10,1565.3480224609375
2024-07-11,1561.815673828125
2024-07-12,1577.6990966796875
2024-07-15,1578.193115234375
2024-07-16,1557.4681396484375
2024-07-18,1567.76904296875
2024-07-19,1536.61962890625
2024-07-22,1482.7935791015625
2024-07-23,1470.1708984375
2024-07-24,1477.8779296875
2024-07-25,1474.6171875
2024-07-26,1491.044189453125
2024-07-29,1501.987060546875
2024-07-30,1495.1199951171875
2024-07-31,1487.487060546875
2024-08-01,1497.244384765625
2024-08-02,1481.4595947265625
2024-08-05,1430.079345703125
2024-08-06,1438.700439453125
2024-08-07,1447.3707275390625
2024-08-08,1431.8577880859375
2024-08-09,1456.7330322265625
2024-08-12,1443.220703125
2024-08-13,1446.18505859375
2024-08-14,1444.4312744140625
2024-08-16,1460.58642578125
2024-08-19,1475.65625
2024-08-20,1483.1416015625
2024-08-21,1485.8433837890625
2024-08-22,1485.2979736328125
2024-08-23,1487.1322021484375
2024-08-26,1499.6490478515625
2024-08-27,1487.6031494140625
2024-08-28,1485.4715576171875
2024-08-29,1507.90283203125
2024-08-30,1496.6995849609375
2024-09-02,1503.267822265625
2024-09-03,1496.203857421875
2024-09-04,1501.5823974609375
2024-09-05,1480.192138671875
2024-09-06,1452.2830810546875
2024-09-09,1449.9283447265625
2024-09-10,1449.0113525390625
2024-09-11,1439.0721435546875
2024-09-12,1467.1298828125
2024-09-13,1460.016357421875
2024-09-16,1458.752197265625
2024-09-17,1459.6942138671875
2024-09-18,1450.919921875
2024-09-19,1457.0916748046875
2024-09-20,1473.2025146484375
2024-09-23,1480.5887451171875
2024-09-24,1476.6229248046875
2024-09-25,1481.15869140625
2024-09-26,1485.12451171875
2024-09-27,1513.10791015625
2024-09-30,1463.9324951171875
2024-10-01,1452.2830810546875
2024-10-03,1394.928466796875
2024-10-04,1374.653564453125
2024-10-07,1358.9888916015625
2024-10-08,1385.3858642578125
2024-10-09,1362.8306884765625
2024-10-10,1359.31103515625
2024-10-11,1360.35205078125
2024-10-14,1360.7734375
2024-10-15,1332.5174560546875
2024-10-16,1342.4813232421875
2024-10-17,1344.811279296875
2024-10-18,1347.66162109375
2024-10-21,1357.476806640625
2024-10-22,1331.8482666015625
2024-10-23,1327.0645751953125
2024-10-24,1328.3287353515625
2024-10-25,1316.4808349609375
2024-10-28,1322.9251708984375
2024-10-29,1328.52685546875
2024-10-30,1332.3935546875
2024-10-31,1320.64501953125
2024-11-01,1327.1884765625
2024-11-04,1291.0009765625
2024-11-05,1294.1240234375
2024-11-06,1314.002197265625
2024-11-07,1294.470947265625
2024-11-08,1272.758544921875
2024-11-11,1261.802978515625
2024-11-12,1263.33984375
2024-11-13,1241.3299560546875
2024-11-14,1256.746826171875
2024-11-18,1249.9554443359375
2024-11-19,1231.0189208984375
2024-11-21,1212.528564453125
2024-11-22,1254.565673828125
2024-11-25,1275.9805908203125
2024-11-26,1284.6060791015625
2024-11-27,1282.1275634765625
2024-11-28,1259.91943359375
2024-11-29,1281.1361083984375
2024-12-02,1297.9410400390625
2024-12-03,1311.969970703125
2024-12-04,1297.74267578125
2024-12-05,1310.7305908203125
2024-12-06,1300.320556640625
2024-12-09,1284.0609130859375
2024-12-10,1273.8489990234375
2024-12-11,1267.2559814453125
2024-12-12,1252.0870361328125
2024-12-13,1261.9517822265625
2024-12-16,1257.4407958984375
2024-12-17,1234.6378173828125
2024-12-18,1242.5196533203125
2024-12-19,1219.914794921875
2024-12-20,1194.9803466796875
2024-12-23,1211.834716796875
2024-12-24,1212.2808837890625
2024-12-26,1206.1339111328125
2024-12-27,1210.595458984375
2024-12-30,1200.3338623046875
2024-12-31,1205.043212890625
2025-01-01,1210.7935791015625
2025-01-02,1231.167724609375
2025-01-03,1240.4376220703125
2025-01-06,1207.571533203125
2025-01-07,1230.2257080078125
2025-01-08,1254.664794921875
2025-01-09,1244.0068359375
2025-01-10,1231.266845703125
2025-01-13,1229.234375
2025-01-14,1228.143798828125
2025-01-15,1241.478515625
2025-01-16,1255.6065673828125
2025-01-17,1291.19921875
2025-01-20,1294.272705078125
2025-01-21,1262.7945556640625
2025-01-22,1266.16552734375
2025-01-23,1252.8306884765625
2025-01-24,1235.6292724609375
2025-01-27,1218.82421875
2025-01-28,1223.8310546875
2025-01-29,1224.921630859375
2025-01-30,1242.3214111328125
2025-01-31,1254.2681884765625
2025-02-01,1253.7724609375
2025-02-03,1235.232666015625
2025-02-04,1274.196044921875
2025-02-05,1267.2559814453125
2025-02-06,1270.577392578125
2025-02-07,1255.8544921875
2025-02-10,1242.916259765625
2025-02-11,1224.2772216796875
2025-02-12,1206.1339111328125
2025-02-13,1205.6876220703125
2025-02-14,1206.827880859375
2025-02-17,1214.4124755859375
2025-02-18,1214.908203125
2025-02-19,1216.9404296875
2025-02-20,1222.4429931640625
2025-02-21,1217.634521484375
2025-02-24,1204.151123046875
2025-02-25,1193.69140625
2025-02-27,1196.7647705078125
2025-02-28,1189.82470703125
2025-03-03,1161.2216796875
2025-03-04,1151.9517822265625
2025-03-05,1165.534423828125
2025-03-06,1199.2432861328125
2025-03-07,1239.0992431640625
2025-03-10,1227.796875
2025-03-11,1236.62060546875
2025-03-12,1246.2872314453125
2025-03-13,1237.2154541015625
2025-03-17,1228.242919921875
2025-03-18,1228.242919921875
2025-03-19,1236.471923828125
2025-03-20,1258.283447265625
2025-03-21,1265.421875
2025-03-24,1290.951416015625
2025-03-25,1274.4439697265625
2025-03-26,1262.150146484375
2025-03-27,1267.2559814453125
2025-03-28,1264.1824951171875
2025-04-01,1241.8751220703125
2025-04-02,1240.4376220703125
2025-04-03,1238.008544921875
2025-04-04,1194.38525390625
2025-04-07,1155.71923828125
2025-04-08,1172.0780029296875
2025-04-09,1175.2010498046875
2025-04-11,1208.5133056640625
2025-04-15,1229.4822998046875
2025-04-16,1228.689208984375
2025-04-17,1263.5877685546875
2025-04-21,1284.407958984375
2025-04-22,1280.1446533203125
2025-04-23,1288.869384765625
2025-04-24,1290.4556884765625
2025-04-25,1289.2659912109375
2025-04-28,1357.080322265625
2025-04-29,1387.7156982421875
2025-04-30,1392.9703369140625
2025-05-02,1407.6436767578125
2025-05-05,1419.0452880859375
2025-05-06,1408.7342529296875
2025-05-07,1393.9617919921875
2025-05-08,1394.9532470703125
2025-05-09,1365.408447265625
2025-05-12,1424.20068359375
2025-05-13,1403.5787353515625
2025-05-14,1412.2042236328125
2025-05-15,1441.7491455078125
2025-05-16,1443.9302978515625
2025-05-19,1428.4638671875
2025-05-20,1412.402587890625
2025-05-21,1416.963134765625
2025-05-22,1397.332763671875
2025-05-23,1414.5838623046875
2025-05-26,1422.5152587890625
2025-05-27,1409.9239501953125
2025-05-28,1400.802734375
2025-05-29,1405.660888671875
2025-05-30,1408.7342529296875
2025-06-02,1401.5958251953125
2025-06-03,1393.4661865234375
2025-06-04,1411.31201171875
2025-06-05,1430.0501708984375
2025-06-06,1431.1407470703125
2025-06-09,1436.3953857421875
2025-06-10,1426.1834716796875
2025-06-11,1436.4945068359375
2025-06-12,1429.257080078125
2025-06-13,1415.67431640625
2025-06-16,1425.4896240234375
2025-06-17,1418.946044921875
2025-06-18,1417.85546875
2025-06-19,1421.0281982421875
2025-06-20,1453.6463623046875
2025-06-23,1444.326904296875
2025-06-24,1438.3782958984375
2025-06-25,1454.737060546875
2025-06-26,1482.497314453125
2025-06-27,1502.4251708984375
2025-06-30,1487.7518310546875
2025-07-01,1515.3138427734375
2025-07-02,1505.7960205078125
2025-07-03,1504.8046875
2025-07-04,1514.223388671875
2025-07-07,1528.3016357421875
2025-07-08,1524.4349365234375
2025-07-09,1505.9942626953125
2025-07-10,1504.2095947265625
2025-07-11,1482.3980712890625
2025-07-14,1470.9964599609375
2025-07-15,1472.6820068359375
2025-07-16,1472.8802490234375
2025-07-17,1463.7591552734375
2025-07-18,1463.362548828125
2025-07-21,1416.3682861328125
2025-07-22,1400.70361328125
2025-07-23,1412.402587890625
2025-07-24,1390.888427734375
2025-07-25,1379.7841796875
2025-07-28,1375.71923828125
2025-07-29,1404.9666748046875
2025-07-30,1398.026611328125
2025-07-31,1378.2969970703125
2025-08-01,1381.76708984375
2025-08-04,1399.4146728515625
2025-08-05,1379.7841796875
2025-08-06,1380.874755859375
2025-08-07,1377.5040283203125
2025-08-08,1356.0888671875
2025-08-11,1374.331298828125
2025-08-12,1368.5810546875
2025-08-13,1370.7620849609375
2025-08-14,1367.4774169921875
2025-08-18,1375.3409423828125
2025-08-19,1413.564208984375
2025-08-20,1406.4969482421875
2025-08-21,1418.24267578125
2025-08-22,1402.71435546875
2025-08-25,1406.0987548828125
2025-08-26,1378.5262451171875
2025-08-28,1379.521728515625
2025-08-29,1350.9537353515625
2025-09-01,1347.6689453125
2025-09-02,1360.2109375
2025-09-03,1366.2828369140625
2025-09-04,1353.0440673828125
2025-09-05,1368.671875
2025-09-08,1372.15576171875
2025-09-09,1369.8662109375
2025-09-10,1370.66259765625
2025-09-11,1376.9337158203125
2025-09-12,1388.579833984375
2025-09-15,1392.8599853515625
2025-09-16,1398.8323974609375
2025-09-17,1407.2933349609375
2025-09-18,1408.4876708984375
2025-09-19,1400.9227294921875
2025-09-22,1384.199951171875
2025-09-23,1383.40380859375
2025-09-24,1376.635009765625
2025-09-25,1366.0838623046875
2025-09-26,1371.2598876953125
2025-09-29,1366.48193359375
2025-09-30,1357.722412109375
2025-10-01,1362.4007568359375
2025-10-03,1357.125244140625
2025-10-06,1368.671875
2025-10-07,1378.4267578125
2025-10-08,1361.1068115234375
2025-10-09,1371.458984375
2025-10-10,1375.3409423828125
2025-10-13,1368.671875
2025-10-14,1369.5677490234375
2025-10-15,1367.97509765625
2025-10-16,1391.8646240234375
2025-10-17,1410.279541015625
2025-10-20,1460.04931640625
2025-10-21,1458.4566650390625
2025-10-23,1441.7340087890625
2025-10-24,1444.9193115234375
2025-10-27,1477.2696533203125
2025-10-28,1480.056884765625
2025-10-29,1497.277099609375
2025-10-30,1481.6494140625
2025-10-31,1479.5592041015625
2025-11-03,1477.866943359375
2025-11-04,1466.3203125
2025-11-06,1489.2144775390625
2025-11-07,1471.19775390625
2025-11-10,1482.44580078125
2025-11-11,1486.5269775390625
2025-11-12,1504.5435791015625
2025-11-13,1503.9464111328125
2025-11-14,1511.9095458984375
2025-11-17,1511.3123779296875
2025-11-18,1512.4072265625
2025-11-19,1511.9095458984375
2025-11-20,1541.9705810546875
2025-11-21,1539.4820556640625
2025-11-24,1528.831298828125
2025-11-25,1532.61376953125
2025-11-26,1562.6748046875
2025-11-27,1556.2047119140625
2025-11-28,1560.285888671875
2025-12-01,1558.892333984375
2025-12-02,1539.1834716796875
2025-12-03,1531.718017578125
2025-12-04,1528.53271484375
2025-12-05,1533.5096435546875
2025-12-08,1535.898681640625
2025-12-09,1522.3612060546875
2025-12-10,1529.8267822265625
2025-12-11,1537.889404296875
2025-12-12,1549.3365478515625
2025-12-15,1549.037841796875
2025-12-16,1535.201904296875
2025-12-17,1537.292236328125
2025-12-18,1537.292236328125
2025-12-19,1557.8968505859375
2025-12-22,1568.1495361328125
2025-12-23,1563.4710693359375
2025-12-24,1551.0286865234375
2025-12-26,1552.0240478515625
2025-12-29,1538.4866943359375
2025-12-30,1532.71337890625
2025-12-31,1563.172607421875
2026-01-01,1568.3485107421875
2026-01-02,1584.9718017578125
2026-01-05,1570.8370361328125
2026-01-06,1500.6614990234375
2026-01-07,1497.277099609375
2026-01-08,1463.831787109375
2026-01-09,1468.51025390625
2026-01-12,1476.373779296875
2026-01-13,1446.11376953125
2026-01-14,1452.086181640625
2026-01-15,1452.086181640625
2026-01-16,1451.1903076171875
2026-01-19,1407.0941162109375
2026-01-20,1387.5843505859375
2026-01-21,1398.1356201171875
2026-01-22,1396.0452880859375
2026-01-23,1379.720703125
2026-01-27,1374.146484375
2026-01-28,1390.2718505859375
2026-01-29,1384.59814453125
2026-01-30,1388.9779052734375
2026-02-02,1384.0009765625
2026-02-03,1430.4859619140625
2026-02-04,1450.095458984375
2026-02-05,1436.757080078125
2026-02-06,1444.123046875
2026-02-09,1454.873291015625
2026-02-10,1451.7874755859375
2026-02-11,1461.9405517578125
2026-02-12,1442.231689453125
2026-02-13,1413.0665283203125
2026-02-16,1430.4859619140625
2026-02-17,1416.450927734375
2026-02-18,1434.666748046875
2026-02-19,1403.0130615234375
2026-02-20,1412.8675537109375
2026-02-23,1421.4278564453125
2026-02-24,1422.2242431640625
2026-02-25,1392.063720703125
2026-02-26,1400.3255615234375
2026-02-27,1387.48486328125
2026-03-02,1351.75
2026-03-04,1338.8099365234375
2026-03-05,1383.005615234375
2026-03-06,1398.334716796875
2026-03-09,1417.4462890625
2026-03-10,1402.3162841796875
2026-03-11,1383.8017578125
2026-03-12,1385.7926025390625
2026-03-13,1374.3455810546875
2026-03-16,1388.6793212890625
2026-03-17,1391.167724609375
2026-03-18,1401.6195068359375
2026-03-19,1378.4267578125
2026-03-20,1407.8905029296875
2026-03-23,1401.3209228515625
2026-03-24,1405.302490234375
2026-03-25,1406.596435546875
2026-03-27,1341.8956298828125
2026-03-30,1337.7149658203125
2026-04-01,1362.8984375
2026-04-02,1344.2845458984375
2026-04-06,1298.6953125
2026-04-07,1298.5958251953125
2026-04-08,1341.5970458984375
2026-04-09,1323.87890625
2026-04-10,1343.9859619140625
2026-04-13,1309.0474853515625
2026-04-15,1337.9140625
2026-04-16,1337.1177978515625
2026-04-17,1358.7178955078125
2026-04-20,1357.0257568359375
2026-04-21,1347.07177734375
2026-04-22,1355.8311767578125
2026-04-23,1337.21728515625
2026-04-24,1321.6890869140625
2026-04-27,1359.51416015625
2026-04-28,1382.5078125
2026-04-29,1418.83984375
2026-04-30,1424.215087890625
2026-05-01,1424.215087890625
2026-05-04,1456.3663330078125
2026-05-05,1456.864013671875
2026-05-06,1431.2823486328125
2026-05-07,1429.590087890625
2026-05-08,1428.5947265625
2026-05-11,1381.81103515625
2026-05-12,1357.722412109375
2026-05-13,1352.54638671875
2026-05-14,1355.5325927734375
2026-05-15,1330.24951171875
2026-05-18,1329.7518310546875
2026-05-19,1316.6124267578125
2026-05-20,1353.442138671875
2026-05-21,1343.388671875
2026-05-22,1348.26611328125
2026-05-25,1360.7086181640625
2026-05-26,1350.0579833984375
2026-05-27,1344.2845458984375
2026-05-28,1344.2845458984375
2026-05-29,1315.119384765625
2026-06-01,1313.9249267578125
2026-06-02,1308.5498046875
2026-06-03,1307.15625
2026-06-04,1297.699951171875
2026-06-05,1291.0
2026-06-08,1263.300048828125
2026-06-09,1269.199951171875
2026-06-10,1258.800048828125
2026-06-11,1263.0
2026-06-12,1293.0
2026-06-15,1307.0
2026-06-16,1328.800048828125
2026-06-17,1332.699951171875
2026-06-18,1328.0999755859375
2026-06-19,1309.5
2026-06-22,1326.5
2026-06-23,1309.5
2026-06-24,1313.5999755859375
2026-06-25,1318.0999755859375
2026-06-26,1318.0999755859375
2026-06-29,1301.0
2026-06-30,1293.9000244140625
2026-07-01,1308.0
2026-07-02,1303.5
2026-07-03,1304.0
2026-07-06,1321.300048828125
2026-07-07,1308.4000244140625
2026-07-08,1275.9000244140625
2026-07-09,1279.800048828125
2026-07-10,1307.800048828125
2026-07-13,1296.9000244140625
2026-07-14,1293.0
2026-07-15,1295.5
2026-07-16,1296.5999755859375
2026-07-17,1327.199951171875
2026-07-20,1323.0999755859375
2026-07-21,1303.699951171875
2026-07-22,1288.5999755859375
2026-07-23,1272.199951171875
2026-07-24,1278.0
2026-07-27,1280.0
2026-07-28,1267.699951171875
2026-07-29,1275.9000244140625
2026-07-30,1292.9000244140625
2026-07-31,1307.800048828125
2026-08-03,1319.0
2026-08-04,1290.9000244140625
2026-08-05,1280.0
2026-08-06,1325.0
2026-08-07,1334.800048828125
2026-08-10,1327.300048828125
2026-08-11,1323.9000244140625
2026-08-12,1329.0
2026-08-13,1317.0
2026-08-14,1310.0
2026-08-17,1316.0
2026-08-18,1322.0
2026-08-19,1311.0
2026-08-20,1313.199951171875
2026-08-21,1316.0
2026-08-24,1309.800048828125
2026-08-25,1317.0
2026-08-26,1298.0
2026-08-27,1282.199951171875
2026-08-28,1287.0
2026-08-31,1277.0
2026-09-01,1309.0
2026-09-02,1313.0999755859375
2026-09-03,1302.5
2026-09-04,1322.0
2026-09-07,1309.5
2026-09-08,1294.9000244140625
2026-09-09,1279.0
2026-09-10,1274.0
2026-09-11,1257.5
2026-09-14,1257.5
2026-09-15,1235.300048828125
2026-09-16,1240.0
2026-09-17,1243.9000244140625
2026-09-18,1226.4000244140625
2026-09-21,1247.4000244140625
2026-09-22,1240.4000244140625
2026-09-23,1248.0
2026-09-24,1219.199951171875
2026-09-25,1226.0
2026-09-28,1197.5999755859375
2026-09-29,1182.0
2026-09-30,1187.0
2026-10-01,1167.699951171875
