Date,close
2008-01-01,174.032958984375
2008-01-02,173.2821044921875
2008-01-03,166.85411071777344
2008-01-04,165.88873291015625
2008-01-07,161.00379943847656
2008-01-08,163.02542114257812
2008-01-09,164.41990661621094
2008-01-10,162.00221252441406
2008-01-11,163.33895874023438
2008-01-14,158.61911010742188
2008-01-15,155.12869262695312
2008-01-16,155.94564819335938
2008-01-17,152.27365112304688
2008-01-18,149.05555725097656
2008-01-21,137.1486053466797
2008-01-22,132.06565856933594
2008-01-23,144.43991088867188
2008-01-24,139.68563842773438
2008-01-25,146.53533935546875
2008-01-28,141.5161590576172
2008-01-29,143.73587036132812
2008-01-30,144.09201049804688
2008-01-31,144.738037109375
2008-02-01,153.9730987548828
2008-02-04,161.6180419921875
2008-02-05,158.20553588867188
2008-02-06,150.0968475341797
2008-02-07,145.61595153808594
2008-02-08,148.8214111328125
2008-02-11,150.0968475341797
2008-02-12,143.23062133789062
2008-02-13,143.94293212890625
2008-02-14,144.74632263183594
2008-02-15,144.56410217285156
2008-02-18,141.33395385742188
2008-02-19,145.0196075439453
2008-02-20,146.78382873535156
2008-02-21,151.5132293701172
2008-02-22,149.17752075195312
2008-02-25,149.21060180664062
2008-02-26,148.8214111328125
2008-02-27,145.36746215820312
2008-02-28,145.92245483398438
2008-02-29,145.34266662597656
2008-03-03,140.57188415527344
2008-03-04,142.26153564453125
2008-03-05,144.9947509765625
2008-03-07,140.1660919189453
2008-03-10,138.09539794921875
2008-03-11,136.41400146484375
2008-03-12,136.42233276367188
2008-03-13,129.15847778320312
2008-03-14,133.15896606445312
2008-03-17,131.1711883544922
2008-03-18,135.45326232910156
2008-03-19,134.41795349121094
2008-03-24,136.44712829589844
2008-03-25,145.19357299804688
2008-03-26,145.50001525878906
2008-03-27,141.2179412841797
2008-03-28,144.29080200195312
2008-03-31,134.25228881835938
2008-04-01,137.8800048828125
2008-04-02,141.01087951660156
2008-04-03,146.66787719726562
2008-04-04,144.5972137451172
2008-04-07,149.7655792236328
2008-04-08,146.9908447265625
2008-04-09,145.15219116210938
2008-04-10,149.01185607910156
2008-04-11,150.41160583496094
2008-04-15,161.36947631835938
2008-04-16,160.99668884277344
2008-04-17,165.80064392089844
2008-04-21,164.55819702148438
2008-04-22,146.966064453125
2008-04-23,147.28909301757812
2008-04-24,147.5540771484375
2008-04-25,147.31390380859375
2008-04-28,146.0549774169922
2008-04-29,150.8340301513672
2008-04-30,152.56509399414062
2008-05-02,156.33364868164062
2008-05-05,153.63345336914062
2008-05-06,155.22377014160156
2008-05-07,160.14361572265625
2008-05-08,156.87203979492188
2008-05-09,151.90249633789062
2008-05-12,153.54244995117188
2008-05-13,149.92295837402344
2008-05-14,160.8724822998047
2008-05-15,163.12539672851562
2008-05-16,162.51246643066406
2008-05-20,158.37940979003906
2008-05-21,159.87033081054688
2008-05-22,159.2159881591797
2008-05-23,154.45352172851562
2008-05-26,158.271728515625
2008-05-27,160.49981689453125
2008-05-28,167.21690368652344
2008-05-29,164.76535034179688
2008-05-30,172.13681030273438
2008-06-02,162.9762725830078
2008-06-03,161.53509521484375
2008-06-04,158.48719787597656
2008-06-05,162.64501953125
2008-06-06,160.0525360107422
2008-06-09,151.42205810546875
2008-06-10,145.60772705078125
2008-06-11,147.4878692626953
2008-06-12,147.1399688720703
2008-06-13,150.6766357421875
2008-06-16,150.87538146972656
2008-06-17,152.61474609375
2008-06-18,150.04978942871094
2008-06-19,147.9012451171875
2008-06-20,143.87896728515625
2008-06-23,142.97952270507812
2008-06-24,140.63937377929688
2008-06-25,146.03582763671875
2008-06-26,146.79368591308594
2008-06-27,144.15370178222656
2008-06-30,142.9378662109375
2008-07-01,141.18907165527344
2008-07-02,145.98585510253906
2008-07-03,142.67979431152344
2008-07-04,140.65606689453125
2008-07-07,141.94691467285156
2008-07-08,138.2743682861328
2008-07-09,146.02755737304688
2008-07-10,144.6367950439453
2008-07-11,133.01116943359375
2008-07-14,127.88961029052734
2008-07-15,125.0248794555664
2008-07-16,121.26903533935547
2008-07-17,130.4545135498047
2008-07-18,132.22006225585938
2008-07-21,135.3762969970703
2008-07-22,138.54922485351562
2008-07-23,143.3292999267578
2008-07-24,133.66908264160156
2008-07-25,133.11111450195312
2008-07-28,134.28533935546875
2008-07-29,134.73507690429688
2008-07-30,139.73170471191406
2008-07-31,139.3639373779297
2008-08-01,140.517333984375
2008-08-04,136.2884063720703
2008-08-05,138.68699645996094
2008-08-06,143.84364318847656
2008-08-07,142.64019775390625
2008-08-08,141.2611541748047
2008-08-11,139.39739990234375
2008-08-12,136.94020080566406
2008-08-13,138.45301818847656
2008-08-14,139.27203369140625
2008-08-18,140.66775512695312
2008-08-19,140.61766052246094
2008-08-20,140.67608642578125
2008-08-21,136.7062225341797
2008-08-22,136.89845275878906
2008-08-25,136.7647247314453
2008-08-26,139.41409301757812
2008-08-27,136.80650329589844
2008-08-28,132.4438018798828
2008-08-29,135.7617950439453
2008-09-01,136.22149658203125
2008-09-02,141.87960815429688
2008-09-04,141.11070251464844
2008-09-05,140.1412811279297
2008-09-08,143.2001190185547
2008-09-09,144.5540008544922
2008-09-10,142.2306671142578
2008-09-11,139.85708618164062
2008-09-12,135.48605346679688
2008-09-15,127.13674926757812
2008-09-16,125.17265319824219
2008-09-17,122.03852081298828
2008-09-18,120.5425033569336
2008-09-19,128.18141174316406
2008-09-22,128.17306518554688
2008-09-23,120.51746368408203
2008-09-24,119.18860626220703
2008-09-25,115.06826782226562
2008-09-26,113.02893829345703
2008-09-29,103.63496398925781
2008-09-30,111.25709533691406
2008-10-01,112.28510284423828
2008-10-03,109.90321350097656
2008-10-06,103.46782684326172
2008-10-07,96.26354217529297
2008-10-08,91.36593627929688
2008-10-10,87.72198486328125
2008-10-13,95.75369262695312
2008-10-14,99.07172393798828
2008-10-15,90.78086853027344
2008-10-16,82.74083709716797
2008-10-17,75.86248779296875
2008-10-20,82.13070678710938
2008-10-21,93.455322265625
2008-10-22,91.37429809570312
2008-10-23,91.4829330444336
2008-10-24,83.38436126708984
2008-10-27,83.0333480834961
2008-10-29,90.9456787109375
2008-10-31,90.3907241821289
2008-11-03,92.05558776855469
2008-11-04,85.51383209228516
2008-11-05,85.16069793701172
2008-11-06,84.11802673339844
2008-11-07,88.31383514404297
2008-11-10,91.89586639404297
2008-11-11,88.93606567382812
2008-11-12,89.95352172851562
2008-11-14,89.27239990234375
2008-11-17,87.27961730957031
2008-11-18,81.25076293945312
2008-11-19,81.16668701171875
2008-11-20,79.5438461303711
2008-11-21,85.16907501220703
2008-11-24,87.43097686767578
2008-11-25,84.75707244873047
2008-11-26,88.70063018798828
2008-11-27,88.70063018798828
2008-11-28,94.07366180419922
2008-12-01,94.8724594116211
2008-12-02,89.60873413085938
2008-12-03,89.93666076660156
2008-12-04,92.3919448852539
2008-12-05,87.75048828125
2008-12-08,87.826171875
2008-12-10,90.98773193359375
2008-12-11,85.37089538574219
2008-12-12,80.93962097167969
2008-12-15,78.98045349121094
2008-12-16,80.61170959472656
2008-12-17,80.26697540283203
2008-12-18,85.85015106201172
2008-12-19,86.36307525634766
2008-12-22,85.85859680175781
2008-12-23,84.18529510498047
2008-12-24,80.40992736816406
2008-12-26,79.31685638427734
2008-12-29,80.18287658691406
2008-12-30,81.14983367919922
2008-12-31,80.36788177490234
2009-01-02,83.79852294921875
2009-01-05,86.64897155761719
2009-01-06,85.16069793701172
2009-01-07,84.89160919189453
2009-01-09,90.2982177734375
2009-01-12,86.19493103027344
2009-01-13,88.39796447753906
2009-01-14,90.63458251953125
2009-01-15,85.84176635742188
2009-01-16,84.58891296386719
2009-01-19,84.21053314208984
2009-01-20,83.48741149902344
2009-01-21,82.78950500488281
2009-01-22,83.51261901855469
2009-01-23,81.75526428222656
2009-01-27,83.93304443359375
2009-01-28,85.85331726074219
2009-01-29,86.96149444580078
2009-01-30,86.55543518066406
2009-02-02,83.12095642089844
2009-02-03,84.5674819946289
2009-02-04,84.36444091796875
2009-02-05,81.69978332519531
2009-02-06,85.06656646728516
2009-02-09,87.13064575195312
2009-02-10,88.7548599243164
2009-02-11,87.08836364746094
2009-02-12,86.26781463623047
2009-02-13,86.48774719238281
2009-02-16,84.71977233886719
2009-02-17,82.09737396240234
2009-02-18,81.33605194091797
2009-02-19,82.81642150878906
2009-02-20,80.20246887207031
2009-02-24,79.3311996459961
2009-02-25,81.33605194091797
2009-02-26,81.58138275146484
2009-02-27,81.73365020751953
2009-03-02,77.80006408691406
2009-03-03,75.49066162109375
2009-03-04,77.91850280761719
2009-03-05,78.3668441772461
2009-03-06,81.49678039550781
2009-03-09,78.33299255371094
2009-03-12,80.7693099975586
2009-03-13,85.75181579589844
2009-03-16,87.94274139404297
2009-03-17,84.17835235595703
2009-03-18,85.46417236328125
2009-03-19,87.12220764160156
2009-03-20,86.2508773803711
2009-03-23,87.91736602783203
2009-03-24,88.25575256347656
2009-03-25,88.9916763305664
2009-03-26,94.48176574707031
2009-03-27,97.25640106201172
2009-03-30,88.52643585205078
2009-03-31,91.11500549316406
2009-04-01,92.12162780761719
2009-04-02,97.9162368774414
2009-04-06,98.05162048339844
2009-04-08,102.21356201171875
2009-04-09,101.94287109375
2009-04-13,100.2002944946289
2009-04-15,97.7386245727539
2009-04-16,96.7826919555664
2009-04-17,96.96037292480469
2009-04-20,94.98090362548828
2009-04-21,93.17904663085938
2009-04-22,91.85939025878906
2009-04-23,96.1144027709961
2009-04-24,98.78755187988281
2009-04-27,101.83294677734375
2009-04-28,101.25767517089844
2009-04-29,105.50422668457031
2009-04-30,105.25045776367188
2009-05-04,112.74542236328125
2009-05-05,110.13994598388672
2009-05-06,107.4921875
2009-05-07,106.87461853027344
2009-05-08,106.74772644042969
2009-05-11,104.09149169921875
2009-05-12,108.46493530273438
2009-05-13,105.1827621459961
2009-05-14,104.86132049560547
2009-05-15,108.96408081054688
2009-05-18,125.84878540039062
2009-05-19,113.31221008300781
2009-05-20,114.47956085205078
2009-05-21,109.5393295288086
2009-05-22,107.2722396850586
2009-05-25,106.8154296875
2009-05-26,105.64799499511719
2009-05-27,109.72544860839844
2009-05-28,112.2039794921875
2009-05-29,119.20830535888672
2009-06-01,118.03241729736328
2009-06-02,117.54176330566406
2009-06-03,117.89704895019531
2009-06-04,119.64816284179688
2009-06-05,122.04212188720703
2009-06-08,125.55274200439453
2009-06-09,132.32867431640625
2009-06-10,132.26939392089844
2009-06-11,131.13587951660156
2009-06-12,129.35098266601562
2009-06-15,131.62648010253906
2009-06-16,132.5289764404297
2009-06-17,128.9871826171875
2009-06-18,128.18682861328125
2009-06-19,129.34471130371094
2009-06-22,125.88804626464844
2009-06-23,124.86641693115234
2009-06-24,130.0088653564453
2009-06-25,129.58316040039062
2009-06-26,135.3385772705078
2009-06-29,131.52432250976562
2009-06-30,132.76734924316406
2009-07-01,133.82315063476562
2009-07-02,132.81851196289062
2009-07-03,133.14205932617188
2009-07-06,129.65121459960938
2009-07-07,132.5289764404297
2009-07-08,129.80455017089844
2009-07-09,132.1884307861328
2009-07-10,134.5723419189453
2009-07-13,135.37261962890625
2009-07-14,138.5909881591797
2009-07-15,144.1080780029297
2009-07-16,142.96719360351562
2009-07-17,147.83718872070312
2009-07-20,170.46739196777344
2009-07-21,162.6514892578125
2009-07-22,158.8031768798828
2009-07-23,161.9874725341797
2009-07-24,165.01841735839844
2009-07-27,164.24896240234375
2009-07-28,164.36863708496094
2009-07-29,170.9174346923828
2009-07-30,182.30516052246094
2009-07-31,179.8600616455078
2009-08-03,181.80929565429688
2009-08-04,181.29635620117188
2009-08-05,180.90301513671875
2009-08-06,176.9362335205078
2009-08-07,174.09783935546875
2009-08-10,184.33987426757812
2009-08-11,185.31443786621094
2009-08-12,177.7055206298828
2009-08-13,180.13363647460938
2009-08-14,178.33824157714844
2009-08-17,174.45687866210938
2009-08-18,174.01229858398438
2009-08-19,170.3189697265625
2009-08-20,171.32781982421875
2009-08-21,174.14910888671875
2009-08-24,178.35536193847656
2009-08-25,180.66360473632812
2009-08-26,187.5714874267578
2009-08-27,187.31500244140625
2009-08-28,184.93826293945312
2009-08-31,180.2361602783203
2009-09-01,180.18496704101562
2009-09-02,182.81808471679688
2009-09-03,182.4932098388672
2009-09-04,181.8947296142578
2009-09-07,188.4093017578125
2009-09-08,189.67459106445312
2009-09-09,191.6580352783203
2009-09-10,190.3242950439453
2009-09-11,191.62387084960938
2009-09-14,191.1963653564453
2009-09-15,195.5736083984375
2009-09-16,195.09478759765625
2009-09-17,199.35238647460938
2009-09-18,199.71145629882812
2009-09-22,206.0892333984375
2009-09-23,202.0710906982422
2009-09-24,206.05503845214844
2009-09-25,200.87420654296875
2009-09-29,208.73951721191406
2009-09-30,212.36448669433594
2009-10-01,215.39096069335938
2009-10-05,210.4151611328125
2009-10-06,210.03907775878906
2009-10-07,202.3447265625
2009-10-08,195.40264892578125
2009-10-09,192.10264587402344
2009-10-12,198.29225158691406
2009-10-13,198.6855926513672
2009-10-14,202.772216796875
2009-10-15,198.95901489257812
2009-10-16,204.60169982910156
2009-10-20,212.38153076171875
2009-10-21,216.39971923828125
2009-10-22,214.0229949951172
2009-10-23,218.79348754882812
2009-10-26,220.41790771484375
2009-10-27,219.80230712890625
2009-10-28,220.5226593017578
2009-10-29,217.50396728515625
2009-10-30,215.531494140625
2009-11-03,207.89883422851562
2009-11-04,214.6395263671875
2009-11-05,214.22787475585938
2009-11-06,213.42178344726562
2009-11-09,213.6275634765625
2009-11-10,214.96546936035156
2009-11-11,221.3460235595703
2009-11-12,224.8106689453125
2009-11-13,229.8876953125
2009-11-16,228.37818908691406
2009-11-17,236.85134887695312
2009-11-18,235.6336212158203
2009-11-19,233.23231506347656
2009-11-20,237.77752685546875
2009-11-23,238.1034698486328
2009-11-24,239.80142211914062
2009-11-25,241.08792114257812
2009-11-26,235.9766082763672
2009-11-27,229.99046325683594
2009-11-30,236.1481475830078
2009-12-01,235.23895263671875
2009-12-02,234.74166870117188
2009-12-03,236.71405029296875
2009-12-04,238.4809112548828
2009-12-07,239.9215545654297
2009-12-08,239.5441436767578
2009-12-09,242.42568969726562
2009-12-10,242.06553649902344
2009-12-11,242.21986389160156
2009-12-14,241.87689208984375
2009-12-15,240.45330810546875
2009-12-16,244.63833618164062
2009-12-17,247.93148803710938
2009-12-18,249.56082153320312
2009-12-21,251.80787658691406
2009-12-22,248.37747192382812
2009-12-23,256.0957946777344
2009-12-24,257.0391540527344
2009-12-29,254.32928466796875
2009-12-30,254.79220581054688
2009-12-31,257.3651428222656
2010-01-04,257.8454284667969
2010-01-05,257.9139099121094
2010-01-06,252.08221435546875
2010-01-07,245.0670166015625
2010-01-08,240.05886840820312
2010-01-11,244.99856567382812
2010-01-12,257.2965087890625
2010-01-13,270.50347900390625
2010-01-14,267.5190124511719
2010-01-15,271.48114013671875
2010-01-18,275.1860046386719
2010-01-19,267.8106384277344
2010-01-20,267.3647155761719
2010-01-21,264.3630676269531
2010-01-22,259.9720458984375
2010-01-25,259.4062194824219
2010-01-27,255.65713500976562
2010-01-28,255.12408447265625
2010-01-29,253.215087890625
2010-02-01,256.63739013671875
2010-02-02,253.97171020507812
2010-02-03,258.9761657714844
2010-02-04,254.07489013671875
2010-02-05,248.84695434570312
2010-02-08,249.07058715820312
2010-02-09,252.85394287109375
2010-02-10,251.87374877929688
2010-02-11,255.45079040527344
2010-02-15,256.63739013671875
2010-02-16,260.7647399902344
2010-02-17,260.9367980957031
2010-02-18,260.9883117675781
2010-02-19,258.1507568359375
2010-02-22,260.45526123046875
2010-02-23,262.12322998046875
2010-02-24,263.2412414550781
2010-02-25,263.5507507324219
2010-02-26,262.0201721191406
2010-03-02,262.5018310546875
2010-03-03,264.4106750488281
2010-03-04,262.7424011230469
2010-03-05,262.29534912109375
2010-03-08,262.3298645019531
2010-03-09,264.3934326171875
2010-03-10,268.29730224609375
2010-03-11,272.269775390625
2010-03-12,274.1099853515625
2010-03-15,281.3500671386719
2010-03-16,285.1335144042969
2010-03-17,289.15771484375
2010-03-18,284.0500183105469
2010-03-19,282.34759521484375
2010-03-22,284.6519775390625
2010-03-23,285.01318359375
2010-03-25,285.4085998535156
2010-03-26,283.77490234375
2010-03-29,279.26922607421875
2010-03-30,275.15911865234375
2010-03-31,268.5036315917969
2010-04-01,277.84173583984375
2010-04-05,276.3111572265625
2010-04-06,273.8003234863281
2010-04-07,274.4884033203125
2010-04-08,274.9698486328125
2010-04-09,272.269775390625
2010-04-12,274.5054626464844
2010-04-13,282.33026123046875
2010-04-15,282.622802734375
2010-04-16,280.35260009765625
2010-04-19,279.26922607421875
2010-04-20,271.5474548339844
2010-04-21,269.9998474121094
2010-04-22,270.3265380859375
2010-04-23,268.34881591796875
2010-04-26,270.0341796875
2010-04-27,270.79083251953125
2010-04-28,264.94378662109375
2010-04-29,261.3150939941406
2010-04-30,263.25836181640625
2010-05-03,263.7398986816406
2010-05-04,261.7450866699219
2010-05-05,263.3787841796875
2010-05-06,263.84320068359375
2010-05-07,255.0037078857422
2010-05-10,264.9265441894531
2010-05-11,260.12841796875
2010-05-12,261.21185302734375
2010-05-13,263.3271179199219
2010-05-14,262.72528076171875
2010-05-17,256.499755859375
2010-05-18,252.83677673339844
2010-05-19,248.15908813476562
2010-05-20,251.08258056640625
2010-05-21,247.1959686279297
2010-05-24,246.81764221191406
2010-05-25,240.60934448242188
2010-05-26,253.83409118652344
2010-05-27,255.15823364257812
2010-05-28,258.2366638183594
2010-05-31,255.57118225097656
2010-06-01,254.24688720703125
2010-06-02,259.4233703613281
2010-06-03,263.2756652832031
2010-06-04,263.2412414550781
2010-06-07,259.07940673828125
2010-06-08,258.0303039550781
2010-06-09,252.1316680908203
2010-06-10,258.1335144042969
2010-06-11,261.0915222167969
2010-06-14,268.62396240234375
2010-06-15,268.308837890625
2010-06-16,271.355712890625
2010-06-17,271.5309753417969
2010-06-18,274.2976379394531
2010-06-21,275.87359619140625
2010-06-22,272.7042236328125
2010-06-23,275.3834228515625
2010-06-24,270.8829040527344
2010-06-25,265.64715576171875
2010-06-28,267.8359680175781
2010-06-29,264.0009460449219
2010-06-30,263.0204162597656
2010-07-01,256.3661193847656
2010-07-02,260.4987487792969
2010-07-05,258.8176574707031
2010-07-06,265.8746337890625
2010-07-07,267.78350830078125
2010-07-08,272.0561218261719
2010-07-09,271.2332763671875
2010-07-12,277.2746276855469
2010-07-13,271.3033142089844
2010-07-14,271.3033142089844
2010-07-15,273.912353515625
2010-07-16,291.9666748046875
2010-07-19,289.5325012207031
2010-07-20,289.7251281738281
2010-07-21,295.2413024902344
2010-07-22,295.48638916015625
2010-07-23,293.94537353515625
2010-07-26,297.43017578125
2010-07-27,297.3951110839844
2010-07-28,299.2513732910156
2010-07-29,298.39129638671875
2010-07-30,294.8106384277344
2010-08-02,294.28387451171875
2010-08-03,292.0899353027344
2010-08-04,304.99090576171875
2010-08-05,308.16802978515625
2010-08-06,303.5517578125
2010-08-09,308.87005615234375
2010-08-10,303.4814758300781
2010-08-11,301.2522888183594
2010-08-12,299.6023254394531
2010-08-13,299.9359130859375
2010-08-16,299.83062744140625
2010-08-17,298.4614562988281
2010-08-18,305.79840087890625
2010-08-19,306.1318664550781
2010-08-20,305.04364013671875
2010-08-23,305.55267333984375
2010-08-24,305.6580505371094
2010-08-25,305.8334655761719
2010-08-26,307.694091796875
2010-08-27,300.5151062011719
2010-08-30,296.8641052246094
2010-08-31,296.1972351074219
2010-09-01,301.3399963378906
2010-09-02,296.3201599121094
2010-09-03,293.9329528808594
2010-09-06,300.2694396972656
2010-09-07,305.8860778808594
2010-09-08,308.5892333984375
2010-09-09,307.0621643066406
2010-09-13,308.8349304199219
2010-09-14,314.311279296875
2010-09-15,321.1391296386719
2010-09-16,314.32879638671875
2010-09-17,320.7881774902344
2010-09-20,320.2440490722656
2010-09-21,334.8826904296875
2010-09-22,328.31805419921875
2010-09-23,326.9490661621094
2010-09-24,327.1598205566406
2010-09-27,325.6325988769531
2010-09-28,322.84185791015625
2010-09-29,323.0874938964844
2010-09-30,325.4043884277344
2010-10-01,337.56829833984375
2010-10-04,335.53216552734375
2010-10-05,333.58392333984375
2010-10-06,336.8838195800781
2010-10-07,333.07476806640625
2010-10-08,330.8983154296875
2010-10-11,330.3016052246094
2010-10-12,333.7419738769531
2010-10-13,348.5384521484375
2010-10-14,346.15142822265625
2010-10-15,333.60137939453125
2010-10-18,344.4665222167969
2010-10-19,339.72723388671875
2010-10-20,338.1473693847656
2010-10-21,346.2040710449219
2010-10-22,365.16070556640625
2010-10-25,374.55120849609375
2010-10-26,373.0240478515625
2010-10-27,367.96905517578125
2010-10-28,369.6188659667969
2010-10-29,369.6188659667969
2010-11-01,370.49835205078125
2010-11-02,369.10906982421875
2010-11-03,370.287353515625
2010-11-04,376.0379333496094
2010-11-08,375.68609619140625
2010-11-09,383.758056640625
2010-11-10,384.18011474609375
2010-11-11,374.4902648925781
2010-11-12,371.377685546875
2010-11-15,374.92987060546875
2010-11-16,368.91552734375
2010-11-18,366.7702941894531
2010-11-19,357.1330871582031
2010-11-22,365.4687805175781
2010-11-23,362.2857360839844
2010-11-24,353.38720703125
2010-11-25,359.3840637207031
2010-11-26,368.335205078125
2010-11-29,376.7941589355469
2010-11-30,378.4470520019531
2010-12-01,380.5222473144531
2010-12-02,385.4111022949219
2010-12-03,385.9562683105469
2010-12-06,387.4861145019531
2010-12-07,382.49188232421875
2010-12-08,379.55499267578125
2010-12-09,377.2513122558594
2010-12-10,378.0602111816406
2010-12-13,378.4822998046875
2010-12-14,380.1880798339844
2010-12-15,388.172119140625
2010-12-16,401.2031555175781
2010-12-20,410.3478088378906
2010-12-21,408.272705078125
2010-12-22,404.38629150390625
2010-12-23,400.9569396972656
2010-12-24,401.3438415527344
2010-12-27,401.37908935546875
2010-12-28,403.1903076171875
2010-12-29,406.9184875488281
2010-12-30,411.5787353515625
2010-12-31,409.97857666015625
2011-01-03,407.30560302734375
2011-01-04,402.62762451171875
2011-01-05,407.6219482421875
2011-01-06,412.10638427734375
2011-01-07,401.8890380859375
2011-01-10,397.75640869140625
2011-01-11,386.36077880859375
2011-01-12,399.5323486328125
2011-01-13,395.4173889160156
2011-01-14,393.9754638671875
2011-01-17,400.0426025390625
2011-01-18,422.9568786621094
2011-01-19,419.59796142578125
2011-01-20,426.3508605957031
2011-01-21,426.157470703125
2011-01-24,425.2957763671875
2011-01-25,418.03289794921875
2011-01-27,422.5600280761719
2011-01-28,416.20086669921875
2011-01-31,408.50286865234375
2011-02-01,405.2088623046875
2011-02-02,416.58831787109375
2011-02-03,417.0287170410156
2011-02-04,404.7331237792969
2011-02-07,398.5147705078125
2011-02-08,396.38336181640625
2011-02-09,386.9415283203125
2011-02-10,384.2816162109375
2011-02-11,383.8763427734375
2011-02-14,391.87384033203125
2011-02-15,386.7300720214844
2011-02-16,386.3073425292969
2011-02-17,390.7816162109375
2011-02-18,383.9115295410156
2011-02-21,401.13958740234375
2011-02-22,401.19244384765625
2011-02-23,396.5419616699219
2011-02-24,391.69769287109375
2011-02-25,391.0810852050781
2011-02-28,391.151611328125
2011-03-01,396.1719665527344
2011-03-03,405.22650146484375
2011-03-04,400.0650939941406
2011-03-07,390.4469299316406
2011-03-08,393.77618408203125
2011-03-09,396.947021484375
2011-03-10,390.552734375
2011-03-11,379.4548645019531
2011-03-14,386.67724609375
2011-03-15,383.94683837890625
2011-03-16,392.7721252441406
2011-03-17,386.8357238769531
2011-03-18,381.46307373046875
2011-03-21,377.25299072265625
2011-03-22,376.7950439453125
2011-03-23,374.9806213378906
2011-03-24,385.21514892578125
2011-03-25,394.46331787109375
2011-03-28,394.5513610839844
2011-03-29,401.1748352050781
2011-03-30,405.8428955078125
2011-03-31,417.0990905761719
2011-04-01,415.7779541015625
2011-04-04,427.4220275878906
2011-04-05,436.8109130859375
2011-04-06,430.4693908691406
2011-04-07,422.4894104003906
2011-04-08,421.3622131347656
2011-04-11,415.1616516113281
2011-04-13,426.32977294921875
2011-04-15,419.74163818359375
2011-04-18,403.25335693359375
2011-04-19,410.33489990234375
2011-04-20,429.3594970703125
2011-04-21,419.9881286621094
2011-04-25,422.01385498046875
2011-04-26,418.89605712890625
2011-04-27,415.9364929199219
2011-04-28,408.2033996582031
2011-04-29,410.66961669921875
2011-05-02,408.1328430175781
2011-05-03,401.0867919921875
2011-05-04,400.59344482421875
2011-05-05,392.8250732421875
2011-05-06,404.7859191894531
2011-05-09,400.0650939941406
2011-05-10,401.5976867675781
2011-05-11,401.720947265625
2011-05-12,391.6800231933594
2011-05-13,397.08819580078125
2011-05-16,398.4971923828125
2011-05-17,402.2317199707031
2011-05-18,406.9349670410156
2011-05-19,410.3875427246094
2011-05-20,413.96368408203125
2011-05-23,410.98663330078125
2011-05-24,405.1206359863281
2011-05-25,397.61651611328125
2011-05-26,400.1355285644531
2011-05-27,403.2357482910156
2011-05-30,405.8428955078125
2011-05-31,407.67486572265625
2011-06-01,414.10455322265625
2011-06-02,411.40936279296875
2011-06-03,405.89581298828125
2011-06-06,410.21148681640625
2011-06-07,415.4786682128906
2011-06-08,419.061279296875
2011-06-09,420.8172302246094
2011-06-10,421.82794189453125
2011-06-13,416.8976135253906
2011-06-14,422.4843444824219
2011-06-15,420.0721740722656
2011-06-16,408.3312072753906
2011-06-17,393.45068359375
2011-06-20,379.29754638671875
2011-06-21,392.5816955566406
2011-06-22,384.33453369140625
2011-06-23,389.123046875
2011-06-24,403.5777282714844
2011-06-27,408.1358642578125
2011-06-28,409.3420104980469
2011-06-29,414.9642333984375
2011-06-30,420.05438232421875
2011-07-01,422.78564453125
2011-07-04,420.58636474609375
2011-07-05,418.3695068359375
2011-07-06,419.5577392578125
2011-07-07,424.2046203613281
2011-07-08,415.60272216796875
2011-07-11,410.28204345703125
2011-07-12,406.2736511230469
2011-07-13,407.5862121582031
2011-07-14,398.59405517578125
2011-07-15,406.5220947265625
2011-07-18,399.072998046875
2011-07-19,404.3936767578125
2011-07-20,401.69781494140625
2011-07-21,398.1861572265625
2011-07-22,402.034912109375
2011-07-25,404.3404846191406
2011-07-26,406.025390625
2011-07-27,406.91217041015625
2011-07-28,401.7198181152344
2011-07-29,404.369140625
2011-08-01,403.7469177246094
2011-08-02,402.1109619140625
2011-08-03,394.8912658691406
2011-08-04,389.7344665527344
2011-08-05,376.2554931640625
2011-08-08,357.5484619140625
2011-08-09,343.1271057128906
2011-08-10,349.97332763671875
2011-08-11,347.9461669921875
2011-08-12,336.8499450683594
2011-08-16,346.25677490234375
2011-08-17,355.6102600097656
2011-08-18,342.2556457519531
2011-08-19,330.3771057128906
2011-08-22,326.50067138671875
2011-08-23,349.10198974609375
2011-08-24,342.3446960449219
2011-08-25,338.0058288574219
2011-08-26,337.312255859375
2011-08-29,362.6165466308594
2011-08-30,370.72528076171875
2011-09-02,363.5055236816406
2011-09-05,365.4971618652344
2011-09-06,367.70220947265625
2011-09-07,366.6709289550781
2011-09-08,368.46685791015625
2011-09-09,361.3539123535156
2011-09-12,350.5600891113281
2011-09-13,353.4230041503906
2011-09-14,361.01605224609375
2011-09-15,370.4941101074219
2011-09-16,365.5150146484375
2011-09-19,362.0651550292969
2011-09-20,376.2554931640625
2011-09-21,371.11639404296875
2011-09-22,353.6541748046875
2011-09-23,352.1959533691406
2011-09-26,354.5611267089844
2011-09-27,370.0672607421875
2011-09-28,372.68133544921875
2011-09-29,377.5001525878906
2011-09-30,368.91156005859375
2011-10-03,371.04534912109375
2011-10-04,371.9876708984375
2011-10-05,371.13421630859375
2011-10-07,372.912353515625
2011-10-10,378.6560974121094
2011-10-11,370.1739807128906
2011-10-12,383.7596740722656
2011-10-13,388.6320495605469
2011-10-14,403.39129638671875
2011-10-17,398.4123229980469
2011-10-18,367.5777587890625
2011-10-19,373.0545959472656
2011-10-20,371.6143493652344
2011-10-21,373.3747253417969
2011-10-24,384.0085144042969
2011-10-25,391.81890869140625
2011-10-28,399.9682312011719
2011-10-31,397.93524169921875
2011-11-01,395.3138732910156
2011-11-02,394.7432556152344
2011-11-03,394.0836181640625
2011-11-04,392.2290344238281
2011-11-08,394.1726989746094
2011-11-09,400.48516845703125
2011-11-11,403.35614013671875
2011-11-14,402.4289855957031
2011-11-15,401.0022888183594
2011-11-16,398.4521789550781
2011-11-17,397.70330810546875
2011-11-18,387.5213928222656
2011-11-21,380.6026306152344
2011-11-22,385.8272705078125
2011-11-23,378.85516357421875
2011-11-24,389.3759765625
2011-11-25,379.4257507324219
2011-11-28,388.198974609375
2011-11-29,389.9110107421875
2011-11-30,397.8460998535156
2011-12-01,404.7113342285156
2011-12-02,420.11798095703125
2011-12-05,421.1700439453125
2011-12-07,420.67059326171875
2011-12-08,419.9753723144531
2011-12-09,418.12078857421875
2011-12-12,420.9560546875
2011-12-13,420.3676452636719
2011-12-14,421.70501708984375
2011-12-15,421.72296142578125
2011-12-16,408.81280517578125
2011-12-19,407.86761474609375
2011-12-20,404.1941223144531
2011-12-21,413.2348937988281
2011-12-22,410.7383728027344
2011-12-23,412.68212890625
2011-12-26,423.82696533203125
2011-12-27,420.6351318359375
2011-12-28,416.9795837402344
2011-12-29,415.7314453125
2011-12-30,413.93035888671875
2012-01-02,420.3319091796875
2012-01-03,427.1080322265625
2012-01-04,418.3349609375
2012-01-05,417.97821044921875
2012-01-06,417.0509338378906
2012-01-09,417.7464294433594
2012-01-10,415.62457275390625
2012-01-11,405.495849609375
2012-01-12,388.5555114746094
2012-01-13,387.21826171875
2012-01-16,395.65283203125
2012-01-17,393.7090759277344
2012-01-18,383.7945556640625
2012-01-19,383.58074951171875
2012-01-20,384.9892883300781
2012-01-23,384.34735107421875
2012-01-24,388.2703857421875
2012-01-25,392.6692199707031
2012-01-27,396.5134582519531
2012-01-30,397.58642578125
2012-01-31,404.97125244140625
2012-02-01,403.6480712890625
2012-02-02,410.55010986328125
2012-02-03,418.9722595214844
2012-02-06,426.9471740722656
2012-02-07,428.4312744140625
2012-02-08,436.1737365722656
2012-02-09,439.3744812011719
2012-02-10,441.0910949707031
2012-02-13,438.3375244140625
2012-02-14,436.2990417480469
2012-02-15,444.02374267578125
2012-02-16,438.21240234375
2012-02-17,439.4283142089844
2012-02-21,442.3963623046875
2012-02-22,447.8682556152344
2012-02-23,450.5323181152344
2012-02-24,454.18023681640625
2012-02-27,447.7607116699219
2012-02-28,438.6414489746094
2012-02-29,436.99639892578125
2012-03-01,436.1559143066406
2012-03-02,435.31561279296875
2012-03-05,431.75726318359375
2012-03-06,429.86181640625
2012-03-07,426.5895690917969
2012-03-09,432.2042236328125
2012-03-12,425.2305603027344
2012-03-13,428.07366943359375
2012-03-14,412.8925476074219
2012-03-15,416.1649475097656
2012-03-16,418.25714111328125
2012-03-19,401.2520751953125
2012-03-20,405.8475341796875
2012-03-21,420.47418212890625
2012-03-22,417.6131286621094
2012-03-23,423.65704345703125
2012-03-26,415.4138488769531
2012-03-27,420.11669921875
2012-03-28,416.6654357910156
2012-03-29,408.1183776855469
2012-03-30,417.9886474609375
2012-04-02,427.0902099609375
2012-04-03,421.27880859375
2012-04-04,421.43975830078125
2012-04-09,416.30792236328125
2012-04-10,413.482666015625
2012-04-11,407.00970458984375
2012-04-12,404.7030029296875
2012-04-13,382.0657043457031
2012-04-16,382.5663757324219
2012-04-17,390.1122741699219
2012-04-18,392.50823974609375
2012-04-19,394.4393615722656
2012-04-20,389.2537536621094
2012-04-23,380.59942626953125
2012-04-24,427.0724792480469
2012-04-25,418.79351806640625
2012-04-26,427.2332763671875
2012-04-27,430.57708740234375
2012-04-30,445.8117370605469
2012-05-02,453.1967468261719
2012-05-03,457.57745361328125
2012-05-04,456.61187744140625
2012-05-07,455.3424072265625
2012-05-08,429.3968505859375
2012-05-09,438.2839660644531
2012-05-10,440.7871398925781
2012-05-11,440.14349365234375
2012-05-14,438.42694091796875
2012-05-15,438.55218505859375
2012-05-16,437.5150451660156
2012-05-17,437.0143127441406
2012-05-18,432.9552307128906
2012-05-21,432.4367370605469
2012-05-22,437.74737548828125
2012-05-23,438.1407165527344
2012-05-24,436.8175354003906
2012-05-25,436.58514404296875
2012-05-28,437.9798278808594
2012-05-29,443.5766296386719
2012-05-30,443.6483459472656
2012-05-31,445.36480712890625
2012-06-01,437.9440612792969
2012-06-04,433.8849792480469
2012-06-05,438.6233825683594
2012-06-06,447.4389343261719
2012-06-07,449.26824951171875
2012-06-08,445.8993835449219
2012-06-11,446.8593444824219
2012-06-12,452.1302795410156
2012-06-13,452.96319580078125
2012-06-14,454.2674255371094
2012-06-15,460.951171875
2012-06-18,455.4085388183594
2012-06-19,461.49432373046875
2012-06-20,453.83294677734375
2012-06-21,443.4178466796875
2012-06-22,446.8231201171875
2012-06-25,440.7734069824219
2012-06-26,447.4210510253906
2012-06-27,451.62298583984375
2012-06-28,456.0245361328125
2012-06-29,462.76239013671875
2012-07-02,456.2418518066406
2012-07-03,448.978759765625
2012-07-04,452.03948974609375
2012-07-05,449.4130554199219
2012-07-06,452.0035095214844
2012-07-09,456.2237548828125
2012-07-10,457.0567626953125
2012-07-11,455.8251647949219
2012-07-12,447.7469787597656
2012-07-13,452.6009826660156
2012-07-16,437.3681945800781
2012-07-17,429.5978698730469
2012-07-18,433.0032653808594
2012-07-19,435.0679626464844
2012-07-20,443.0557861328125
2012-07-23,440.94940185546875
2012-07-24,439.0973205566406
2012-07-25,440.5499572753906
2012-07-26,435.21173095703125
2012-07-27,444.9622802734375
2012-07-30,447.0322570800781
2012-07-31,451.6259460449219
2012-08-01,444.7261657714844
2012-08-02,447.6858825683594
2012-08-03,449.1748352050781
2012-08-06,446.26947021484375
2012-08-07,459.03411865234375
2012-08-08,453.641357421875
2012-08-09,456.89166259765625
2012-08-10,464.8443908691406
2012-08-13,459.8511047363281
2012-08-14,460.61383056640625
2012-08-16,458.8526916503906
2012-08-17,464.3179626464844
2012-08-21,471.5987548828125
2012-08-22,469.056884765625
2012-08-23,480.6049499511719
2012-08-24,480.386962890625
2012-08-27,479.5154113769531
2012-08-28,490.57330322265625
2012-08-29,487.8134460449219
2012-08-30,496.4743347167969
2012-08-31,487.9768371582031
2012-09-03,485.8341979980469
2012-09-04,486.9237365722656
2012-09-05,495.5119934082031
2012-09-06,499.5429382324219
2012-09-07,503.5738525390625
2012-09-10,498.03594970703125
2012-09-11,505.7347412109375
2012-09-12,513.814697265625
2012-09-13,514.8313598632812
2012-09-14,513.1610717773438
2012-09-17,487.3774108886719
2012-09-18,472.0166320800781
2012-09-20,480.07830810546875
2012-09-21,473.5599060058594
2012-09-24,468.25799560546875
2012-09-25,469.6199035644531
2012-09-26,466.85986328125
2012-09-27,461.7577209472656
2012-09-28,470.60028076171875
2012-10-01,473.1603698730469
2012-10-03,480.314453125
2012-10-04,478.31707763671875
2012-10-05,473.5417175292969
2012-10-08,469.4383239746094
2012-10-09,470.2190246582031
2012-10-10,468.22174072265625
2012-10-11,468.25799560546875
2012-10-12,471.5263977050781
2012-10-15,470.1462097167969
2012-10-16,470.60028076171875
2012-10-17,465.9700622558594
2012-10-18,474.7583312988281
2012-10-19,468.34869384765625
2012-10-22,478.9525146484375
2012-10-23,477.39117431640625
2012-10-25,477.6634521484375
2012-10-29,475.1394348144531
2012-10-30,476.2652587890625
2012-10-31,478.813232421875
2012-11-01,478.72216796875
2012-11-02,484.5276794433594
2012-11-05,483.9452819824219
2012-11-06,480.6510925292969
2012-11-07,484.63665771484375
2012-11-08,484.5276794433594
2012-11-09,482.25286865234375
2012-11-12,485.7287292480469
2012-11-15,471.0422058105469
2012-11-16,468.3670349121094
2012-11-19,459.4677734375
2012-11-20,463.2713623046875
2012-11-21,466.6926574707031
2012-11-22,464.5998840332031
2012-11-23,469.0221252441406
2012-11-26,470.87847900390625
2012-11-27,471.4245910644531
2012-11-29,472.479736328125
2012-11-30,478.267333984375
2012-12-03,479.2862548828125
2012-12-04,472.9715576171875
2012-12-05,472.4070739746094
2012-12-06,466.1468200683594
2012-12-07,460.12310791015625
2012-12-10,450.3135070800781
2012-12-11,443.9439392089844
2012-12-12,446.1642761230469
2012-12-13,444.9814453125
2012-12-14,452.388427734375
2012-12-17,438.77557373046875
2012-12-18,440.650146484375
2012-12-19,448.6575012207031
2012-12-20,455.71893310546875
2012-12-21,458.1391296386719
2012-12-24,460.86895751953125
2012-12-26,459.41326904296875
2012-12-27,455.3183288574219
2012-12-28,461.3421325683594
2012-12-31,457.10205078125
2013-01-01,460.12310791015625
2013-01-02,459.8136291503906
2013-01-03,466.1104736328125
2013-01-04,472.8802185058594
2013-01-07,471.29718017578125
2013-01-08,473.2625427246094
2013-01-09,464.6542053222656
2013-01-10,458.0301513671875
2013-01-11,475.4826965332031
2013-01-14,485.7287292480469
2013-01-15,486.80242919921875
2013-01-16,490.5514221191406
2013-01-17,495.7379455566406
2013-01-18,491.7344665527344
2013-01-21,484.0908508300781
2013-01-22,479.5410461425781
2013-01-23,478.6107482910156
2013-01-24,484.6667175292969
2013-01-25,489.0260925292969
2013-01-28,490.6861267089844
2013-01-29,490.64947509765625
2013-01-30,491.0873107910156
2013-01-31,490.3578186035156
2013-02-01,491.79852294921875
2013-02-04,494.808349609375
2013-02-05,496.1581726074219
2013-02-06,499.9886169433594
2013-02-07,506.04461669921875
2013-02-08,518.97705078125
2013-02-11,516.094970703125
2013-02-12,514.398681640625
2013-02-13,523.646728515625
2013-02-14,528.1336059570312
2013-02-15,526.1090087890625
2013-02-18,519.980224609375
2013-02-19,526.6197509765625
2013-02-20,529.9942016601562
2013-02-21,529.3555908203125
2013-02-22,530.8330688476562
2013-02-25,537.6185302734375
2013-02-26,545.8997802734375
2013-02-27,541.084228515625
2013-02-28,553.4149169921875
2013-03-01,547.8878784179688
2013-03-04,552.0287475585938
2013-03-05,561.8604125976562
2013-03-06,569.539306640625
2013-03-07,580.0093383789062
2013-03-08,577.5469970703125
2013-03-11,571.363525390625
2013-03-12,569.2840576171875
2013-03-13,566.07373046875
2013-03-14,571.9107055664062
2013-03-15,572.8410034179688
2013-03-18,571.6370849609375
2013-03-19,564.2681274414062
2013-03-20,568.2442016601562
2013-03-21,569.0833129882812
2013-03-22,562.5899047851562
2013-03-25,563.0277099609375
2013-03-26,567.770263671875
2013-03-28,574.8473510742188
2013-04-01,567.9524536132812
2013-04-02,571.7828979492188
2013-04-03,563.045654296875
2013-04-04,550.0587158203125
2013-04-05,546.611083984375
2013-04-08,540.1904907226562
2013-04-09,546.2645263671875
2013-04-10,558.3218383789062
2013-04-11,560.6747436523438
2013-04-12,551.4996337890625
2013-04-15,537.16259765625
2013-04-16,541.0660400390625
2013-04-17,531.3988037109375
2013-04-18,529.9758911132812
2013-04-22,519.9622192382812
2013-04-23,521.8771362304688
2013-04-25,511.571533203125
2013-04-26,499.55084228515625
2013-04-29,500.06170654296875
2013-04-30,502.85247802734375
2013-05-02,523.0992431640625
2013-05-03,517.4811401367188
2013-05-06,535.2474975585938
2013-05-07,536.8523559570312
2013-05-08,539.9534301757812
2013-05-09,546.6475219726562
2013-05-10,545.717529296875
2013-05-13,529.556396484375
2013-05-14,531.872802734375
2013-05-15,536.8343505859375
2013-05-16,530.4501342773438
2013-05-17,537.6552734375
2013-05-20,537.1443481445312
2013-05-21,544.6048583984375
2013-05-22,546.629638671875
2013-05-23,544.5502319335938
2013-05-24,536.1046142578125
2013-05-27,546.4835815429688
2013-05-28,552.3568725585938
2013-05-29,546.2466430664062
2013-05-30,546.994384765625
2013-05-31,546.6475219726562
2013-06-03,536.0499877929688
2013-06-04,534.5725708007812
2013-06-05,535.4664916992188
2013-06-06,541.3369140625
2013-06-07,559.077880859375
2013-06-10,561.3230590820312
2013-06-11,552.6736450195312
2013-06-12,540.3615112304688
2013-06-13,532.0984497070312
2013-06-14,533.9570922851562
2013-06-17,534.6012573242188
2013-06-18,531.4178466796875
2013-06-19,525.4917602539062
2013-06-20,516.9524536132812
2013-06-21,523.4857177734375
2013-06-24,519.2344360351562
2013-06-25,512.4620971679688
2013-06-26,529.17236328125
2013-06-27,549.12158203125
2013-06-28,558.783447265625
2013-07-01,549.287109375
2013-07-02,552.3057250976562
2013-07-03,548.3488159179688
2013-07-04,566.2000732421875
2013-07-05,563.2185668945312
2013-07-08,554.550537109375
2013-07-09,553.9064331054688
2013-07-10,556.5013427734375
2013-07-11,575.8617553710938
2013-07-12,592.535400390625
2013-07-15,604.2764892578125
2013-07-16,607.0740356445312
2013-07-17,617.8033447265625
2013-07-18,611.1412353515625
2013-07-19,641.4698486328125
2013-07-22,642.83203125
2013-07-23,644.0465698242188
2013-07-24,656.1928100585938
2013-07-25,660.9593505859375
2013-07-26,653.1378784179688
2013-07-29,656.34716796875
2013-07-30,661.1799926757812
2013-07-31,669.7380981445312
2013-08-01,669.7015380859375
2013-08-02,680.9344482421875
2013-08-05,688.810791015625
2013-08-06,689.8802490234375
2013-08-07,672.3944702148438
2013-08-08,680.7683715820312
2013-08-12,669.1848754882812
2013-08-13,671.3245239257812
2013-08-14,676.3783569335938
2013-08-16,656.9744262695312
2013-08-19,655.7017822265625
2013-08-20,640.558349609375
2013-08-21,633.6967163085938
2013-08-22,656.2549438476562
2013-08-23,674.884521484375
2013-08-26,679.5143432617188
2013-08-27,678.3338012695312
2013-08-28,703.82470703125
2013-08-29,718.2855834960938
2013-08-30,750.0479736328125
2013-09-02,758.772216796875
2013-09-03,738.2062377929688
2013-09-04,763.2913818359375
2013-09-05,734.38818359375
2013-09-06,733.6688842773438
2013-09-10,733.3367309570312
2013-09-11,735.5133666992188
2013-09-12,725.9589233398438
2013-09-13,720.7388305664062
2013-09-16,701.8509521484375
2013-09-17,718.4146728515625
2013-09-18,721.015380859375
2013-09-19,725.3685913085938
2013-09-20,719.4661865234375
2013-09-23,721.2366943359375
2013-09-24,715.4819946289062
2013-09-25,722.6939086914062
2013-09-26,716.7362060546875
2013-09-27,718.6544799804688
2013-09-30,711.165771484375
2013-10-01,719.0050048828125
2013-10-03,746.8754272460938
2013-10-04,750.1953125
2013-10-07,770.9092407226562
2013-10-08,760.4693603515625
2013-10-09,771.3148803710938
2013-10-10,767.312255859375
2013-10-11,782.8247680664062
2013-10-14,816.283935546875
2013-10-15,817.2615356445312
2013-10-17,777.8078002929688
2013-10-18,782.3082275390625
2013-10-21,764.2321166992188
2013-10-22,770.7618408203125
2013-10-23,760.3585815429688
2013-10-24,741.0099487304688
2013-10-25,764.3153686523438
2013-10-28,762.9107666015625
2013-10-29,765.073486328125
2013-10-30,773.2606201171875
2013-10-31,780.6904296875
2013-11-01,775.3489379882812
2013-11-05,754.7972412109375
2013-11-06,772.9462890625
2013-11-07,784.3497924804688
2013-11-08,772.8541259765625
2013-11-11,774.258544921875
2013-11-12,771.4862670898438
2013-11-13,757.384765625
2013-11-14,748.9569702148438
2013-11-18,755.53662109375
2013-11-19,750.32470703125
2013-11-20,747.9960327148438
2013-11-21,734.3193969726562
2013-11-22,739.5867919921875
2013-11-25,744.1703491210938
2013-11-26,736.94384765625
2013-11-27,734.2638549804688
2013-11-28,733.5800170898438
2013-11-29,740.88037109375
2013-12-02,744.4105834960938
2013-12-03,746.9608764648438
2013-12-04,739.2911376953125
2013-12-05,734.5227661132812
2013-12-06,739.3834228515625
2013-12-09,741.0651245117188
2013-12-10,769.8600463867188
2013-12-11,760.7300415039062
2013-12-12,749.955078125
2013-12-13,739.9378051757812
2013-12-16,746.3511352539062
2013-12-17,756.03564453125
2013-12-18,759.8985595703125
2013-12-19,769.3978881835938
2013-12-20,783.832275390625
2013-12-23,779.58154296875
2013-12-24,780.1913452148438
2013-12-26,776.34716796875
2013-12-27,798.65478515625
2013-12-30,796.9542236328125
2013-12-31,802.8684692382812
2014-01-01,795.937744140625
2014-01-02,801.0017700195312
2014-01-03,821.4057006835938
2014-01-06,827.8375854492188
2014-01-07,815.472900390625
2014-01-08,825.2684326171875
2014-01-09,828.7059936523438
2014-01-10,843.1035766601562
2014-01-13,875.5761108398438
2014-01-14,860.0511474609375
2014-01-15,869.975830078125
2014-01-16,868.756103515625
2014-01-17,818.0234375
2014-01-20,864.283447265625
2014-01-21,842.8817138671875
2014-01-22,840.5712890625
2014-01-23,832.587158203125
2014-01-24,831.2010498046875
2014-01-27,825.6097412109375
2014-01-28,819.2219848632812
2014-01-29,818.2779541015625
2014-01-30,821.1661987304688
2014-01-31,829.8499145507812
2014-02-03,812.59375
2014-02-04,796.6340942382812
2014-02-05,812.5751342773438
2014-02-06,805.484130859375
2014-02-07,794.0606079101562
2014-02-10,775.2310791015625
2014-02-11,778.2489624023438
2014-02-12,779.6375732421875
2014-02-13,790.1167602539062
2014-02-14,802.76220703125
2014-02-17,801.8368530273438
2014-02-18,802.05908203125
2014-02-19,813.8895263671875
2014-02-20,810.7056274414062
2014-02-21,816.759765625
2014-02-24,806.465576171875
2014-02-25,810.5386962890625
2014-02-26,808.0392456054688
2014-02-28,842.6989135742188
2014-03-03,829.4793090820312
2014-03-04,829.7013549804688
2014-03-05,833.8671875
2014-03-06,829.73828125
2014-03-07,825.20263671875
2014-03-10,793.412353515625
2014-03-11,796.7450561523438
2014-03-12,807.039306640625
2014-03-13,795.9673461914062
2014-03-14,792.2647705078125
2014-03-18,785.7660522460938
2014-03-19,755.179443359375
2014-03-20,780.65576171875
2014-03-21,787.6173706054688
2014-03-24,797.0969848632812
2014-03-25,794.8937377929688
2014-03-26,775.2125244140625
2014-03-27,775.4901733398438
2014-03-28,778.3972778320312
2014-03-31,789.8947143554688
2014-04-01,806.0211181640625
2014-04-02,804.3731079101562
2014-04-03,802.2439575195312
2014-04-04,792.0054931640625
2014-04-07,797.541015625
2014-04-09,792.5791015625
2014-04-10,787.3026123046875
2014-04-11,801.3550415039062
2014-04-15,834.18212890625
2014-04-16,813.27880859375
2014-04-17,823.1285400390625
2014-04-21,822.702880859375
2014-04-22,822.4436645507812
2014-04-23,819.7405395507812
2014-04-24,819.7405395507812
2014-04-25,816.593017578125
2014-04-28,811.4459838867188
2014-04-29,812.5198974609375
2014-04-30,810.6497802734375
2014-05-02,817.7778930664062
2014-05-05,819.7219848632812
2014-05-06,814.2415161132812
2014-05-07,801.8922729492188
2014-05-08,800.5963134765625
2014-05-09,799.8003540039062
2014-05-12,799.5963134765625
2014-05-13,818.7034301757812
2014-05-14,820.6106567382812
2014-05-15,812.1122436523438
2014-05-16,800.1146240234375
2014-05-19,754.1797485351562
2014-05-20,765.8439331054688
2014-05-21,771.2688598632812
2014-05-22,782.0444946289062
2014-05-23,787.9505615234375
2014-05-26,797.6154174804688
2014-05-27,789.2651977539062
2014-05-28,796.337890625
2014-05-29,799.8186645507812
2014-05-30,792.9312133789062
2014-06-02,788.6726684570312
2014-06-03,788.2096557617188
2014-06-04,773.6387939453125
2014-06-05,779.1559448242188
2014-06-06,779.1935424804688
2014-06-09,790.2408447265625
2014-06-10,806.821044921875
2014-06-11,825.0645141601562
2014-06-12,836.4298095703125
2014-06-13,827.5321044921875
2014-06-16,848.542236328125
2014-06-17,852.3184204101562
2014-06-18,832.578857421875
2014-06-19,850.8975830078125
2014-06-20,857.0099487304688
2014-06-23,848.2061767578125
2014-06-24,863.2347412109375
2014-06-25,863.7952270507812
2014-06-26,862.7115478515625
2014-06-27,897.0682373046875
2014-06-30,906.7317504882812
2014-07-01,893.7779541015625
2014-07-02,897.8341064453125
2014-07-03,903.9278564453125
2014-07-04,901.1616821289062
2014-07-07,930.3403930664062
2014-07-08,915.7230834960938
2014-07-09,896.5444946289062
2014-07-10,879.2166137695312
2014-07-11,895.1609497070312
2014-07-14,907.049560546875
2014-07-15,896.9744873046875
2014-07-16,897.9276123046875
2014-07-17,890.4883422851562
2014-07-18,912.6386108398438
2014-07-21,921.0692749023438
2014-07-22,946.7337036132812
2014-07-23,966.8276977539062
2014-07-24,970.21142578125
2014-07-25,974.1553344726562
2014-07-28,985.0162353515625
2014-07-30,987.2041625976562
2014-07-31,981.4973754882812
2014-08-01,957.2836303710938
2014-08-04,960.9550170898438
2014-08-05,960.060791015625
2014-08-06,953.57470703125
2014-08-07,939.5564575195312
2014-08-08,942.9422607421875
2014-08-11,939.024169921875
2014-08-12,940.2981567382812
2014-08-13,951.064453125
2014-08-14,950.9500122070312
2014-08-18,946.328369140625
2014-08-19,927.6495361328125
2014-08-20,926.7740478515625
2014-08-21,925.3477783203125
2014-08-22,937.4263916015625
2014-08-25,959.4332885742188
2014-08-26,963.9032592773438
2014-08-27,970.0467529296875
2014-08-28,959.5470581054688
2014-09-01,965.1780395507812
2014-09-02,965.462646484375
2014-09-03,991.5218505859375
2014-09-04,983.2857666015625
2014-09-05,988.5543823242188
2014-09-08,1005.330810546875
2014-09-09,1000.9750366210938
2014-09-10,989.1436157226562
2014-09-11,988.4595947265625
2014-09-12,991.9781494140625
2014-09-15,973.2232055664062
2014-09-16,970.3896484375
2014-09-17,985.7391967773438
2014-09-18,1005.1785888671875
2014-09-19,1032.530517578125
2014-09-22,1035.421875
2014-09-23,1022.6398315429688
2014-09-24,1005.4452514648438
2014-09-25,1030.400390625
2014-09-26,1021.0418701171875
2014-09-29,1052.9781494140625
2014-09-30,1041.05224609375
2014-10-01,1055.888427734375
2014-10-07,1039.054931640625
2014-10-08,1020.7374267578125
2014-10-09,1029.4300537109375
2014-10-10,1018.9495849609375
2014-10-13,1033.4248046875
2014-10-14,1026.8245849609375
2014-10-15,1026.8245849609375
2014-10-16,1018.79736328125
2014-10-17,928.6571655273438
2014-10-20,921.8670043945312
2014-10-21,925.709228515625
2014-10-22,932.7276611328125
2014-10-27,934.7440185546875
2014-10-28,942.9046020507812
2014-10-29,955.2734375
2014-10-30,975.1526489257812
2014-10-31,994.078369140625
2014-11-03,987.4075927734375
2014-11-05,990.8956298828125
2014-11-07,980.7371215820312
2014-11-10,979.5172729492188
2014-11-11,983.72900390625
2014-11-12,987.9412841796875
2014-11-13,986.68310546875
2014-11-14,993.5451049804688
2014-11-17,998.0623168945312
2014-11-18,985.6920776367188
2014-11-19,981.080322265625
2014-11-20,993.163818359375
2014-11-21,999.5294799804688
2014-11-24,1013.0808715820312
2014-11-25,1004.8087768554688
2014-11-26,1001.4923706054688
2014-11-27,1011.4034423828125
2014-11-28,1007.4768676757812
2014-12-01,1026.5174560546875
2014-12-02,1012.9284057617188
2014-12-03,1004.5612182617188
2014-12-04,1005.5520629882812
2014-12-05,983.0624389648438
2014-12-08,957.8466796875
2014-12-09,958.6279296875
2014-12-10,955.978759765625
2014-12-11,949.9754638671875
2014-12-12,934.1751098632812
2014-12-15,899.086669921875
2014-12-16,931.2591552734375
2014-12-17,931.6592407226562
2014-12-18,937.9868774414062
2014-12-19,956.989013671875
2014-12-22,958.0753173828125
2014-12-23,959.3331298828125
2014-12-24,945.3056030273438
2014-12-26,954.8734130859375
2014-12-29,961.696533203125
2014-12-30,964.4219360351562
2014-12-31,975.1715698242188
2015-01-01,970.3311157226562
2015-01-02,983.2523803710938
2015-01-05,968.3101196289062
2015-01-06,932.6119995117188
2015-01-07,921.5958251953125
2015-01-08,931.5448608398438
2015-01-09,957.6561889648438
2015-01-12,956.6649169921875
2015-01-13,952.1669311523438
2015-01-14,961.3343505859375
2015-01-15,967.8721923828125
2015-01-16,965.22265625
2015-01-19,957.160400390625
2015-01-20,953.1387329101562
2015-01-21,958.2279052734375
2015-01-22,958.132568359375
2015-01-23,954.3396606445312
2015-01-27,955.6572875976562
2015-01-28,970.0001831054688
2015-01-29,971.9285888671875
2015-01-30,948.0183715820312
2015-02-02,960.2979125976562
2015-02-03,977.123046875
2015-02-04,960.3364868164062
2015-02-05,974.8887329101562
2015-02-06,983.8070068359375
2015-02-09,959.8014526367188
2015-02-10,932.3964233398438
2015-02-11,939.5581665039062
2015-02-12,940.4174194335938
2015-02-13,969.6749267578125
2015-02-16,987.2639770507812
2015-02-18,1006.6859741210938
2015-02-19,1024.0262451171875
2015-02-20,1021.9257202148438
2015-02-23,1029.98486328125
2015-02-24,1033.0784912109375
2015-02-25,1020.6465454101562
2015-02-26,1014.6304321289062
2015-02-27,1016.8837890625
2015-03-02,1019.5770874023438
2015-03-03,1060.2930908203125
2015-03-04,1048.834228515625
2015-03-05,1029.90869140625
2015-03-09,1010.9447021484375
2015-03-10,1009.3785400390625
2015-03-11,995.5714111328125
2015-03-12,1000.345458984375
2015-03-13,986.3283081054688
2015-03-16,978.6701049804688
2015-03-17,986.84375
2015-03-18,977.54345703125
2015-03-19,991.6371459960938
2015-03-20,997.25146484375
2015-03-23,999.6197509765625
2015-03-24,989.7464599609375
2015-03-25,983.0433959960938
2015-03-26,959.8782958984375
2015-03-27,960.5272216796875
2015-03-30,979.37646484375
2015-03-31,975.480712890625
2015-04-01,971.16455078125
2015-04-06,972.94091796875
2015-04-07,987.34033203125
2015-04-08,1008.8822631835938
2015-04-09,1017.7246704101562
2015-04-10,1013.599365234375
2015-04-13,1014.2680053710938
2015-04-15,1003.6688842773438
2015-04-16,986.4995727539062
2015-04-17,945.2686767578125
2015-04-20,927.6796875
2015-04-21,927.0113525390625
2015-04-22,933.9055786132812
2015-04-23,938.5458374023438
2015-04-24,952.2200317382812
2015-04-27,954.9507446289062
2015-04-28,952.9650268554688
2015-04-29,950.0238037109375
2015-04-30,941.0095825195312
2015-05-04,947.8278198242188
2015-05-05,961.6925048828125
2015-05-06,940.761474609375
2015-05-07,972.1575317382812
2015-05-08,965.2827758789062
2015-05-11,976.2637329101562
2015-05-12,963.620849609375
2015-05-13,960.7562866210938
2015-05-14,954.5880126953125
2015-05-15,959.1329956054688
2015-05-18,962.6666259765625
2015-05-19,959.72509765625
2015-05-20,976.6648559570312
2015-05-21,976.0726928710938
2015-05-22,999.9058837890625
2015-05-25,993.4513549804688
2015-05-26,996.4498901367188
2015-05-27,998.8939208984375
2015-05-28,996.6982421875
2015-05-29,997.0036010742188
2015-06-01,999.8489379882812
2015-06-02,993.0311279296875
2015-06-03,997.2328491210938
2015-06-04,995.2274169921875
2015-06-05,992.991943359375
2015-06-08,993.6084594726562
2015-06-09,987.5176391601562
2015-06-10,1002.5899658203125
2015-06-11,991.2376098632812
2015-06-12,965.9872436523438
2015-06-15,965.6019287109375
2015-06-16,968.3770141601562
2015-06-17,969.0713500976562
2015-06-18,975.3355712890625
2015-06-19,982.8529052734375
2015-06-22,999.0245361328125
2015-06-23,992.509765625
2015-06-24,990.8521728515625
2015-06-25,983.0263671875
2015-06-26,999.5258178710938
2015-06-29,999.5645751953125
2015-06-30,983.3926391601562
2015-07-01,999.6414794921875
2015-07-02,993.7243041992188
2015-07-03,1003.8048706054688
2015-07-06,1015.1386108398438
2015-07-07,1008.5656127929688
2015-07-08,1000.4124755859375
2015-07-09,972.4248657226562
2015-07-10,953.8633422851562
2015-07-13,967.4326782226562
2015-07-14,963.5587158203125
2015-07-15,981.3878784179688
2015-07-16,979.248046875
2015-07-17,988.5774536132812
2015-07-20,996.400146484375
2015-07-21,989.5430297851562
2015-07-22,976.6593017578125
2015-07-23,961.4186401367188
2015-07-24,967.812255859375
2015-07-27,964.68310546875
2015-07-28,966.61474609375
2015-07-29,968.4303588867188
2015-07-30,958.347412109375
2015-07-31,969.9759521484375
2015-08-03,969.5316772460938
2015-08-04,969.2611694335938
2015-08-05,984.0383911132812
2015-08-06,994.1408081054688
2015-08-07,985.931640625
2015-08-10,993.6771240234375
2015-08-11,1006.07861328125
2015-08-12,1032.1553955078125
2015-08-13,1018.2088623046875
2015-08-14,1044.324951171875
2015-08-17,1037.197265625
2015-08-18,1058.8897705078125
2015-08-19,1056.069091796875
2015-08-20,1038.0086669921875
2015-08-21,1033.8748779296875
2015-08-24,996.2076416015625
2015-08-25,991.7647094726562
2015-08-26,995.4734497070312
2015-08-27,994.6619262695312
2015-08-28,993.1941528320312
2015-08-31,990.567138671875
2015-09-01,980.2715454101562
2015-09-02,1001.2880249023438
2015-09-03,1006.6189575195312
2015-09-04,984.1542358398438
2015-09-07,981.179443359375
2015-09-08,981.3917846679688
2015-09-09,985.0419921875
2015-09-10,983.3623657226562
2015-09-11,985.9121704101562
2015-09-14,985.776611328125
2015-09-15,980.2135009765625
2015-09-16,985.2744750976562
2015-09-18,985.6219482421875
2015-09-21,985.544677734375
2015-09-22,976.176513671875
2015-09-23,978.4366455078125
2015-09-24,996.8834228515625
2015-09-28,1002.0220947265625
2015-09-29,999.9163208007812
2015-09-30,999.839111328125
2015-10-01,1021.6861572265625
2015-10-05,1047.5894775390625
2015-10-06,1043.088623046875
2015-10-07,1025.2979736328125
2015-10-08,1017.5137329101562
2015-10-09,1015.9103393554688
2015-10-12,1001.5968627929688
2015-10-13,1003.89599609375
2015-10-14,959.525634765625
2015-10-15,953.3640747070312
2015-10-16,955.0054931640625
2015-10-19,961.4766235351562
2015-10-20,976.1567993164062
2015-10-21,977.4130249023438
2015-10-23,982.3101806640625
2015-10-26,982.0784301757812
2015-10-27,979.9676513671875
2015-10-28,979.19384765625
2015-10-29,966.1267700195312
2015-10-30,966.068603515625
2015-11-02,974.6443481445312
2015-11-03,984.7495727539062
2015-11-04,981.0136108398438
2015-11-05,961.2093505859375
2015-11-06,970.1530151367188
2015-11-09,956.8345336914062
2015-11-10,951.72412109375
2015-11-13,928.2032470703125
2015-11-16,919.3758544921875
2015-11-17,925.5514526367188
2015-11-18,910.4124755859375
2015-11-19,914.7103881835938
2015-11-20,928.5709228515625
2015-11-23,925.7448120117188
2015-11-24,916.8009643554688
2015-11-26,908.1282958984375
2015-11-27,911.1483154296875
2015-11-30,918.9691162109375
2015-12-01,914.458740234375
2015-12-02,915.7365112304688
2015-12-03,910.1416625976562
2015-12-04,901.488525390625
2015-12-07,898.1587524414062
2015-12-08,901.720947265625
2015-12-09,916.6848754882812
2015-12-10,923.2279052734375
2015-12-11,923.789306640625
2015-12-14,920.8663330078125
2015-12-15,919.8598022460938
2015-12-16,932.4620361328125
2015-12-17,944.5999145507812
2015-12-18,935.714599609375
2015-12-21,947.1743774414062
2015-12-22,931.165283203125
2015-12-23,939.198974609375
2015-12-24,942.4703979492188
2015-12-28,953.485595703125
2015-12-29,950.8139038085938
2015-12-30,936.2947998046875
2015-12-31,943.47705078125
2016-01-01,935.5595703125
2016-01-04,917.4403076171875
2016-01-05,909.44482421875
2016-01-06,922.0858764648438
2016-01-07,918.0787353515625
2016-01-08,928.2807006835938
2016-01-11,914.6328125
2016-01-12,900.9658813476562
2016-01-13,882.4396362304688
2016-01-14,882.2848510742188
2016-01-15,875.4318237304688
2016-01-18,881.8395385742188
2016-01-19,882.4783325195312
2016-01-20,882.788330078125
2016-01-21,874.9871215820312
2016-01-22,890.9967651367188
2016-01-25,894.450927734375
2016-01-27,900.3111572265625
2016-01-28,904.7546997070312
2016-01-29,928.080078125
2016-02-01,932.5045776367188
2016-02-02,930.7191772460938
2016-02-03,937.7832641601562
2016-02-04,939.2384033203125
2016-02-05,939.9757080078125
2016-02-08,917.0775756835938
2016-02-09,885.4271240234375
2016-02-10,880.537109375
2016-02-11,853.0398559570312
2016-02-12,864.1591186523438
2016-02-15,880.6729736328125
2016-02-16,879.2756958007812
2016-02-17,883.1569213867188
2016-02-18,898.7975463867188
2016-02-19,900.2725219726562
2016-02-22,898.8168334960938
2016-02-23,878.67431640625
2016-02-24,858.085205078125
2016-02-25,858.8226318359375
2016-02-26,857.9104614257812
2016-02-29,844.831298828125
2016-03-01,883.5835571289062
2016-03-02,899.9620971679688
2016-03-03,921.036376953125
2016-03-04,914.981689453125
2016-03-08,913.7202758789062
2016-03-09,914.865234375
2016-03-10,911.3917236328125
2016-03-11,917.9700927734375
2016-03-14,913.9918212890625
2016-03-15,904.2503051757812
2016-03-16,903.1444702148438
2016-03-17,912.8470458984375
2016-03-18,941.4892578125
2016-03-21,949.4066772460938
2016-03-22,959.8274536132812
2016-03-23,960.0989379882812
2016-03-28,959.9432983398438
2016-03-29,958.3912963867188
2016-03-30,966.1923828125
2016-03-31,978.1458129882812
2016-04-01,952.3758544921875
2016-04-04,959.1093139648438
2016-04-05,955.81005859375
2016-04-06,963.2427368164062
2016-04-07,958.9347534179688
2016-04-08,943.8955688476562
2016-04-11,972.848388671875
2016-04-12,977.3116455078125
2016-04-13,980.4357299804688
2016-04-18,977.9329223632812
2016-04-20,950.998046875
2016-04-21,940.9263916015625
2016-04-22,938.07373046875
2016-04-25,951.3470458984375
2016-04-26,966.3087768554688
2016-04-27,974.57568359375
2016-04-28,981.0374755859375
2016-04-29,984.0452270507812
2016-05-02,980.6300048828125
2016-05-03,961.76806640625
2016-05-04,961.729248046875
2016-05-05,958.740478515625
2016-05-06,959.9432983398438
2016-05-09,975.1380615234375
2016-05-10,979.1551513671875
2016-05-11,977.3699340820312
2016-05-12,995.9603271484375
2016-05-13,979.348876953125
2016-05-16,990.1188354492188
2016-05-17,997.5125122070312
2016-05-18,990.0999145507812
2016-05-19,992.3702392578125
2016-05-20,981.63916015625
2016-05-23,966.9492797851562
2016-05-24,957.7314453125
2016-05-25,980.5330200195312
2016-05-26,989.16845703125
2016-05-27,998.4635620117188
2016-05-30,1023.205322265625
2016-05-31,997.2017822265625
2016-06-01,1022.0989990234375
2016-06-02,1028.541259765625
2016-06-03,1020.5468139648438
2016-06-06,1024.44873046875
2016-06-07,1031.7615966796875
2016-06-08,1024.683837890625
2016-06-09,1010.6259155273438
2016-06-10,1002.1947631835938
2016-06-13,998.763671875
2016-06-14,993.999267578125
2016-06-15,1002.6262817382812
2016-06-16,1003.1947021484375
2016-06-17,1020.566650390625
2016-06-20,1042.800537109375
2016-06-21,1039.624267578125
2016-06-22,1046.0745849609375
2016-06-23,1037.3299560546875
2016-06-24,1009.3316040039062
2016-06-27,978.7059936523438
2016-06-28,966.1971435546875
2016-06-29,981.4705810546875
2016-06-30,1001.156005859375
2016-07-01,980.6671142578125
2016-07-04,978.0589599609375
2016-07-05,974.5689697265625
2016-07-07,952.8060302734375
2016-07-08,951.5506591796875
2016-07-11,966.2755737304688
2016-07-12,966.5890502929688
2016-07-13,977.6281127929688
2016-07-14,988.921142578125
2016-07-15,958.9035034179688
2016-07-18,954.2367553710938
2016-07-19,967.0794067382812
2016-07-20,978.3532104492188
2016-07-21,982.7062377929688
2016-07-22,986.2546997070312
2016-07-25,1006.0496215820312
2016-07-26,1003.5536499023438
2016-07-27,1013.362060546875
2016-07-28,1029.75634765625
2016-07-29,1029.7763671875
2016-08-01,1064.7470703125
2016-08-02,1061.189208984375
2016-08-03,1044.322998046875
2016-08-04,1042.63232421875
2016-08-05,1041.492431640625
2016-08-08,1041.64892578125
2016-08-09,1041.9249267578125
2016-08-10,1051.832275390625
2016-08-11,1065.3955078125
2016-08-12,1076.6202392578125
2016-08-16,1058.2406005859375
2016-08-17,1031.84033203125
2016-08-18,1037.344482421875
2016-08-19,1023.5643310546875
2016-08-22,1002.0200805664062
2016-08-23,1022.6015014648438
2016-08-24,1011.2001342773438
2016-08-25,1002.943603515625
2016-08-26,992.6826171875
2016-08-29,983.0896606445312
2016-08-30,1000.231201171875
2016-08-31,987.3163452148438
2016-09-01,985.8218994140625
2016-09-02,988.6922607421875
2016-09-06,976.602783203125
2016-09-07,959.5008544921875
2016-09-08,912.9321899414062
2016-09-09,924.8644409179688
2016-09-12,927.4590454101562
2016-09-14,915.4287109375
2016-09-15,914.8388061523438
2016-09-16,928.5009765625
2016-09-19,948.0599975585938
2016-09-20,946.1139526367188
2016-09-21,948.8267211914062
2016-09-22,934.9094848632812
2016-09-23,942.8115844726562
2016-09-26,943.9910278320312
2016-09-27,957.7510986328125
2016-09-28,952.6209106445312
2016-09-29,958.4194946289062
2016-09-30,955.66796875
2016-10-03,948.158203125
2016-10-04,945.5834350585938
2016-10-05,938.1921997070312
2016-10-06,939.1355590820312
2016-10-07,930.8990478515625
2016-10-10,935.8134155273438
2016-10-13,915.6057739257812
2016-10-14,930.27001953125
2016-10-17,928.7959594726562
2016-10-18,943.63720703125
2016-10-19,941.6318359375
2016-10-20,944.0107421875
2016-10-21,954.8220825195312
2016-10-24,957.0098876953125
2016-10-25,945.4795532226562
2016-10-26,944.6127319335938
2016-10-27,953.2257690429688
2016-10-28,945.578369140625
2016-11-01,926.3805541992188
2016-11-02,908.2669677734375
2016-11-03,914.3375244140625
2016-11-04,918.7133178710938
2016-11-07,897.623291015625
2016-11-08,900.0475463867188
2016-11-09,855.3644409179688
2016-11-10,849.6878662109375
2016-11-11,828.2825927734375
2016-11-15,836.2259521484375
2016-11-16,863.1502685546875
2016-11-17,842.493896484375
2016-11-18,837.723876953125
2016-11-21,840.7987060546875
2016-11-22,841.6268310546875
2016-11-23,850.0430297851562
2016-11-24,862.6968994140625
2016-11-25,906.8082885742188
2016-11-28,899.8109741210938
2016-11-29,890.843017578125
2016-11-30,897.22900390625
2016-12-01,892.2620849609375
2016-12-02,875.863037109375
2016-12-05,861.7308959960938
2016-12-06,860.2921752929688
2016-12-07,849.3331909179688
2016-12-08,865.5745849609375
2016-12-09,865.3777465820312
2016-12-12,870.482177734375
2016-12-13,867.3681030273438
2016-12-14,870.245849609375
2016-12-15,890.6260986328125
2016-12-16,899.8307495117188
2016-12-19,902.2946166992188
2016-12-20,922.16259765625
2016-12-21,912.0313110351562
2016-12-22,909.7056884765625
2016-12-23,901.9793090820312
2016-12-26,903.9502563476562
2016-12-27,915.8944702148438
2016-12-28,911.9525146484375
2016-12-29,927.0503540039062
2016-12-30,932.5101318359375
2017-01-02,930.854736328125
2017-01-03,933.57470703125
2017-01-04,938.0097045898438
2017-01-05,920.230712890625
2017-01-06,899.3378295898438
2017-01-09,908.1287231445312
2017-01-10,912.72119140625
2017-01-11,916.2890625
2017-01-12,924.1529541015625
2017-01-13,886.68408203125
2017-01-16,890.3309326171875
2017-01-17,898.29345703125
2017-01-18,904.7386474609375
2017-01-19,903.1221313476562
2017-01-20,900.8953857421875
2017-01-23,911.9051513671875
2017-01-24,916.5108032226562
2017-01-25,930.2088623046875
2017-01-27,932.1065673828125
2017-01-30,922.2626953125
2017-01-31,881.5043334960938
2017-02-01,857.033447265625
2017-02-02,872.7479248046875
2017-02-03,882.5914306640625
2017-02-06,885.8330688476562
2017-02-07,887.3553466796875
2017-02-08,897.7720336914062
2017-02-09,916.095703125
2017-02-10,947.9786987304688
2017-02-13,954.4227905273438
2017-02-14,951.260009765625
2017-02-15,954.2050170898438
2017-02-16,967.6659545898438
2017-02-17,951.9124755859375
2017-02-20,989.19189453125
2017-02-21,974.624267578125
2017-02-22,953.3356323242188
2017-02-23,981.1271362304688
2017-02-27,984.3095092773438
2017-02-28,974.9797973632812
2017-03-01,980.2379150390625
2017-03-02,988.8955688476562
2017-03-03,985.969970703125
2017-03-06,977.4505004882812
2017-03-07,988.2430419921875
2017-03-08,993.1453247070312
2017-03-09,996.1302490234375
2017-03-10,1005.0250244140625
2017-03-14,1015.00732421875
2017-03-15,987.6502075195312
2017-03-16,996.5844116210938
2017-03-17,998.501953125
2017-03-20,980.4156494140625
2017-03-21,983.0643920898438
2017-03-22,980.000244140625
2017-03-23,972.6473388671875
2017-03-24,959.5419311523438
2017-03-27,953.5531005859375
2017-03-28,960.6292114257812
2017-03-29,966.4207763671875
2017-03-30,964.997802734375
2017-03-31,961.3606567382812
2017-04-03,953.414306640625
2017-04-05,949.2836303710938
2017-04-06,948.809326171875
2017-04-07,960.2734985351562
2017-04-10,957.5855712890625
2017-04-11,956.4187622070312
2017-04-12,946.1209106445312
2017-04-13,920.5823364257812
2017-04-17,915.1272583007812
2017-04-18,912.7352905273438
2017-04-19,908.9203491210938
2017-04-20,919.3372192382812
2017-04-21,913.5260009765625
2017-04-24,920.3651123046875
2017-04-25,913.8026123046875
2017-04-26,913.3480224609375
2017-04-27,910.303955078125
2017-04-28,898.6416625976562
2017-05-02,905.2633666992188
2017-05-03,924.0020141601562
2017-05-04,921.1559448242188
2017-05-05,917.3609619140625
2017-05-08,926.0380249023438
2017-05-09,930.0310668945312
2017-05-10,922.0847778320312
2017-05-11,928.8056030273438
2017-05-12,933.233154296875
2017-05-15,934.9925537109375
2017-05-16,960.3131103515625
2017-05-17,970.6707153320312
2017-05-18,1002.6328125
2017-05-19,991.1484985351562
2017-05-22,1000.7158813476562
2017-05-23,996.9008178710938
2017-05-24,1011.7058715820312
2017-05-25,1037.579833984375
2017-05-26,1019.2567749023438
2017-05-29,1017.121826171875
2017-05-30,1008.5234375
2017-05-31,1006.7445068359375
2017-06-01,1009.5119018554688
2017-06-02,1013.9790649414062
2017-06-05,1029.4163818359375
2017-06-06,1065.806884765625
2017-06-07,1033.883544921875
2017-06-08,996.8616333007812
2017-06-09,991.0892944335938
2017-06-12,983.2621459960938
2017-06-13,980.0040893554688
2017-06-14,987.458984375
2017-06-15,963.8742065429688
2017-06-16,959.2772216796875
2017-06-19,972.0689697265625
2017-06-20,977.385986328125
2017-06-21,961.9155883789062
2017-06-22,957.3385009765625
2017-06-23,944.0865478515625
2017-06-27,936.5512084960938
2017-06-28,939.4296875
2017-06-29,932.7138061523438
2017-06-30,944.3464965820312
2017-07-03,948.8436889648438
2017-07-04,946.14501953125
2017-07-05,941.8080444335938
2017-07-06,938.4296875
2017-07-07,932.1942138671875
2017-07-10,973.367919921875
2017-07-11,989.6978759765625
2017-07-12,975.1666870117188
2017-07-13,977.9451293945312
2017-07-14,958.3776245117188
2017-07-17,957.5780029296875
2017-07-18,962.7347412109375
2017-07-19,979.2241821289062
2017-07-20,977.2657470703125
2017-07-21,995.8544311523438
2017-07-24,1014.4944458007812
2017-07-25,1030.85009765625
2017-07-26,1024.636962890625
2017-07-27,994.85205078125
2017-07-28,995.8941650390625
2017-07-31,998.9007568359375
2017-08-01,1002.849365234375
2017-08-02,991.6851806640625
2017-08-03,997.9585571289062
2017-08-04,1011.3280639648438
2017-08-07,1003.57080078125
2017-08-08,1003.4103393554688
2017-08-09,1006.9981079101562
2017-08-10,1006.7778930664062
2017-08-11,1000.604248046875
2017-08-14,989.9209594726562
2017-08-16,999.1210327148438
2017-08-17,996.435546875
2017-08-18,1007.7196655273438
2017-08-21,1013.7328491210938
2017-08-22,1001.2054443359375
2017-08-23,997.9585571289062
2017-08-24,1000.8245849609375
2017-08-28,997.0968627929688
2017-08-29,990.5023803710938
2017-08-30,995.994384765625
2017-08-31,1000.7246704101562
2017-09-01,984.729736328125
2017-09-04,984.6294555664062
2017-09-05,995.9141235351562
2017-09-06,983.4269409179688
2017-09-07,986.1931762695312
2017-09-08,990.4025268554688
2017-09-11,983.927978515625
2017-09-12,997.5574951171875
2017-09-13,997.8580932617188
2017-09-14,996.956298828125
2017-09-15,1004.6133422851562
2017-09-18,1001.806884765625
2017-09-19,1001.4861450195312
2017-09-20,999.602294921875
2017-09-21,1012.1696166992188
2017-09-22,1003.6309814453125
2017-09-25,1006.4970092773438
2017-09-26,992.0255126953125
2017-09-27,1000.1831665039062
2017-09-28,992.7470703125
2017-09-29,976.5115356445312
2017-10-03,981.5225830078125
2017-10-04,979.0575561523438
2017-10-05,973.96630859375
2017-10-06,980.801025390625
2017-10-09,983.78759765625
2017-10-10,985.85205078125
2017-10-11,1002.3281860351562
2017-10-12,1021.5099487304688
2017-10-13,1025.6788330078125
2017-10-16,1036.0218505859375
2017-10-17,1040.0909423828125
2017-10-18,1036.903564453125
2017-10-19,1035.8214111328125
2017-10-23,1037.4248046875
2017-10-24,1033.6163330078125
2017-10-25,1028.9935302734375
2017-10-26,1020.5325927734375
2017-10-27,1038.8017578125
2017-10-30,1051.62451171875
2017-10-31,1054.7601318359375
2017-11-01,1046.2584228515625
2017-11-02,1055.624267578125
2017-11-03,1053.1923828125
2017-11-06,1071.4613037109375
2017-11-07,1089.34912109375
2017-11-08,1099.378173828125
2017-11-09,1099.9407958984375
2017-11-10,1088.82666015625
2017-11-13,1109.0050048828125
2017-11-14,1091.17822265625
2017-11-15,1087.4398193359375
2017-11-16,1104.06103515625
2017-11-17,1088.2435302734375
2017-11-20,1086.6964111328125
2017-11-21,1074.4365234375
2017-11-22,1077.53125
2017-11-23,1077.7723388671875
2017-11-24,1080.505859375
2017-11-27,1079.62158203125
2017-11-28,1079.400390625
2017-11-29,1068.4869384765625
2017-11-30,1059.9853515625
2017-12-01,1057.1514892578125
2017-12-04,1058.116455078125
2017-12-05,1059.4024658203125
2017-12-06,1058.4984130859375
2017-12-07,1052.0467529296875
2017-12-08,1045.7156982421875
2017-12-11,1069.673095703125
2017-12-12,1049.9962158203125
2017-12-13,1056.5286865234375
2017-12-14,1028.1495361328125
2017-12-15,1023.24560546875
2017-12-18,1037.274658203125
2017-12-19,1035.183837890625
2017-12-20,1040.6710205078125
2017-12-21,1043.3841552734375
2017-12-22,1063.90478515625
2017-12-26,1064.9898681640625
2017-12-27,1053.11181640625
2017-12-28,1055.94580078125
2017-12-29,1085.79150390625
2018-01-01,1063.4427490234375
2018-01-02,1057.65380859375
2018-01-03,1060.648681640625
2018-01-04,1068.0645751953125
2018-01-05,1080.968017578125
2018-01-08,1091.0975341796875
2018-01-09,1088.92724609375
2018-01-10,1128.158935546875
2018-01-11,1121.6868896484375
2018-01-12,1115.9993896484375
2018-01-15,1103.8402099609375
2018-01-16,1145.9461669921875
2018-01-17,1161.2608642578125
2018-01-18,1173.0185546875
2018-01-19,1189.5394287109375
2018-01-22,1255.6580810546875
2018-01-23,1249.8560791015625
2018-01-24,1279.10791015625
2018-01-25,1257.53173828125
2018-01-29,1288.8792724609375
2018-01-30,1270.3443603515625
2018-01-31,1254.0263671875
2018-02-01,1264.60302734375
2018-02-02,1270.6668701171875
2018-02-05,1250.33984375
2018-02-06,1207.6505126953125
2018-02-07,1190.6474609375
2018-02-08,1198.3629150390625
2018-02-09,1197.35595703125
2018-02-12,1195.583251953125
2018-02-14,1173.22119140625
2018-02-15,1178.8819580078125
2018-02-16,1181.782958984375
2018-02-19,1177.9755859375
2018-02-20,1186.4971923828125
2018-02-21,1225.80224609375
2018-02-22,1228.985107421875
2018-02-23,1239.2998046875
2018-02-26,1221.5308837890625
2018-02-27,1225.82177734375
2018-02-28,1222.880859375
2018-03-01,1223.9482421875
2018-03-05,1251.4078369140625
2018-03-06,1226.0032958984375
2018-03-07,1219.8184814453125
2018-03-08,1210.3497314453125
2018-03-09,1222.4979248046875
2018-03-12,1229.770751953125
2018-03-13,1163.1480712890625
2018-03-14,1163.188232421875
2018-03-15,1156.258056640625
2018-03-16,1138.52978515625
2018-03-19,1140.6649169921875
2018-03-20,1154.303955078125
2018-03-21,1151.04052734375
2018-03-22,1140.805908203125
2018-03-23,1135.4874267578125
2018-03-26,1135.024169921875
2018-03-27,1147.3939208984375
2018-03-28,1147.9781494140625
2018-04-02,1172.3546142578125
2018-04-03,1172.99951171875
2018-04-04,1172.8582763671875
2018-04-05,1191.8157958984375
2018-04-06,1188.733642578125
2018-04-09,1178.0963134765625
2018-04-10,1183.6162109375
2018-04-11,1214.459716796875
2018-04-12,1264.8651123046875
2018-04-13,1270.52587890625
2018-04-16,1284.3665771484375
2018-04-17,1275.885009765625
2018-04-18,1272.86328125
2018-04-19,1285.7769775390625
2018-04-20,1370.9132080078125
2018-04-23,1373.41162109375
2018-04-24,1364.14404296875
2018-04-25,1398.231201171875
2018-04-26,1426.03271484375
2018-04-27,1390.8580322265625
2018-04-30,1423.1519775390625
2018-05-02,1410.1173095703125
2018-05-03,1402.9056396484375
2018-05-04,1402.4617919921875
2018-05-07,1378.367431640625
2018-05-08,1386.526611328125
2018-05-09,1405.906982421875
2018-05-10,1390.5760498046875
2018-05-11,1392.87255859375
2018-05-14,1383.4442138671875
2018-05-15,1403.1265869140625
2018-05-16,1407.760498046875
2018-05-17,1406.9141845703125
2018-05-18,1411.0440673828125
2018-05-21,1433.0836181640625
2018-05-22,1413.8040771484375
2018-05-23,1408.244140625
2018-05-24,1452.0009765625
2018-05-25,1444.7889404296875
2018-05-28,1411.0440673828125
2018-05-29,1419.686767578125
2018-05-30,1415.8994140625
2018-05-31,1414.6810302734375
2018-06-01,1407.6925048828125
2018-06-04,1417.2808837890625
2018-06-05,1398.876708984375
2018-06-06,1402.2486572265625
2018-06-07,1410.2115478515625
2018-06-08,1419.5966796875
2018-06-11,1421.708984375
2018-06-12,1447.1414794921875
2018-06-13,1482.1624755859375
2018-06-14,1452.4637451171875
2018-06-15,1495.122314453125
2018-06-18,1486.143798828125
2018-06-19,1482.4873046875
2018-06-20,1480.821533203125
2018-06-21,1478.3028564453125
2018-06-22,1470.543212890625
2018-06-25,1478.2218017578125
2018-06-26,1504.8319091796875
2018-06-27,1509.708251953125
2018-06-28,1497.2755126953125
2018-06-29,1501.3790283203125
2018-07-02,1504.3040771484375
2018-07-03,1522.748779296875
2018-07-04,1516.3297119140625
2018-07-05,1527.8275146484375
2018-07-06,1554.357421875
2018-07-09,1530.02099609375
2018-07-10,1523.6021728515625
2018-07-11,1608.7564697265625
2018-07-12,1601.809814453125
2018-07-13,1609.7320556640625
2018-07-16,1616.3134765625
2018-07-17,1630.114013671875
2018-07-18,1628.5670166015625
2018-07-19,1613.2193603515625
2018-07-20,1625.5950927734375
2018-07-23,1632.963134765625
2018-07-24,1627.549072265625
2018-07-25,1613.30126953125
2018-07-26,1599.622802734375
2018-07-27,1582.565673828125
2018-07-30,1583.257568359375
2018-07-31,1579.67529296875
2018-08-01,1609.230224609375
2018-08-02,1586.351318359375
2018-08-03,1611.6318359375
2018-08-06,1608.4566650390625
2018-08-07,1601.7803955078125
2018-08-08,1607.1944580078125
2018-08-09,1607.479248046875
2018-08-10,1622.7457275390625
2018-08-13,1628.4854736328125
2018-08-14,1631.25341796875
2018-08-16,1635.2841796875
2018-08-17,1638.744384765625
2018-08-20,1636.46435546875
2018-08-21,1642.7337646484375
2018-08-23,1656.9412841796875
2018-08-24,1663.3731689453125
2018-08-27,1669.8052978515625
2018-08-28,1684.704833984375
2018-08-29,1686.9844970703125
2018-08-30,1695.4517822265625
2018-08-31,1692.1949462890625
2018-09-03,1671.4334716796875
2018-09-04,1708.8858642578125
2018-09-05,1692.8870849609375
2018-09-06,1689.6715087890625
2018-09-07,1693.3759765625
2018-09-10,1694.1082763671875
2018-09-11,1666.019287109375
2018-09-12,1664.1466064453125
2018-09-14,1681.61083984375
2018-09-17,1688.734619140625
2018-09-18,1685.966796875
2018-09-19,1691.787841796875
2018-09-21,1712.345947265625
2018-09-24,1789.9378662109375
2018-09-25,1777.5211181640625
2018-09-26,1744.099365234375
2018-09-27,1782.1214599609375
2018-09-28,1777.9285888671875
2018-10-01,1836.427490234375
2018-10-03,1760.952880859375
2018-10-04,1681.122314453125
2018-10-05,1711.9385986328125
2018-10-08,1691.503173828125
2018-10-09,1703.105224609375
2018-10-10,1663.86181640625
2018-10-11,1612.0394287109375
2018-10-12,1561.844970703125
2018-10-15,1587.2470703125
2018-10-16,1597.6688232421875
2018-10-17,1570.8824462890625
2018-10-19,1557.6922607421875
2018-10-22,1549.3878173828125
2018-10-23,1504.22802734375
2018-10-24,1508.18505859375
2018-10-25,1511.85693359375
2018-10-26,1467.87939453125
2018-10-29,1526.542724609375
2018-10-30,1545.9613037109375
2018-10-31,1581.330078125
2018-11-01,1579.3721923828125
2018-11-02,1561.177490234375
2018-11-05,1542.7381591796875
2018-11-06,1576.8834228515625
2018-11-07,1584.59375
2018-11-09,1557.710205078125
2018-11-12,1562.319580078125
2018-11-13,1578.7193603515625
2018-11-14,1534.4161376953125
2018-11-15,1528.0521240234375
2018-11-16,1539.2708740234375
2018-11-19,1552.202392578125
2018-11-20,1532.4583740234375
2018-11-21,1478.4044189453125
2018-11-22,1478.853515625
2018-11-26,1506.226806640625
2018-11-27,1542.2486572265625
2018-11-28,1618.65771484375
2018-11-29,1599.60595703125
2018-11-30,1605.888427734375
2018-12-03,1617.43359375
2018-12-04,1640.64599609375
2018-12-05,1637.300537109375
2018-12-06,1625.837158203125
2018-12-07,1627.876953125
2018-12-10,1612.048828125
2018-12-11,1631.793212890625
2018-12-12,1645.500732421875
2018-12-13,1617.5968017578125
2018-12-14,1623.430419921875
2018-12-17,1627.1427001953125
2018-12-18,1621.8800048828125
2018-12-19,1606.0518798828125
2018-12-20,1594.3031005859375
2018-12-21,1546.777099609375
2018-12-24,1565.297607421875
2018-12-26,1541.3919677734375
2018-12-27,1557.505859375
2018-12-28,1546.9808349609375
2018-12-31,1544.533203125
2019-01-01,1552.4884033203125
2019-01-02,1569.2138671875
2019-01-03,1550.1627197265625
2019-01-04,1531.3154296875
2019-01-07,1548.4901123046875
2019-01-08,1544.9410400390625
2019-01-09,1539.55615234375
2019-01-10,1540.862060546875
2019-01-11,1503.330322265625
2019-01-14,1479.4246826171875
2019-01-15,1523.9317626953125
2019-01-16,1525.8487548828125
2019-01-17,1548.8658447265625
2019-01-18,1554.0579833984375
2019-01-21,1560.6396484375
2019-01-22,1555.0799560546875
2019-01-23,1533.5758056640625
2019-01-24,1554.7939453125
2019-01-25,1570.5338134765625
2019-01-28,1598.4970703125
2019-01-29,1621.1866455078125
2019-01-30,1620.082763671875
2019-01-31,1646.8197021484375
2019-02-01,1659.7794189453125
2019-02-04,1676.3778076171875
2019-02-05,1671.7171630859375
2019-02-06,1696.450927734375
2019-02-07,1703.07373046875
2019-02-08,1685.4942626953125
2019-02-11,1689.1737060546875
2019-02-12,1677.4814453125
2019-02-14,1671.7578125
2019-02-15,1659.5750732421875
2019-02-18,1611.0067138671875
2019-02-19,1557.4508056640625
2019-02-20,1565.5865478515625
2019-02-21,1565.1370849609375
2019-02-22,1574.4990234375
2019-02-25,1623.14892578125
2019-02-26,1666.93408203125
2019-02-27,1682.7962646484375
2019-02-28,1621.7589111328125
2019-03-01,1631.52978515625
2019-03-05,1625.56103515625
2019-03-06,1634.963623046875
2019-03-07,1646.166015625
2019-03-08,1653.8511962890625
2019-03-11,1647.3922119140625
2019-03-12,1645.470458984375
2019-03-13,1635.69970703125
2019-03-14,1624.9886474609375
2019-03-15,1667.955810546875
2019-03-18,1653.93359375
2019-03-19,1653.93359375
2019-03-20,1647.5965576171875
2019-03-22,1639.9105224609375
2019-03-25,1622.4132080078125
2019-03-26,1621.1046142578125
2019-03-27,1609.044677734375
2019-03-28,1635.5362548828125
2019-04-01,1661.16943359375
2019-04-02,1700.130126953125
2019-04-03,1700.130126953125
2019-04-04,1647.146728515625
2019-04-05,1674.7833251953125
2019-04-08,1693.1395263671875
2019-04-09,1710.1058349609375
2019-04-10,1668.2012939453125
2019-04-11,1651.235107421875
2019-04-12,1647.146728515625
2019-04-15,1727.9300537109375
2019-04-16,1743.0567626953125
2019-04-18,1757.9786376953125
2019-04-22,1767.2999267578125
2019-04-23,1762.06689453125
2019-04-24,1785.2882080078125
2019-04-25,1794.731689453125
2019-04-26,1830.340087890625
2019-04-30,1848.1649169921875
2019-05-02,1811.41162109375
2019-05-03,1743.2203369140625
2019-05-06,1764.3564453125
2019-05-07,1759.5322265625
2019-05-08,1760.2681884765625
2019-05-09,1776.3759765625
2019-05-10,1746.3270263671875
2019-05-13,1740.5626220703125
2019-05-14,1710.800537109375
2019-05-15,1713.294189453125
2019-05-16,1724.2100830078125
2019-05-17,1713.335205078125
2019-05-20,1752.9912109375
2019-05-21,1725.0274658203125
2019-05-22,1702.1336669921875
2019-05-23,1679.484619140625
2019-05-24,1674.5380859375
2019-05-27,1680.384033203125
2019-05-28,1695.59228515625
2019-05-29,1723.22900390625
2019-05-30,1754.9124755859375
2019-05-31,1795.9989013671875
2019-06-03,1833.406494140625
2019-06-04,1799.447021484375
2019-06-06,1785.4345703125
2019-06-07,1798.334228515625
2019-06-10,1839.3409423828125
2019-06-11,1856.8983154296875
2019-06-12,1863.5745849609375
2019-06-13,1857.9698486328125
2019-06-14,1858.29931640625
2019-06-17,1853.9305419921875
2019-06-18,1855.290771484375
2019-06-19,1862.7503662109375
2019-06-20,1877.6270751953125
2019-06-21,1854.4661865234375
2019-06-24,1875.6083984375
2019-06-25,1869.26171875
2019-06-26,1858.052001953125
2019-06-27,1856.6920166015625
2019-06-28,1835.7969970703125
2019-07-01,1845.9765625
2019-07-02,1856.3211669921875
2019-07-03,1844.4102783203125
2019-07-04,1848.53173828125
2019-07-05,1782.9617919921875
2019-07-08,1793.100341796875
2019-07-09,1758.439697265625
2019-07-10,1737.7095947265625
2019-07-11,1733.052734375
2019-07-12,1737.21533203125
2019-07-15,1768.619140625
2019-07-16,1739.9510498046875
2019-07-17,1749.2451171875
2019-07-18,1706.8619384765625
2019-07-19,1715.949951171875
2019-07-22,1743.1724853515625
2019-07-23,1745.27978515625
2019-07-24,1732.349853515625
2019-07-25,1758.04443359375
2019-07-26,1742.4708251953125
2019-07-29,1759.7794189453125
2019-07-30,1800.3863525390625
2019-07-31,1822.3216552734375
2019-08-01,1801.129638671875
2019-08-02,1821.991455078125
2019-08-05,1857.76513671875
2019-08-06,1829.9224853515625
2019-08-07,1828.724609375
2019-08-08,1865.6136474609375
2019-08-09,1855.8233642578125
2019-08-13,1817.157958984375
2019-08-14,1821.247802734375
2019-08-16,1788.7783203125
2019-08-19,1787.0435791015625
2019-08-20,1806.6650390625
2019-08-21,1806.2115478515625
2019-08-22,1830.8314208984375
2019-08-23,1857.02197265625
2019-08-26,1880.6507568359375
2019-08-27,1847.768310546875
2019-08-28,1850.0401611328125
2019-08-29,1845.248046875
2019-08-30,1866.8531494140625
2019-09-03,1860.243896484375
2019-09-04,1855.121337890625
2019-09-05,1830.253173828125
2019-09-06,1815.547119140625
2019-09-09,1803.443359375
2019-09-11,1779.608154296875
2019-09-12,1762.75341796875
2019-09-13,1769.65234375
2019-09-16,1776.3033447265625
2019-09-17,1753.7066650390625
2019-09-18,1766.8431396484375
2019-09-19,1736.6048583984375
2019-09-20,1706.44873046875
2019-09-23,1665.4288330078125
2019-09-24,1689.305419921875
2019-09-25,1725.451171875
2019-09-26,1724.749267578125
2019-09-27,1698.7650146484375
2019-09-30,1734.415283203125
2019-10-01,1701.9049072265625
2019-10-03,1702.1527099609375
2019-10-04,1717.932861328125
2019-10-07,1691.783935546875
2019-10-09,1668.9810791015625
2019-10-10,1656.0513916015625
2019-10-11,1641.5106201171875
2019-10-14,1669.72509765625
2019-10-15,1683.1917724609375
2019-10-16,1690.7099609375
2019-10-17,1715.6728515625
2019-10-18,1737.974365234375
2019-10-22,1732.9481201171875
2019-10-23,1748.7451171875
2019-10-24,1758.7979736328125
2019-10-25,1795.08056640625
2019-10-27,1787.2664794921875
2019-10-29,1854.129150390625
2019-10-30,1903.0838623046875
2019-10-31,1917.317626953125
2019-11-01,1859.239990234375
2019-11-04,1853.3690185546875
2019-11-05,1860.0428466796875
2019-11-06,1848.76513671875
2019-11-07,1846.104248046875
2019-11-08,1799.3043212890625
2019-11-11,1774.8062744140625
2019-11-13,1840.402099609375
2019-11-14,1855.7772216796875
2019-11-15,1836.896240234375
2019-11-18,1818.43798828125
2019-11-19,1781.4375
2019-11-20,1781.226318359375
2019-11-21,1789.2939453125
2019-11-22,1750.0968017578125
2019-11-25,1758.3753662109375
2019-11-26,1728.9354248046875
2019-11-27,1735.3980712890625
2019-11-28,1754.869873046875
2019-11-29,1734.5108642578125
2019-12-02,1707.3099365234375
2019-12-03,1732.6102294921875
2019-12-04,1755.841064453125
2019-12-05,1791.9971923828125
2019-12-06,1793.9403076171875
2019-12-09,1740.59326171875
2019-12-10,1700.382568359375
2019-12-11,1724.922607421875
2019-12-12,1707.182861328125
2019-12-13,1749.7166748046875
2019-12-16,1796.6009521484375
2019-12-17,1828.87109375
2019-12-18,1831.2359619140625
2019-12-19,1883.0208740234375
2019-12-20,1877.8255615234375
2019-12-23,1885.2586669921875
2019-12-24,1871.6585693359375
2019-12-26,1860.1268310546875
2019-12-27,1857.213134765625
2019-12-30,1844.2879638671875
2019-12-31,1826.12548828125
2020-01-01,1831.10986328125
2020-01-02,1822.704345703125
2020-01-03,1859.0286865234375
2020-01-06,1858.8604736328125
2020-01-07,1863.4219970703125
2020-01-08,1905.153564453125
2020-01-09,1870.6025390625
2020-01-10,1869.9267578125
2020-01-13,1850.3282470703125
2020-01-14,1864.3089599609375
2020-01-15,1881.2039794921875
2020-01-16,1891.257080078125
2020-01-17,1874.615234375
2020-01-20,1833.4329833984375
2020-01-21,1834.0240478515625
2020-01-22,1864.3089599609375
2020-01-23,1855.03759765625
2020-01-24,1848.645263671875
2020-01-27,1836.6650390625
2020-01-28,1848.9420166015625
2020-01-29,1824.2608642578125
2020-01-30,1810.0791015625
2020-01-31,1760.294189453125
2020-02-03,1780.1485595703125
2020-02-04,1784.59375
2020-02-05,1817.4449462890625
2020-02-06,1802.03564453125
2020-02-07,1808.9781494140625
2020-02-10,1830.4840087890625
2020-02-11,1823.2442626953125
2020-02-12,1837.93505859375
2020-02-13,1855.8851318359375
2020-02-14,1849.32275390625
2020-02-17,1865.4517822265625
2020-02-18,1876.0350341796875
2020-02-19,1859.610107421875
2020-02-20,1826.12353515625
2020-02-24,1791.0284423828125
2020-02-25,1825.5728759765625
2020-02-26,1798.0140380859375
2020-02-27,1782.6885986328125
2020-02-28,1693.4908447265625
2020-03-02,1694.464599609375
2020-03-03,1724.0135498046875
2020-03-04,1763.8076171875
2020-03-05,1799.2418212890625
2020-03-06,1791.9599609375
2020-03-09,1669.9532470703125
2020-03-11,1654.1624755859375
2020-03-12,1498.5
2020-03-13,1529.3616943359375
2020-03-16,1436.3109130859375
2020-03-17,1403.799072265625
2020-03-18,1400.7508544921875
2020-03-19,1395.591064453125
2020-03-20,1532.9879150390625
2020-03-23,1424.033935546875
2020-03-24,1452.562744140625
2020-03-25,1492.775146484375
2020-03-26,1527.4442138671875
2020-03-27,1556.0582275390625
2020-03-30,1516.825927734375
2020-03-31,1557.4224853515625
2020-04-01,1457.33837890625
2020-04-03,1410.8143310546875
2020-04-07,1514.0115966796875
2020-04-08,1454.524169921875
2020-04-09,1506.29296875
2020-04-13,1500.408447265625
2020-04-15,1479.854248046875
2020-04-16,1463.564208984375
2020-04-17,1540.45068359375
2020-04-20,1551.0687255859375
2020-04-21,1481.9862060546875
2020-04-22,1509.1502685546875
2020-04-23,1601.8995361328125
2020-04-24,1550.9833984375
2020-04-27,1566.377685546875
2020-04-28,1585.5247802734375
2020-04-29,1625.268310546875
2020-04-30,1718.0599365234375
2020-05-04,1646.4190673828125
2020-05-05,1648.380859375
2020-05-06,1623.519775390625
2020-05-07,1613.3277587890625
2020-05-08,1614.8206787109375
2020-05-11,1650.5556640625
2020-05-12,1662.6663818359375
2020-05-13,1662.79443359375
2020-05-14,1622.453369140625
2020-05-15,1614.39404296875
2020-05-18,1659.34033203125
2020-05-19,1661.9412841796875
2020-05-20,1666.163330078125
2020-05-21,1698.23095703125
2020-05-22,1723.0919189453125
2020-05-26,1657.122802734375
2020-05-27,1710.2564697265625
2020-05-28,1709.4036865234375
2020-05-29,1682.154296875
2020-06-01,1744.3284912109375
2020-06-02,1745.9490966796875
2020-06-03,1750.225830078125
2020-06-04,1789.059814453125
2020-06-05,1752.0224609375
2020-06-08,1772.1234130859375
2020-06-09,1772.3800048828125
2020-06-10,1803.7724609375
2020-06-11,1768.6162109375
2020-06-12,1744.5377197265625
2020-06-15,1736.3260498046875
2020-06-16,1749.9266357421875
2020-06-17,1751.636962890625
2020-06-18,1743.340087890625
2020-06-19,1748.900146484375
2020-06-22,1734.6578369140625
2020-06-23,1740.9454345703125
2020-06-24,1746.847412109375
2020-06-25,1724.5216064453125
2020-06-26,1812.411865234375
2020-06-29,1797.6990966796875
2020-06-30,1781.01904296875
2020-07-01,1789.487548828125
2020-07-02,1845.1719970703125
2020-07-03,1881.5257568359375
2020-07-06,1935.885009765625
2020-07-07,1941.6158447265625
2020-07-08,1897.992431640625
2020-07-09,1885.5467529296875
2020-07-10,1900.943115234375
2020-07-13,1898.9324951171875
2020-07-14,1857.83203125
2020-07-15,1910.8223876953125
2020-07-16,1915.8382568359375
2020-07-17,1886.6890869140625
2020-07-20,1892.819091796875
2020-07-21,1907.5220947265625
2020-07-22,1878.2879638671875
2020-07-23,1861.3563232421875
2020-07-24,1849.525634765625
2020-07-27,1891.8763427734375
2020-07-28,1980.1343994140625
2020-07-29,1951.2437744140625
2020-07-30,1954.201171875
2020-07-31,1955.83056640625
2020-08-03,1932.46923828125
2020-08-04,1928.6544189453125
2020-08-05,1937.055419921875
2020-08-06,1978.7200927734375
2020-08-07,1967.7901611328125
2020-08-10,1957.0308837890625
2020-08-11,1954.5443115234375
2020-08-12,1935.2125244140625
2020-08-13,1932.7269287109375
2020-08-14,1922.180908203125
2020-08-17,1931.8260498046875
2020-08-18,1945.843017578125
2020-08-19,1934.569580078125
2020-08-20,1931.354736328125
2020-08-21,1927.711181640625
2020-08-24,1927.2828369140625
2020-08-25,1922.610107421875
2020-08-26,1931.9114990234375
2020-08-27,1927.53955078125
2020-08-28,1919.0948486328125
2020-08-31,1935.126708984375
2020-09-01,1925.7823486328125
2020-09-02,1941.899169921875
2020-09-03,1971.347412109375
2020-09-04,1962.1741943359375
2020-09-07,1994.9654541015625
2020-09-08,2013.0975341796875
2020-09-09,1995.4801025390625
2020-09-10,1998.4810791015625
2020-09-11,2035.30126953125
2020-09-14,2135.862548828125
2020-09-15,2135.862548828125
2020-09-16,2145.806640625
2020-09-17,2109.7578125
2020-09-18,2100.284912109375
2020-09-21,2113.48681640625
2020-09-22,2162.90966796875
2020-09-23,2115.330322265625
2020-09-24,1999.423828125
2020-09-25,2076.623046875
2020-09-28,2080.052001953125
2020-09-29,2133.289306640625
2020-09-30,2136.634033203125
2020-10-01,2163.338623046875
2020-10-05,2319.665771484375
2020-10-06,2326.95263671875
2020-10-07,2345.513427734375
2020-10-08,2422.455322265625
2020-10-09,2411.52490234375
2020-10-12,2426.141357421875
2020-10-13,2423.183837890625
2020-10-14,2418.922607421875
2020-10-15,2359.516845703125
2020-10-16,2379.06005859375
2020-10-19,2334.506591796875
2020-10-20,2358.139892578125
2020-10-21,2303.383544921875
2020-10-22,2299.723876953125
2020-10-23,2313.197998046875
2020-10-26,2314.403076171875
2020-10-27,2264.42529296875
2020-10-28,2257.580322265625
2020-10-29,2266.577392578125
2020-10-30,2294.30029296875
2020-11-02,2242.42822265625
2020-11-03,2267.39599609375
2020-11-04,2284.22705078125
2020-11-05,2312.250732421875
2020-11-06,2330.9765625
2020-11-09,2347.4638671875
2020-11-10,2281.170654296875
2020-11-11,2314.058837890625
2020-11-12,2299.63818359375
2020-11-13,2287.412109375
2020-11-14,2299.03564453125
2020-11-17,2295.333251953125
2020-11-18,2261.411865234375
2020-11-19,2270.236572265625
2020-11-20,2290.3388671875
2020-11-23,2345.4404296875
2020-11-24,2343.545654296875
2020-11-25,2325.68212890625
2020-11-26,2342.2978515625
2020-11-27,2307.042236328125
2020-12-01,2347.6357421875
2020-12-02,2367.222412109375
2020-12-03,2332.6982421875
2020-12-04,2348.281494140625
2020-12-07,2357.020263671875
2020-12-08,2408.3330078125
2020-12-09,2419.95556640625
2020-12-10,2397.140380859375
2020-12-11,2396.53857421875
2020-12-14,2408.677490234375
2020-12-15,2377.554443359375
2020-12-16,2422.8828125
2020-12-17,2443.545654296875
2020-12-18,2463.17578125
2020-12-21,2428.005859375
2020-12-22,2473.076416015625
2020-12-23,2504.28564453125
2020-12-24,2504.8017578125
2020-12-28,2522.063720703125
2020-12-29,2523.01123046875
2020-12-30,2504.75927734375
2020-12-31,2464.681396484375
2021-01-01,2521.07470703125
2021-01-04,2616.8115234375
2021-01-05,2662.916015625
2021-01-06,2627.18603515625
2021-01-07,2611.086181640625
2021-01-08,2686.93603515625
2021-01-11,2734.76123046875
2021-01-12,2733.384765625
2021-01-13,2719.6953125
2021-01-14,2804.0126953125
2021-01-15,2789.046875
2021-01-18,2779.041015625
2021-01-19,2812.638916015625
2021-01-20,2854.12939453125
2021-01-21,2823.982421875
2021-01-22,2849.212646484375
2021-01-25,2839.0341796875
2021-01-27,2812.940673828125
2021-01-28,2757.303955078125
2021-01-29,2683.81103515625
2021-02-01,2707.964599609375
2021-02-02,2763.255859375
2021-02-03,2760.322265625
2021-02-04,2750.31689453125
2021-02-05,2724.008056640625
2021-02-08,2772.44189453125
2021-02-09,2740.35400390625
2021-02-10,2771.751953125
2021-02-11,2765.455078125
2021-02-12,2752.343994140625
2021-02-15,2708.395263671875
2021-02-16,2681.612060546875
2021-02-17,2650.8173828125
2021-02-18,2637.23193359375
2021-02-19,2649.739013671875
2021-02-22,2551.921875
2021-02-23,2570.683349609375
2021-02-24,2542.994384765625
2021-02-25,2583.70849609375
2021-02-26,2496.5869140625
2021-03-01,2522.378173828125
2021-03-02,2593.240234375
2021-03-03,2638.7412109375
2021-03-04,2630.6328125
2021-03-05,2594.705810546875
2021-03-08,2593.757080078125
2021-03-09,2631.710693359375
2021-03-10,2648.9619140625
2021-03-12,2637.748779296875
2021-03-15,2644.822509765625
2021-03-16,2682.689697265625
2021-03-17,2685.191162109375
2021-03-18,2619.24658203125
2021-03-19,2631.064208984375
2021-03-22,2699.5966796875
2021-03-23,2710.76708984375
2021-03-24,2692.221923828125
2021-03-25,2643.70166015625
2021-03-26,2645.383056640625
2021-03-30,2724.525146484375
2021-03-31,2741.173095703125
2021-04-01,2730.089599609375
2021-04-05,2793.8349609375
2021-04-06,2816.089599609375
2021-04-07,2821.868408203125
2021-04-08,2861.505126953125
2021-04-09,2865.73095703125
2021-04-12,2800.432861328125
2021-04-13,2677.51513671875
2021-04-15,2776.625732421875
2021-04-16,2756.09619140625
2021-04-19,2727.328857421875
2021-04-20,2712.44921875
2021-04-22,2690.238037109375
2021-04-23,2682.215576171875
2021-04-26,2674.711181640625
2021-04-27,2701.6240234375
2021-04-28,2694.8095703125
2021-04-29,2687.17578125
2021-04-30,2618.513427734375
2021-05-03,2619.677490234375
2021-05-04,2630.675537109375
2021-05-05,2670.31201171875
2021-05-06,2683.897705078125
2021-05-07,2702.400634765625
2021-05-10,2713.26904296875
2021-05-11,2693.515869140625
2021-05-12,2663.3251953125
2021-05-14,2632.184814453125
2021-05-17,2647.92724609375
2021-05-18,2664.35986328125
2021-05-19,2658.49462890625
2021-05-20,2639.51806640625
2021-05-21,2657.2001953125
2021-05-24,2658.06298828125
2021-05-25,2699.236083984375
2021-05-26,2737.80908203125
2021-05-27,2756.44580078125
2021-05-28,2724.8935546875
2021-05-31,2738.373291015625
2021-06-01,2733.042236328125
2021-06-02,2712.62841796875
2021-06-03,2722.857666015625
2021-06-04,2725.02392578125
2021-06-07,2759.2197265625
2021-06-08,2773.91162109375
2021-06-09,2773.99853515625
2021-06-10,2788.343994140625
2021-06-11,2837.751953125
2021-06-14,2839.96240234375
2021-06-15,2828.174072265625
2021-06-16,2838.229248046875
2021-06-17,2875.847900390625
2021-06-18,2858.12255859375
2021-06-21,2837.1455078125
2021-06-22,2861.502685546875
2021-06-23,2827.00341796875
2021-06-24,2924.25927734375
2021-06-25,2930.500244140625
2021-06-28,2892.317626953125
2021-06-29,2895.872314453125
2021-06-30,2900.119384765625
2021-07-01,2896.434814453125
2021-07-02,2882.52294921875
2021-07-05,2878.6650390625
2021-07-06,2827.78369140625
2021-07-07,2838.7490234375
2021-07-08,2824.4892578125
2021-07-09,2780.846435546875
2021-07-12,2767.801025390625
2021-07-13,2762.990234375
2021-07-14,2786.3935546875
2021-07-15,2782.397705078125
2021-07-16,2775.318359375
2021-07-19,2766.457763671875
2021-07-20,2784.873779296875
2021-07-22,2794.038330078125
2021-07-23,2790.998046875
2021-07-26,2777.70703125
2021-07-27,2765.02392578125
2021-07-28,2777.923828125
2021-07-29,2776.1865234375
2021-07-30,2751.559326171875
2021-08-02,2796.687744140625
2021-08-03,2853.58740234375
2021-08-04,2844.0751953125
2021-08-05,2852.7626953125
2021-08-06,2875.218017578125
2021-08-09,2886.424560546875
2021-08-10,2896.1533203125
2021-08-11,2905.1015625
2021-08-12,2911.659912109375
2021-08-13,3008.650390625
2021-08-16,3016.9462890625
2021-08-17,3086.529052734375
2021-08-18,3093.044189453125
2021-08-20,3092.13232421875
2021-08-23,3159.80419921875
2021-08-24,3138.781494140625
2021-08-25,3178.567626953125
2021-08-26,3189.730712890625
2021-08-27,3231.68896484375
2021-08-30,3215.3134765625
2021-08-31,3289.283203125
2021-09-01,3227.1708984375
2021-09-02,3332.979248046875
2021-09-03,3337.5830078125
2021-09-06,3346.2265625
2021-09-07,3314.866455078125
2021-09-08,3278.59765625
2021-09-09,3293.5830078125
2021-09-13,3340.44921875
2021-09-14,3375.674560546875
2021-09-15,3435.312255859375
2021-09-16,3390.791259765625
2021-09-17,3325.247802734375
2021-09-20,3321.46826171875
2021-09-21,3355.739013671875
2021-09-22,3355.0439453125
2021-09-23,3361.211669921875
2021-09-24,3362.992431640625
2021-09-27,3333.15283203125
2021-09-28,3282.941650390625
2021-09-29,3294.01806640625
2021-09-30,3279.81494140625
2021-10-01,3240.4189453125
2021-10-04,3277.86083984375
2021-10-05,3329.98193359375
2021-10-06,3310.52294921875
2021-10-07,3381.75634765625
2021-10-08,3418.892822265625
2021-10-11,3201.67578125
2021-10-12,3173.22509765625
2021-10-13,3175.266845703125
2021-10-14,3143.280517578125
2021-10-18,3174.35302734375
2021-10-19,3163.0380859375
2021-10-20,3141.017822265625
2021-10-21,3074.565673828125
2021-10-22,3045.27783203125
2021-10-25,3040.142578125
2021-10-26,3031.134521484375
2021-10-27,3037.357666015625
2021-10-28,2978.085693359375
2021-10-29,2957.283935546875
2021-11-01,3025.73779296875
2021-11-02,3032.52685546875
2021-11-03,3039.53369140625
2021-11-04,3053.806884765625
2021-11-08,3048.672119140625
2021-11-09,3051.2392578125
2021-11-10,3032.6142578125
2021-11-11,3036.0087890625
2021-11-12,3068.95166015625
2021-11-15,3092.669189453125
2021-11-16,3095.367431640625
2021-11-17,3065.33984375
2021-11-18,3025.129150390625
2021-11-22,3010.07177734375
2021-11-23,3015.1630859375
2021-11-24,2996.9287109375
2021-11-25,2999.191650390625
2021-11-26,3000.01904296875
2021-11-29,3048.018798828125
2021-11-30,3071.649658203125
2021-12-01,3113.992919921875
2021-12-02,3170.65380859375
2021-12-03,3168.521728515625
2021-12-06,3077.96044921875
2021-12-07,3119.823486328125
2021-12-08,3156.727783203125
2021-12-09,3134.838134765625
2021-12-10,3165.3447265625
2021-12-13,3141.71435546875
2021-12-14,3154.02978515625
2021-12-15,3107.508544921875
2021-12-16,3117.30029296875
2021-12-17,3119.69384765625
2021-12-20,3095.802734375
2021-12-21,3140.539306640625
2021-12-22,3160.078857421875
2021-12-23,3187.887451171875
2021-12-24,3195.023681640625
2021-12-27,3216.957275390625
2021-12-28,3226.052490234375
2021-12-29,3215.739013671875
2021-12-30,3249.7265625
2021-12-31,3253.73046875
2022-01-03,3322.837646484375
2022-01-04,3381.15185546875
2022-01-05,3360.436767578125
2022-01-06,3313.8720703125
2022-01-07,3353.95263671875
2022-01-10,3376.887451171875
2022-01-11,3408.263427734375
2022-01-12,3359.5234375
2022-01-13,3392.59716796875
2022-01-14,3453.740478515625
2022-01-17,3498.12841796875
2022-01-18,3473.2802734375
2022-01-19,3413.162353515625
2022-01-20,3336.348388671875
2022-01-21,3342.408447265625
2022-01-24,3288.22021484375
2022-01-25,3286.955810546875
2022-01-27,3181.761962890625
2022-01-28,3217.3349609375
2022-01-31,3257.61669921875
2022-02-01,3313.7666015625
2022-02-02,3362.20068359375
2022-02-03,3334.64892578125
2022-02-04,3326.190673828125
2022-02-07,3294.89013671875
2022-02-08,3263.894287109375
2022-02-09,3278.8037109375
2022-02-10,3287.34814453125
2022-02-11,3221.60693359375
2022-02-14,3255.436767578125
2022-02-15,3328.719970703125
2022-02-16,3324.6220703125
2022-02-17,3299.423828125
2022-02-18,3307.881103515625
2022-02-21,3242.925537109375
2022-02-22,3126.96337890625
2022-02-23,3107.258544921875
2022-02-24,2965.880859375
2022-02-25,3069.723388671875
2022-02-28,3098.888427734375
2022-03-02,3091.869384765625
2022-03-03,3090.34423828125
2022-03-04,3072.862548828125
2022-03-07,3038.4658203125
2022-03-08,3138.77734375
2022-03-09,3167.24462890625
2022-03-10,3157.08740234375
2022-03-11,3138.079345703125
2022-03-14,3176.3125
2022-03-15,3133.501953125
2022-03-16,3187.559326171875
2022-03-17,3202.2509765625
2022-03-21,3162.100830078125
2022-03-22,3226.8388671875
2022-03-23,3236.82177734375
2022-03-24,3269.474609375
2022-03-25,3232.506103515625
2022-03-28,3232.723876953125
2022-03-29,3230.675537109375
2022-03-30,3253.5185546875
2022-03-31,3260.842529296875
2022-04-01,3277.234619140625
2022-04-04,3287.34814453125
2022-04-05,3326.104248046875
2022-04-06,3274.270263671875
2022-04-07,3212.191162109375
2022-04-08,3213.499267578125
2022-04-11,3222.87109375
2022-04-12,3218.25048828125
2022-04-13,3192.834716796875
2022-04-18,3076.088623046875
2022-04-19,3027.131103515625
2022-04-20,3101.155029296875
2022-04-21,3163.80078125
2022-04-22,3149.763671875
2022-04-25,3093.65673828125
2022-04-26,3092.000244140625
2022-04-27,3104.991455078125
2022-04-28,3125.132568359375
2022-04-29,3092.348876953125
2022-05-02,3088.599365234375
2022-05-04,3033.975830078125
2022-05-05,3063.31494140625
2022-05-06,2992.865478515625
2022-05-09,3003.7646484375
2022-05-10,2998.227783203125
2022-05-11,2974.90478515625
2022-05-12,2971.984130859375
2022-05-13,2977.43310546875
2022-05-16,2944.214599609375
2022-05-17,3009.4326171875
2022-05-18,3006.99072265625
2022-05-19,2844.076904296875
2022-05-20,2871.1494140625
2022-05-23,2896.216064453125
2022-05-24,2866.789794921875
2022-05-25,2780.46142578125
2022-05-26,2832.5126953125
2022-05-27,2862.664306640625
2022-05-30,2962.685791015625
2022-05-31,2953.1181640625
2022-06-01,2945.0869140625
2022-06-02,3004.599365234375
2022-06-03,3019.653076171875
2022-06-06,3011.578125
2022-06-07,2951.669921875
2022-06-08,2988.053466796875
2022-06-09,3008.19873046875
2022-06-10,2949.2119140625
2022-06-13,2826.061279296875
2022-06-14,2818.117431640625
2022-06-15,2814.386962890625
2022-06-16,2757.9462890625
2022-06-17,2711.3369140625
2022-06-20,2731.96435546875
2022-06-21,2819.346923828125
2022-06-22,2829.00146484375
2022-06-23,2904.35791015625
2022-06-24,2890.577392578125
2022-06-27,2909.537109375
2022-06-28,2912.565185546875
2022-06-29,2888.29541015625
2022-06-30,2867.755126953125
2022-07-01,2909.88818359375
2022-07-04,2839.623046875
2022-07-05,2823.164794921875
2022-07-06,2862.181396484375
2022-07-07,2885.96923828125
2022-07-08,2866.306884765625
2022-07-11,2733.19384765625
2022-07-12,2707.650390625
2022-07-13,2667.316650390625
2022-07-14,2639.155029296875
2022-07-15,2635.501953125
2022-07-18,2696.139404296875
2022-07-19,2705.6005859375
2022-07-20,2785.292724609375
2022-07-21,2796.29345703125
2022-07-22,2790.7490234375
2022-07-25,2787.008544921875
2022-07-26,2742.25634765625
2022-07-27,2806.45849609375
2022-07-28,2869.5166015625
2022-07-29,2905.9521484375
2022-08-01,2903.22412109375
2022-08-02,2897.0634765625
2022-08-03,2939.043212890625
2022-08-04,2952.640625
2022-08-05,2961.529541015625
2022-08-08,2969.80224609375
2022-08-10,2952.024658203125
2022-08-11,3012.090576171875
2022-08-12,2993.65234375
2022-08-16,2985.864013671875
2022-08-17,2993.256591796875
2022-08-18,2975.786865234375
2022-08-19,2979.746826171875
2022-08-22,2952.288330078125
2022-08-23,2890.7265625
2022-08-24,2864.984375
2022-08-25,2832.288818359375
2022-08-26,2835.8095703125
2022-08-29,2756.909423828125
2022-08-30,2826.08447265625
2022-09-01,2756.1611328125
2022-09-02,2755.01708984375
2022-09-05,2757.65771484375
2022-09-06,2752.0693359375
2022-09-07,2771.91552734375
2022-09-08,2789.560791015625
2022-09-09,2831.8046875
2022-09-12,2854.071044921875
2022-09-13,2842.10205078125
2022-09-14,2746.216552734375
2022-09-15,2732.091552734375
2022-09-16,2647.911376953125
2022-09-19,2665.600830078125
2022-09-20,2675.7216796875
2022-09-21,2641.310546875
2022-09-22,2646.767333984375
2022-09-23,2624.45703125
2022-09-26,2635.326171875
2022-09-27,2655.612060546875
2022-09-28,2671.629150390625
2022-09-29,2637.878173828125
2022-09-30,2644.2587890625
2022-10-03,2627.009521484375
2022-10-04,2720.47412109375
2022-10-06,2729.978759765625
2022-10-07,2697.372314453125
2022-10-10,2744.588623046875
2022-10-11,2701.464599609375
2022-10-12,2728.92333984375
2022-10-13,2731.167236328125
2022-10-14,2727.5146484375
2022-10-17,2745.69189453125
2022-10-18,2774.76513671875
2022-10-19,2754.603515625
2022-10-20,2785.883056640625
2022-10-21,2768.32373046875
2022-10-24,2789.765380859375
2022-10-25,2790.11865234375
2022-10-27,2785.971435546875
2022-10-28,2791.13330078125
2022-10-31,2817.515625
2022-11-01,2876.2373046875
2022-11-02,2860.354736328125
2022-11-03,2829.515625
2022-11-04,2838.912841796875
2022-11-07,2853.295654296875
2022-11-09,2837.72216796875
2022-11-10,2828.54541015625
2022-11-11,2925.86962890625
2022-11-14,2943.120361328125
2022-11-15,2940.5615234375
2022-11-16,2960.6357421875
2022-11-17,2955.0322265625
2022-11-18,2950.13427734375
2022-11-21,2897.237548828125
2022-11-22,2924.987548828125
2022-11-23,2919.1201171875
2022-11-24,2982.517822265625
2022-11-25,2990.900146484375
2022-11-28,2995.841064453125
2022-11-29,2997.694091796875
2022-11-30,2991.914794921875
2022-12-01,3066.783447265625
2022-12-02,3034.5771484375
2022-12-05,3022.885498046875
2022-12-06,2987.10595703125
2022-12-07,2982.91455078125
2022-12-08,2956.400146484375
2022-12-09,2905.399169921875
2022-12-12,2899.84033203125
2022-12-13,2940.120361328125
2022-12-14,2969.458740234375
2022-12-15,2916.296875
2022-12-16,2859.0751953125
2022-12-19,2825.369384765625
2022-12-20,2862.339599609375
2022-12-21,2884.0458984375
2022-12-22,2876.2373046875
2022-12-23,2848.575439453125
2022-12-26,2870.2373046875
2022-12-27,2876.060302734375
2022-12-28,2873.943115234375
2022-12-29,2884.22265625
2022-12-30,2873.590576171875
2023-01-02,2877.781005859375
2023-01-03,2921.811279296875
2023-01-04,2924.722900390625
2023-01-05,2921.5908203125
2023-01-06,2833.751220703125
2023-01-09,2929.399658203125
2023-01-10,2899.796142578125
2023-01-11,2937.1201171875
2023-01-12,2942.10546875
2023-01-13,2977.576171875
2023-01-16,3008.70947265625
2023-01-17,3048.732177734375
2023-01-18,3059.200439453125
2023-01-19,3043.94970703125
2023-01-20,3034.92529296875
2023-01-23,3081.670654296875
2023-01-24,3100.982177734375
2023-01-25,3095.0712890625
2023-01-27,3078.196044921875
2023-01-30,3098.590576171875
2023-01-31,3030.95458984375
2023-02-01,3075.760498046875
2023-02-02,3122.730224609375
2023-02-03,3142.493896484375
2023-02-06,3122.32421875
2023-02-07,3133.695068359375
2023-02-08,3176.605712890625
2023-02-09,3195.330078125
2023-02-10,3192.35205078125
2023-02-13,3142.583740234375
2023-02-14,3158.556396484375
2023-02-15,3177.10107421875
2023-02-16,3210.85205078125
2023-02-17,3159.504150390625
2023-02-20,3147.006103515625
2023-02-21,3114.247802734375
2023-02-22,3069.623046875
2023-02-23,3080.677978515625
2023-02-24,3068.630126953125
2023-02-27,3006.72412109375
2023-02-28,2989.57861328125
2023-03-01,3055.319580078125
2023-03-02,2997.339599609375
2023-03-03,3016.019287109375
2023-03-06,3042.82177734375
2023-03-08,3059.561767578125
2023-03-09,3011.236572265625
2023-03-10,3005.9580078125
2023-03-13,2961.69384765625
2023-03-14,2901.232177734375
2023-03-15,2886.748779296875
2023-03-16,2874.204345703125
2023-03-17,2869.060546875
2023-03-20,2836.573486328125
2023-03-21,2803.003662109375
2023-03-22,2825.293212890625
2023-03-23,2819.743896484375
2023-03-24,2815.99853515625
2023-03-27,2817.622802734375
2023-03-28,2811.846923828125
2023-03-29,2832.602783203125
2023-03-31,2893.065185546875
2023-04-03,2887.74072265625
2023-04-05,2923.6572265625
2023-04-06,2906.42041015625
2023-04-10,2944.9541015625
2023-04-11,2900.1943359375
2023-04-12,2925.326171875
2023-04-13,2877.6787109375
2023-04-17,2833.144775390625
2023-04-18,2825.24853515625
2023-04-19,2788.11376953125
2023-04-20,2801.830078125
2023-04-21,2852.410888671875
2023-04-24,2865.0
2023-04-25,2866.082763671875
2023-04-26,2886.071533203125
2023-04-27,2876.866455078125
2023-04-28,2905.112060546875
2023-05-02,2905.24755859375
2023-05-03,2869.60205078125
2023-05-04,2906.42041015625
2023-05-05,2915.4453125
2023-05-08,2933.403076171875
2023-05-09,2962.866943359375
2023-05-10,2966.0703125
2023-05-11,2961.874267578125
2023-05-12,2954.79052734375
2023-05-15,2937.418701171875
2023-05-16,2940.21630859375
2023-05-17,2895.591796875
2023-05-18,2887.605224609375
2023-05-19,2908.361328125
2023-05-22,2976.809814453125
2023-05-23,2975.3203125
2023-05-24,2981.005859375
2023-05-25,2972.11669921875
2023-05-26,3004.062744140625
2023-05-29,2996.346923828125
2023-05-30,2992.6015625
2023-05-31,2968.507568359375
2023-06-01,2999.640625
2023-06-02,2983.036376953125
2023-06-05,2967.96533203125
2023-06-06,2916.88916015625
2023-06-07,2955.331787109375
2023-06-08,2920.634033203125
2023-06-09,2896.13330078125
2023-06-12,2930.064208984375
2023-06-13,2927.176513671875
2023-06-14,2933.809814453125
2023-06-15,2924.036376953125
2023-06-16,2886.3974609375
2023-06-19,2918.672119140625
2023-06-20,2934.399658203125
2023-06-21,2962.12841796875
2023-06-22,2944.21875
2023-06-23,2924.0810546875
2023-06-26,2899.8076171875
2023-06-27,2906.807861328125
2023-06-28,2923.26318359375
2023-06-30,3002.176025390625
2023-07-03,2974.947265625
2023-07-04,3008.176513671875
2023-07-05,3018.266845703125
2023-07-06,3020.94921875
2023-07-07,3026.722412109375
2023-07-10,2974.629150390625
2023-07-11,2975.038330078125
2023-07-12,2963.673828125
2023-07-13,3036.995361328125
2023-07-14,3195.275146484375
2023-07-17,3174.41064453125
2023-07-18,3179.09228515625
2023-07-19,3154.727783203125
2023-07-20,3156.77880859375
2023-07-21,3070.1865234375
2023-07-24,3094.295654296875
2023-07-25,3098.306396484375
2023-07-26,3088.4169921875
2023-07-27,3096.255615234375
2023-07-28,3058.428466796875
2023-07-31,3118.632568359375
2023-08-01,3146.5244140625
2023-08-02,3136.13330078125
2023-08-03,3099.03515625
2023-08-04,3138.77685546875
2023-08-07,3175.6923828125
2023-08-08,3163.432861328125
2023-08-09,3156.0498046875
2023-08-10,3137.454833984375
2023-08-11,3143.5615234375
2023-08-14,3144.519287109375
2023-08-16,3152.312255859375
2023-08-17,3131.667236328125
2023-08-18,3069.093505859375
2023-08-21,3100.58544921875
2023-08-22,3082.810791015625
2023-08-23,3097.48583984375
2023-08-24,3087.91552734375
2023-08-25,3082.036376953125
2023-08-28,3076.795166015625
2023-08-29,3077.342041015625
2023-08-30,3090.83203125
2023-08-31,3059.704833984375
2023-09-01,3080.122314453125
2023-09-04,3115.943359375
2023-09-05,3125.83349609375
2023-09-06,3126.334716796875
2023-09-07,3149.44140625
2023-09-08,3137.272216796875
2023-09-11,3172.593017578125
2023-09-12,3263.879638671875
2023-09-13,3252.07568359375
2023-09-14,3244.965576171875
2023-09-15,3279.83056640625
2023-09-18,3286.985595703125
2023-09-20,3286.89453125
2023-09-21,3267.981201171875
2023-09-22,3284.70654296875
2023-09-25,3260.552490234375
2023-09-26,3268.345458984375
2023-09-27,3271.627197265625
2023-09-28,3223.72802734375
2023-09-29,3216.299560546875
2023-10-03,3202.854736328125
2023-10-04,3224.639404296875
2023-10-05,3271.67236328125
2023-10-06,3300.8857421875
2023-10-09,3316.335693359375
2023-10-10,3307.722412109375
2023-10-11,3290.40380859375
2023-10-12,3229.014892578125
2023-10-13,3254.81005859375
2023-10-16,3212.15185546875
2023-10-17,3196.656982421875
2023-10-18,3178.608642578125
2023-10-19,3157.956298828125
2023-10-20,3193.504638671875
2023-10-23,3116.375732421875
2023-10-25,3098.05322265625
2023-10-26,3049.298583984375
2023-10-27,3062.275634765625
2023-10-30,3087.497802734375
2023-10-31,3078.5419921875
2023-11-01,3043.723876953125
2023-11-02,3070.637451171875
2023-11-03,3062.229736328125
2023-11-06,3089.051513671875
2023-11-07,3080.095458984375
2023-11-08,3090.239501953125
2023-11-09,3059.0771484375
2023-11-10,3046.283203125
2023-11-13,3044.546630859375
2023-11-15,3111.02978515625
2023-11-16,3196.520751953125
2023-11-17,3200.724365234375
2023-11-20,3216.397216796875
2023-11-21,3207.80615234375
2023-11-22,3226.038330078125
2023-11-23,3206.0244140625
2023-11-24,3159.28125
2023-11-28,3171.20703125
2023-11-29,3211.051025390625
2023-11-30,3187.153564453125
2023-12-01,3209.1318359375
2023-12-04,3209.862548828125
2023-12-05,3227.36328125
2023-12-06,3293.617431640625
2023-12-07,3303.4873046875
2023-12-08,3314.270263671875
2023-12-11,3329.0751953125
2023-12-12,3355.759521484375
2023-12-13,3283.976806640625
2023-12-14,3351.327392578125
2023-12-15,3528.386474609375
2023-12-18,3526.7412109375
2023-12-19,3487.44580078125
2023-12-20,3454.409912109375
2023-12-21,3461.21826171875
2023-12-22,3494.573486328125
2023-12-26,3468.57470703125
2023-12-27,3482.87646484375
2023-12-28,3472.5498046875
2023-12-29,3466.609619140625
2024-01-01,3482.784912109375
2024-01-02,3457.28857421875
2024-01-03,3373.716552734375
2024-01-04,3350.916015625
2024-01-05,3415.890625
2024-01-08,3361.425537109375
2024-01-09,3372.025634765625
2024-01-10,3393.181640625
2024-01-11,3413.743408203125
2024-01-12,3548.30810546875
2024-01-15,3567.4990234375
2024-01-16,3528.66064453125
2024-01-17,3549.95361328125
2024-01-18,3566.40283203125
2024-01-19,3628.4716796875
2024-01-23,3550.43701171875
2024-01-24,3535.299072265625
2024-01-25,3506.312255859375
2024-01-29,3497.754150390625
2024-01-30,3497.340087890625
2024-01-31,3511.511474609375
2024-02-01,3546.663818359375
2024-02-02,3649.866455078125
2024-02-05,3656.30810546875
2024-02-06,3806.028076171875
2024-02-07,3757.6240234375
2024-02-08,3804.27978515625
2024-02-09,3803.911865234375
2024-02-12,3791.9482421875
2024-02-13,3818.450439453125
2024-02-14,3772.991943359375
2024-02-15,3775.8447265625
2024-02-16,3798.94189453125
2024-02-19,3776.396240234375
2024-02-20,3709.082275390625
2024-02-21,3673.055908203125
2024-02-22,3761.02880859375
2024-02-23,3728.821533203125
2024-02-26,3681.84423828125
2024-02-27,3776.94873046875
2024-02-28,3790.338623046875
2024-02-29,3768.39111328125
2024-03-01,3767.70068359375
2024-03-04,3755.139892578125
2024-03-05,3692.012451171875
2024-03-06,3740.048095703125
2024-03-07,3780.81396484375
2024-03-11,3793.467041015625
2024-03-12,3857.78955078125
2024-03-13,3817.99072265625
2024-03-14,3871.91552734375
2024-03-15,3882.63623046875
2024-03-18,3821.21142578125
2024-03-19,3659.989013671875
2024-03-20,3654.099609375
2024-03-21,3655.986083984375
2024-03-22,3598.885986328125
2024-03-26,3568.15087890625
2024-03-27,3534.47119140625
2024-03-28,3567.046630859375
2024-04-01,3604.269287109375
2024-04-02,3573.94873046875
2024-04-03,3632.382080078125
2024-04-04,3683.914794921875
2024-04-05,3661.78369140625
2024-04-08,3655.617919921875
2024-04-09,3631.6923828125
2024-04-10,3666.752197265625
2024-04-12,3682.166259765625
2024-04-15,3626.768798828125
2024-04-16,3563.826171875
2024-04-18,3553.887451171875
2024-04-19,3520.943603515625
2024-04-22,3556.280517578125
2024-04-23,3565.574462890625
2024-04-24,3525.406982421875
2024-04-25,3544.869384765625
2024-04-26,3516.480712890625
2024-04-29,3561.43359375
2024-04-30,3515.83642578125
2024-05-02,3555.084228515625
2024-05-03,3536.771240234375
2024-05-06,3608.226806640625
2024-05-07,3661.50732421875
2024-05-08,3659.666748046875
2024-05-09,3644.2529296875
2024-05-10,3583.24267578125
2024-05-13,3632.842529296875
2024-05-14,3589.960205078125
2024-05-15,3570.8193359375
2024-05-16,3615.821044921875
2024-05-17,3553.857421875
2024-05-21,3540.97314453125
2024-05-22,3551.911376953125
2024-05-23,3608.868896484375
2024-05-24,3568.13134765625
2024-05-27,3565.860595703125
2024-05-28,3559.23291015625
2024-05-29,3525.6328125
2024-05-30,3463.020263671875
2024-05-31,3402.632080078125
2024-06-03,3432.20068359375
2024-06-04,3443.46240234375
2024-06-05,3472.613525390625
2024-06-06,3550.427734375
2024-06-07,3609.33251953125
2024-06-10,3576.6591796875
2024-06-11,3570.541748046875
2024-06-12,3551.5859375
2024-06-13,3594.6875
2024-06-14,3551.95703125
2024-06-18,3536.24560546875
2024-06-19,3523.8251953125
2024-06-20,3510.43115234375
2024-06-21,3532.2138671875
2024-06-24,3537.82177734375
2024-06-25,3557.888916015625
2024-06-26,3574.017578125
2024-06-27,3646.593994140625
2024-06-28,3618.787353515625
2024-07-01,3687.4248046875
2024-07-02,3723.759521484375
2024-07-03,3675.421142578125
2024-07-04,3727.0498046875
2024-07-05,3718.56884765625
2024-07-08,3701.328125
2024-07-09,3694.190673828125
2024-07-10,3623.421630859375
2024-07-11,3636.90771484375
2024-07-12,3878.135986328125
2024-07-15,3864.463623046875
2024-07-16,3873.0380859375
2024-07-18,4000.117431640625
2024-07-19,3997.190185546875
2024-07-22,3983.2080078125
2024-07-23,3997.143798828125
2024-07-24,4000.767333984375
2024-07-25,4015.8642578125
2024-07-26,4076.578369140625
2024-07-29,4070.3076171875
2024-07-30,4055.6748046875
2024-07-31,4074.2568359375
2024-08-01,4085.172119140625
2024-08-02,3979.212890625
2024-08-05,3860.293212890625
2024-08-06,3875.297607421875
2024-08-07,3902.472412109375
2024-08-08,3876.551513671875
2024-08-09,3928.764892578125
2024-08-12,3898.0126953125
2024-08-13,3899.220703125
2024-08-14,3990.54736328125
2024-08-16,4102.7783203125
2024-08-19,4171.48193359375
2024-08-20,4202.4189453125
2024-08-21,4228.6201171875
2024-08-22,4182.630859375
2024-08-23,4147.23388671875
2024-08-26,4183.048828125
2024-08-27,4178.125
2024-08-28,4186.39306640625
2024-08-29,4191.73583984375
2024-08-30,4230.7099609375
2024-09-02,4200.32958984375
2024-09-03,4192.24658203125
2024-09-04,4161.4951171875
2024-09-05,4158.42919921875
2024-09-06,4140.5908203125
2024-09-09,4133.9013671875
2024-09-10,4188.0654296875
2024-09-11,4161.58740234375
2024-09-12,4197.21728515625
2024-09-13,4201.7705078125
2024-09-16,4193.08203125
2024-09-17,4186.021484375
2024-09-18,4037.837158203125
2024-09-19,3991.38330078125
2024-09-20,3980.931640625
2024-09-23,3965.69482421875
2024-09-24,3968.29638671875
2024-09-25,3971.501708984375
2024-09-26,3987.992919921875
2024-09-27,4003.0439453125
2024-09-30,3965.69482421875
2024-10-01,3983.719482421875
2024-10-03,3932.481201171875
2024-10-04,3950.597412109375
2024-10-07,3969.73681640625
2024-10-08,3951.52685546875
2024-10-09,3951.2490234375
2024-10-10,3927.5107421875
2024-10-11,3854.858154296875
2024-10-14,3843.198486328125
2024-10-15,3824.75634765625
2024-10-16,3804.456787109375
2024-10-17,3817.510009765625
2024-10-18,3839.908447265625
2024-10-21,3799.67529296875
2024-10-22,3739.744140625
2024-10-23,3787.009033203125
2024-10-24,3769.919189453125
2024-10-25,3778.906494140625
2024-10-28,3809.919677734375
2024-10-29,3795.390625
2024-10-30,3804.145263671875
2024-10-31,3695.925048828125
2024-11-01,3710.593505859375
2024-11-04,3691.92041015625
2024-11-05,3698.626220703125
2024-11-06,3855.3681640625
2024-11-07,3865.845703125
2024-11-08,3862.2138671875
2024-11-11,3910.36376953125
2024-11-12,3909.15283203125
2024-11-13,3865.333740234375
2024-11-14,3861.18896484375
2024-11-18,3743.469482421875
2024-11-19,3762.142578125
2024-11-21,3793.156005859375
2024-11-22,3953.111572265625
2024-11-25,4018.770263671875
2024-11-26,4053.787841796875
2024-11-27,4035.020751953125
2024-11-28,3953.390625
2024-11-29,3977.55810546875
2024-12-02,3982.960693359375
2024-12-03,4007.26806640625
2024-12-04,4055.370361328125
2024-12-05,4157.49072265625
2024-12-06,4140.21435546875
2024-12-09,4146.40771484375
2024-12-10,4128.15380859375
2024-12-11,4123.404296875
2024-12-12,4149.01611328125
2024-12-13,4166.66455078125
2024-12-16,4111.99560546875
2024-12-17,4031.249267578125
2024-12-18,4049.270263671875
2024-12-19,3978.53662109375
2024-12-20,3883.9130859375
2024-12-23,3872.7373046875
2024-12-24,3892.482177734375
2024-12-26,3882.79638671875
2024-12-27,3878.837646484375
2024-12-30,3873.202880859375
2024-12-31,3813.59814453125
2025-01-01,3830.03662109375
2025-01-02,3888.989501953125
2025-01-03,3818.347900390625
2025-01-06,3813.784423828125
2025-01-07,3751.6650390625
2025-01-08,3826.26416015625
2025-01-09,3761.490966796875
2025-01-10,3972.71533203125
2025-01-13,3996.418212890625
2025-01-14,3942.354248046875
2025-01-15,3957.767822265625
2025-01-16,3917.44140625
2025-01-17,3911.750244140625
2025-01-20,3867.64697265625
2025-01-21,3827.859130859375
2025-01-22,3942.38623046875
2025-01-23,3931.810546875
2025-01-24,3938.355224609375
2025-01-27,3855.648681640625
2025-01-28,3832.07958984375
2025-01-29,3888.5126953125
2025-01-30,3888.750244140625
2025-01-31,3900.463134765625
2025-02-01,3863.236328125
2025-02-03,3858.96826171875
2025-02-04,3895.38916015625
2025-02-05,3880.26171875
2025-02-06,3872.341796875
2025-02-07,3821.7412109375
2025-02-10,3828.90234375
2025-02-11,3759.284912109375
2025-02-12,3746.575439453125
2025-02-13,3708.636962890625
2025-02-14,3732.064208984375
2025-02-17,3703.2783203125
2025-02-18,3673.59130859375
2025-02-19,3589.083251953125
2025-02-20,3584.625244140625
2025-02-21,3590.885498046875
2025-02-24,3486.175048828125
2025-02-25,3442.498291015625
2025-02-27,3426.3740234375
2025-02-28,3303.737548828125
2025-03-03,3313.03271484375
2025-03-04,3350.022705078125
2025-03-05,3364.24951171875
2025-03-06,3415.988525390625
2025-03-07,3425.093505859375
2025-03-10,3404.654296875
2025-03-11,3391.043701171875
2025-03-12,3325.5048828125
2025-03-13,3330.105224609375
2025-03-17,3317.443359375
2025-03-18,3317.443359375
2025-03-19,3316.8740234375
2025-03-20,3379.519775390625
2025-03-21,3393.699462890625
2025-03-24,3441.9287109375
2025-03-25,3469.24462890625
2025-03-26,3448.42578125
2025-03-27,3463.0322265625
2025-03-28,3420.3037109375
2025-04-01,3367.806640625
2025-04-02,3361.3095703125
2025-04-03,3227.765380859375
2025-04-04,3129.362548828125
2025-04-07,3105.318603515625
2025-04-08,3123.244873046875
2025-04-09,3079.283447265625
2025-04-11,3064.961669921875
2025-04-15,3080.801025390625
2025-04-16,3105.081787109375
2025-04-17,3128.88818359375
2025-04-21,3150.41845703125
2025-04-22,3143.58935546875
2025-04-23,3237.108154296875
2025-04-24,3226.295654296875
2025-04-25,3270.304443359375
2025-04-28,3266.035888671875
2025-04-29,3293.541748046875
2025-04-30,3275.710205078125
2025-05-02,3254.18017578125
2025-05-05,3276.27978515625
2025-05-06,3281.685791015625
2025-05-07,3267.5537109375
2025-05-08,3271.157958984375
2025-05-09,3263.0009765625
2025-05-12,3433.819580078125
2025-05-13,3333.8515625
2025-05-14,3365.814697265625
2025-05-15,3395.406494140625
2025-05-16,3377.76513671875
2025-05-19,3337.45556640625
2025-05-20,3318.01171875
2025-05-21,3344.094482421875
2025-05-22,3297.809326171875
2025-05-23,3333.471923828125
2025-05-26,3355.002197265625
2025-05-27,3318.39111328125
2025-05-28,3317.443359375
2025-05-29,3317.822509765625
2025-05-30,3284.910400390625
2025-06-02,3272.011474609375
2025-06-03,3229.7099609375
2025-06-04,3235.164306640625
2025-06-05,3225.78662109375
2025-06-06,3238.322021484375
2025-06-09,3274.39697265625
2025-06-10,3313.629638671875
2025-06-11,3322.241455078125
2025-06-12,3286.166259765625
2025-06-13,3297.1708984375
2025-06-16,3345.590087890625
2025-06-17,3363.77099609375
2025-06-18,3302.625
2025-06-19,3276.40625
2025-06-20,3287.60205078125
2025-06-23,3247.31689453125
2025-06-24,3244.25439453125
2025-06-25,3296.309814453125
2025-06-26,3293.439208984375
2025-06-27,3292.769775390625
2025-06-30,3312.7685546875
2025-07-01,3281.860595703125
2025-07-02,3275.736572265625
2025-07-03,3254.20654296875
2025-07-04,3272.387451171875
2025-07-07,3264.636474609375
2025-07-08,3259.373291015625
2025-07-09,3237.939208984375
2025-07-10,3236.216552734375
2025-07-11,3125.217041015625
2025-07-14,3083.783203125
2025-07-15,3112.107666015625
2025-07-16,3104.234375
2025-07-17,3081.286865234375
2025-07-18,3062.75634765625
2025-07-21,3032.319580078125
2025-07-22,3033.6640625
2025-07-23,3052.386962890625
2025-07-24,3022.526123046875
2025-07-25,3010.8125
2025-07-28,2956.564697265625
2025-07-29,2934.193359375
2025-07-30,2931.88916015625
2025-07-31,2915.758544921875
2025-08-01,2883.305908203125
2025-08-04,2951.859619140625
2025-08-05,2941.7783203125
2025-08-06,2911.437744140625
2025-08-07,2925.552001953125
2025-08-08,2915.37451171875
2025-08-11,2919.59912109375
2025-08-12,2914.4140625
2025-08-13,2915.182373046875
2025-08-14,2901.836669921875
2025-08-18,2891.178955078125
2025-08-19,2895.979736328125
2025-08-20,2975.095458984375
2025-08-21,2978.935791015625
2025-08-22,2932.273193359375
2025-08-25,3015.42138671875
2025-08-26,3031.35986328125
2025-08-28,2970.390380859375
2025-08-29,2961.74951171875
2025-09-01,2988.537353515625
2025-09-02,2987.48095703125
2025-09-03,2974.0390625
2025-09-04,2972.310546875
2025-09-05,2926.800048828125
2025-09-08,2898.668212890625
2025-09-09,2927.8564453125
2025-09-10,2986.041015625
2025-09-11,2999.675048828125
2025-09-12,3008.508056640625
2025-09-15,2987.865234375
2025-09-16,3020.318359375
2025-09-17,3046.337890625
2025-09-18,3050.082275390625
2025-09-19,3042.881591796875
2025-09-22,2951.283935546875
2025-09-23,2940.338134765625
2025-09-24,2914.4140625
2025-09-25,2839.523193359375
2025-09-26,2783.547119140625
2025-09-29,2780.666748046875
2025-09-30,2773.2734375
2025-10-01,2798.044921875
2025-10-03,2786.235595703125
2025-10-06,2869.287841796875
2025-10-07,2855.173583984375
2025-10-08,2906.541015625
2025-10-09,2939.666015625
2025-10-10,2907.597412109375
2025-10-13,2887.338134765625
2025-10-14,2842.307861328125
2025-10-15,2862.063720703125
2025-10-16,2862.93115234375
2025-10-17,2854.73974609375
2025-10-20,2905.81689453125
2025-10-21,2897.62548828125
2025-10-23,2961.712890625
2025-10-24,2952.075439453125
2025-10-27,2972.988525390625
2025-10-28,2946.9677734375
2025-10-29,2946.678955078125
2025-10-30,2925.187744140625
2025-10-31,2947.064208984375
2025-11-03,2907.359130859375
2025-11-04,2881.72412109375
2025-11-06,2901.6728515625
2025-11-07,2883.265869140625
2025-11-10,2915.4541015625
2025-11-11,2936.46337890625
2025-11-12,3018.18701171875
2025-11-13,2993.03369140625
2025-11-14,2993.322998046875
2025-11-17,2989.66064453125
2025-11-18,2975.108642578125
2025-11-19,3033.51025390625
2025-11-20,3030.715576171875
2025-11-21,3036.30517578125
2025-11-24,3027.24609375
2025-11-25,3006.04443359375
2025-11-26,3048.15869140625
2025-11-27,3022.81298828125
2025-11-28,3023.68017578125
2025-12-01,3019.72900390625
2025-12-02,3021.94580078125
2025-12-03,3064.638427734375
2025-12-04,3112.0537109375
2025-12-05,3120.727294921875
2025-12-08,3119.0888671875
2025-12-09,3091.911865234375
2025-12-10,3073.504638671875
2025-12-11,3076.10693359375
2025-12-12,3103.669189453125
2025-12-15,3113.017333984375
2025-12-16,3088.827880859375
2025-12-17,3101.067138671875
2025-12-18,3161.78173828125
2025-12-19,3162.938232421875
2025-12-22,3204.281982421875
2025-12-23,3189.922607421875
2025-12-24,3198.595947265625
2025-12-26,3161.010986328125
2025-12-29,3133.544677734375
2025-12-30,3129.01513671875
2025-12-31,3089.887939453125
2026-01-01,3110.31884765625
2026-01-02,3132.7734375
2026-01-05,3099.428955078125
2026-01-06,3137.688720703125
2026-01-07,3176.044921875
2026-01-08,3087.671630859375
2026-01-09,3091.43017578125
2026-01-12,3122.076416015625
2026-01-13,3149.4462890625
2026-01-14,3076.68505859375
2026-01-15,3076.68505859375
2026-01-16,3146.54931640625
2026-01-19,3104.258056640625
2026-01-20,3044.10791015625
2026-01-21,3064.027099609375
2026-01-22,3091.305419921875
2026-01-23,3103.178466796875
2026-01-27,3098.762939453125
2026-01-28,3140.073486328125
2026-01-29,3085.41796875
2026-01-30,3065.302734375
2026-02-02,3110.1455078125
2026-02-03,3164.80078125
2026-02-04,2942.84375
2026-02-05,2935.38623046875
2026-02-06,2886.422119140625
2026-02-09,2892.8984375
2026-02-10,2928.61572265625
2026-02-11,2855.21875
2026-02-12,2698.514404296875
2026-02-13,2641.700439453125
2026-02-16,2655.830322265625
2026-02-17,2666.427490234375
2026-02-18,2644.349609375
2026-02-19,2627.66845703125
2026-02-20,2635.81298828125
2026-02-23,2626.0986328125
2026-02-24,2525.423095703125
2026-02-25,2579.980224609375
2026-02-26,2598.03515625
2026-02-27,2587.92822265625
2026-03-02,2564.4765625
2026-03-04,2539.2587890625
2026-03-05,2530.427490234375
2026-03-06,2509.625244140625
2026-03-09,2479.99169921875
2026-03-10,2465.9599609375
2026-03-11,2418.6640625
2026-03-12,2396.5859375
2026-03-13,2365.284423828125
2026-03-16,2364.0087890625
2026-03-17,2346.837158203125
2026-03-18,2395.01611328125
2026-03-19,2311.806640625
2026-03-20,2345.7578125
2026-03-23,2339.085205078125
2026-03-24,2353.803955078125
2026-03-25,2332.80517578125
2026-03-27,2344.97265625
2026-03-30,2314.652099609375
2026-04-01,2363.02734375
2026-04-02,2404.730224609375
2026-04-06,2427.4951171875
2026-04-07,2492.1591796875
2026-04-08,2511.195068359375
2026-04-09,2540.436279296875
2026-04-10,2476.94970703125
2026-04-13,2426.2197265625
2026-04-15,2506.975830078125
2026-04-16,2528.56298828125
2026-04-17,2533.07666015625
2026-04-20,2531.212646484375
2026-04-21,2561.532958984375
2026-04-22,2490.883544921875
2026-04-23,2474.496826171875
2026-04-24,2351.939453125
2026-04-27,2401.6884765625
2026-04-28,2398.8427734375
2026-04-29,2428.280029296875
2026-04-30,2427.4951171875
2026-05-01,2427.4951171875
2026-05-04,2385.6943359375
2026-05-05,2381.76953125
2026-05-06,2389.71728515625
2026-05-07,2356.35498046875
2026-05-08,2349.486083984375
2026-05-11,2348.014404296875
2026-05-12,2257.151611328125
2026-05-13,2230.167236328125
2026-05-14,2203.8701171875
2026-05-15,2221.532470703125
2026-05-18,2240.3720703125
2026-05-19,2283.448974609375
2026-05-20,2283.7431640625
2026-05-21,2283.546875
2026-05-22,2273.83251953125
2026-05-25,2295.61328125
2026-05-26,2263.78759765625
2026-05-27,2271.744140625
2026-05-28,2271.744140625
2026-05-29,2246.58203125
2026-06-01,2284.8720703125
2026-06-02,2433.556884765625
2026-06-03,2229.475830078125
2026-06-04,2228.77978515625
2026-06-05,2186.9091796875
2026-06-08,2139.668212890625
2026-06-09,2139.2705078125
2026-06-10,2142.154541015625
2026-06-11,2123.95458984375
2026-06-12,2149.61376953125
2026-06-15,2150.21044921875
2026-06-16,2187.0087890625
2026-06-17,2210.8779296875
2026-06-18,2191.285400390625
2026-06-19,2113.412353515625
2026-06-22,2116.197021484375
2026-06-23,2048.368896484375
2026-06-24,2097.49951171875
2026-06-25,2083.27734375
2026-06-26,2083.27734375
2026-06-29,2086.4599609375
2026-06-30,2020.422119140625
2026-07-01,1971.788818359375
2026-07-02,2056.82275390625
2026-07-03,2082.083984375
2026-07-06,2046.3798828125
2026-07-07,2084.669921875
2026-07-08,2046.2803955078125
2026-07-09,2038.323974609375
2026-07-10,2057.717529296875
2026-07-13,2169.604248046875
2026-07-14,2188.60009765625
2026-07-15,2189.199951171875
2026-07-16,2201.0
2026-07-17,2269.0
2026-07-20,2251.10009765625
2026-07-21,2221.10009765625
2026-07-22,2208.300048828125
2026-07-23,2242.89990234375
2026-07-24,2254.300048828125
2026-07-27,2295.60009765625
2026-07-28,2398.0
2026-07-29,2446.60009765625
2026-07-30,2431.800048828125
2026-07-31,2365.60009765625
2026-08-03,2473.699951171875
2026-08-04,2460.0
2026-08-05,2413.0
2026-08-06,2373.0
2026-08-07,2452.699951171875
2026-08-10,2425.699951171875
2026-08-11,2445.699951171875
2026-08-12,2349.699951171875
2026-08-13,2375.0
2026-08-14,2361.0
2026-08-17,2313.199951171875
2026-08-18,2280.0
2026-08-19,2289.0
2026-08-20,2298.0
2026-08-21,2302.0
2026-08-24,2284.10009765625
2026-08-25,2296.199951171875
2026-08-26,2270.0
2026-08-27,2248.39990234375
2026-08-28,2342.0
2026-08-31,2399.300048828125
2026-09-01,2369.0
2026-09-02,2348.0
2026-09-03,2320.10009765625
2026-09-04,2304.0
2026-09-07,2270.0
2026-09-08,2255.5
2026-09-09,2208.0
2026-09-10,2204.10009765625
2026-09-11,2200.800048828125
2026-09-14,2200.800048828125
2026-09-15,2251.0
2026-09-16,2188.800048828125
2026-09-17,2190.0
2026-09-18,2105.0
2026-09-21,2128.699951171875
2026-09-22,2105.0
2026-09-23,2089.60009765625
2026-09-24,2087.0
2026-09-25,2082.0
2026-09-28,2070.699951171875
2026-09-29,2032.4000244140625
2026-09-30,2050.60009765625
2026-10-01,2075.0
